# Object Export From Tinkercad Server 2015

mtllib obj.mtl

o obj_0
v -22.7342 		47.0719 		0
v -28.7131 		47.4088 		0
v -30.2996 		47.5572 		0
v -8.5987 		45.0153 		0
v -9.9291 		45.1547 		0
v -13.3446 		45.9118 		0
v -4.0914 		44.8978 		0
v -7.2632 		44.9348 		0
v 0.3991 		44.9597 		0
v -0.9196 		44.9073 		0
v 3.7953 		46.0226 		0
v 1.6968 		45.1272 		0
v 7.5227 		49.0278 		0
v 5.7943 		47.1339 		0
v 9.4193 		51.4875 		0
v 9.1512 		51.0648 		0
v 9.8185 		53.9695 		0
v 9.6202 		51.9444 		0
v 9.9795 		59.1206 		0
v 9.9411 		56.0127 		0
v 9.7482 		63.6779 		0
v 9.9411 		62.2252 		0
v 9.2463 		65.6437 		0
v 9.4721 		65.1115 		0
v 8.4035 		66.6091 		0
v 8.9537 		66.1286 		0
v 2.7941 		67.1096 		0
v 7.7936 		66.9533 		0
v -18.0993 		69.3448 		0
v -10.1637 		68.3085 		0
v -2.2278 		67.2556 		0
v -26.6891 		69.3448 		0
v -22.3918 		69.4126 		0
v -28.9846 		69.1249 		0
v -27.8369 		69.2373 		0
v -34.6266 		69.0389 		0
v -33.0574 		69.1249 		0
v -31.0209 		69.1236 		0
v -37.7103 		68.6036 		0
v -36.1922 		68.905 		0
v -50.7801 		67.8879 		0
v -46.4742 		68.007 		0
v -42.1656 		68.0803 		0
v -60.6561 		79.5977 		0
v -60.3078 		78.7184 		0
v -60.6157 		72.3048 		0
v -61.9465 		80.7712 		0
v -61.1718 		80.3678 		0
v -63.6023 		80.7373 		0
v -62.7762 		81 		0
v -64.8233 		79.7005 		0
v -64.3806 		80.3128 		0
v -65.2534 		72.0762 		0
v -65.1211 		78.9933 		0
v -65.0402 		64.2826 		0
v -65.2198 		65.139 		0
v -63.7691 		62.5397 		0
v -64.7262 		63.4897 		0
v -62.1984 		61.3688 		0
v -62.7268 		61.6754 		0
v -56.0943 		61.7744 		0
v -61.6407 		61.1806 		0
v -38.8827 		62.8025 		0
v -44.7067 		62.5958 		0
v -50.5332 		62.3901 		0
v -35.6245 		63.4622 		0
v -37.2532 		63.13 		0
v -27.6147 		63.7406 		0
v -28.7625 		63.6271 		0
v -32.1957 		63.5648 		0
v -2.5981 		61.7579 		0
v -9.425 		62.6874 		0
v -16.248 		63.6821 		0
v -15.9024 		52.0269 		0
v -12.6163 		51.3554 		0
v -9.3367 		50.6249 		0
v -28.4169 		52.9065 		0
v -22.1541 		52.5255 		0
v -31.5517 		52.9065 		0
v -29.986 		52.9447 		0
v -34.8346 		52.2193 		0
v -33.2015 		52.6086 		0
v -36.0194 		51.5596 		0
v -35.4577 		51.9378 		0
v -36.8093 		49.8553 		0
v -36.4871 		50.7443 		0
v -36.4143 		46.5841 		0
v -36.6817 		48.2242 		0
v -35.4085 		42.1708 		0
v -35.9983 		44.7112 		0
v -35.427 		39.602 		0
v -35.4698 		40.766 		0
v -34.7993 		38.1084 		0
v -35.1927 		38.8964 		0
v -33.4029 		37.2929 		0
v -34.0434 		37.6838 		0
v -34.6892 		38.2902 		0
v -28.8118 		37.1829 		0
v -31.123 		37.1488 		0
v -26.4422 		37.7327 		0
v -27.6269 		37.4528 		0
v -20.5977 		38.0273 		0
v -22.7891 		37.7327 		0
v -24.6171 		37.7397 		0
v -16.3653 		36.6107 		0
v -17.9018 		37.5403 		0
v -18.168 		37.9299 		0
v -12.0087 		35.7452 		0
v -14.767 		35.891 		0
v -1.3628 		35.4291 		0
v -8.2341 		35.0643 		0
v -8.3418 		35.4364 		0
v 6.0188 		35.9489 		0
v 4.4367 		35.7535 		0
v 10.9665 		36.7936 		0
v 7.5961 		36.1934 		0
v 15.068 		37.8846 		0
v 14.31 		37.4853 		0
v 16.2799 		39.4337 		0
v 15.7417 		38.4199 		0
v 16.7889 		45.1697 		0
v 16.6549 		40.5366 		0
v 17.2227 		53.1539 		0
v 17.0404 		51.4908 		0
v 16.8524 		49.8278 		0
v 22.9739 		36.0559 		0
v 24.801 		36.1451 		0
v 26.627 		36.1659 		0
v 9.4721 		32.07 		0
v 16.2229 		34.0731 		0
v -11.5194 		31.6572 		0
v -10.0948 		31.7254 		0
v -9.2237 		31.6987 		0
v -13.6135 		31.8795 		0
v -13.1199 		31.8521 		0
v -12.9272 		31.7851 		0
v -18.4946 		31.8869 		0
v -14.1665 		31.9177 		0
v -14.0824 		31.9112 		0
v -28.2701 		32.8928 		0
v -27.3308 		32.7573 		0
v -26.3192 		32.506 		0
v -29.5827 		33.0368 		0
v -29.4106 		33.0441 		0
v -38.0163 		33.4405 		0
v -34.5262 		33.3086 		0
v -34.3244 		33.1974 		0
v -44.5598 		51.9719 		0
v -43.0639 		42.8633 		0
v -41.6225 		33.8018 		0
v -46.5839 		55.1331 		0
v -45.4652 		53.6155 		0
v -47.8674 		56.1227 		0
v -47.1907 		55.7027 		0
v -52.2857 		56.2326 		0
v -50.0615 		56.2479 		0
v -58.6294 		55.8203 		0
v -55.4639 		56.0749 		0
v -60.0116 		55.2156 		0
v -59.3627 		55.5944 		0
v -61.8135 		51.5321 		0
v -61.0727 		53.4491 		0
v -60.7275 		35.5886 		0
v -61.3559 		43.5912 		0
v -61.3395 		21.343 		0
v -61.2705 		23.3286 		0
v -61.0823 		24.6752 		0
v -60.8922 		17.8468 		0
v -61.2952 		19.3702 		0
v -59.696 		15.7506 		0
v -60.3325 		16.4015 		0
v -57.028 		15.1356 		0
v -58.9502 		15.2744 		0
v -53.7977 		15.3469 		0
v -55.075 		15.1645 		0
v -30.3054 		15.5779 		0
v -40.8855 		15.5741 		0
v -52.3465 		15.6512 		0
v -30.0707 		15.5768 		0
v -30.188 		15.5762 		0
v -26.5657 		15.7967 		0
v -28.3166 		15.6699 		0
v -23.1593 		16.4289 		0
v -24.8625 		16.1119 		0
v 0.0056 		16.2057 		0
v -0.9196 		16.209 		0
v -3.1893 		16.5465 		0
v 21.1446 		14.5691 		0
v 21.0429 		14.5762 		0
v 10.9876 		15.4029 		0
v 25.3682 		13.4327 		0
v 24.2941 		13.8299 		0
v 23.2207 		14.2298 		0
v 28.2068 		12.9104 		0
v 26.7833 		13.1451 		0
v 29.0213 		12.9379 		0
v 28.6185 		12.8909 		0
v 32.4523 		14.8071 		0
v 30.7693 		13.8154 		0
v 33.1928 		16.0991 		0
v 32.8862 		15.4065 		0
v 33.2916 		19.5902 		0
v 33.2621 		17.8349 		0
v 38.2961 		21.045 		0
v 37.932 		20.9921 		0
v 35.7333 		21.0263 		0
v 39.6105 		12.1682 		0
v 39.582 		13.6214 		0
v 39.5611 		15.082 		0
v 40.0301 		11.0961 		0
v 39.7777 		11.6092 		0
v 42.2022 		9.0895 		0
v 41.0848 		10.0563 		0
v 43.3871 		8.5397 		0
v 42.7787 		8.7529 		0
v 49.6073 		9.2269 		0
v 46.5268 		8.739 		0
v 52.7667 		11.8658 		0
v 51.2391 		10.427 		0
v 53.5319 		13.0753 		0
v 53.2183 		12.4343 		0
v 53.4579 		26.4348 		0
v 53.5561 		19.7371 		0
v 53.2851 		30.1458 		0
v 53.3944 		28.2921 		0
v 52.3224 		38.1176 		0
v 52.84 		34.1375 		0
v 50.5946 		47.0514 		0
v 51.4983 		42.5939 		0
v 59.601 		39.0345 		0
v 59.3572 		44.33 		0
v 59.6218 		47.9923 		0
v 60.2066 		32.1096 		0
v 59.9249 		33.7469 		0
v 62.5414 		7.1378 		0
v 62.4482 		10.1308 		0
v 62.3686 		13.1303 		0
v 62.9363 		5.8183 		0
v 62.6908 		6.4549 		0
v 64.8863 		3.7841 		0
v 63.8765 		4.7696 		0
v 65.8242 		3.2069 		0
v 65.3385 		3.4474 		0
v 62.3192 		1.0078 		0
v 64.7903 		0.2091 		0
v 67.2559 		-0.6141 		0
v 54.4699 		2.7121 		0
v 58.4024 		1.9049 		0
v 51.3598 		2.987 		0
v 52.9179 		2.8831 		0
v 46.5218 		2.987 		0
v 48.9384 		3.0361 		0
v 41.0915 		1.9424 		0
v 43.8057 		2.4818 		0
v 38.4997 		1.8324 		0
v 39.7786 		1.9322 		0
v 35.6365 		-0.3117 		0
v 37.0174 		0.8542 		0
v 35.0934 		-1.7136 		0
v 35.2958 		-0.9774 		0
v 35.4884 		-4.9848 		0
v 35.2711 		-3.342 		0
v 35.7023 		-13.19 		0
v 35.6365 		-12.6541 		0
v 35.5681 		-8.8195 		0
v 36.357 		-14.4557 		0
v 35.8339 		-13.6987 		0
v 38.2025 		-15.4895 		0
v 36.9694 		-15.1006 		0
v 41.9643 		-16.1376 		0
v 39.4871 		-15.7604 		0
v 45.8552 		-16.4828 		0
v 44.4484 		-16.4476 		0
v 49.4979 		-15.9863 		0
v 47.2623 		-16.4476 		0
v 38.6232 		-21.8079 		0
v 43.3046 		-21.7475 		0
v 48.0028 		-21.7529 		0
v 37.6172 		-22.2803 		0
v 38.1598 		-21.9701 		0
v 37.389 		-22.3027 		0
v 37.489 		-22.2896 		0
v 36.4757 		-22.8799 		0
v 36.9113 		-22.544 		0
v 35.7352 		-24.1719 		0
v 36.0486 		-23.4944 		0
v 35.6365 		-29.7796 		0
v 35.6534 		-26.962 		0
v 34.5474 		-43.5194 		0
v 34.5751 		-42.8918 		0
v 34.8542 		-41.1753 		0
v 34.9378 		-44.7796 		0
v 34.5998 		-44.1288 		0
v 35.4143 		-47.2075 		0
v 35.4023 		-46.4805 		0
v 35.4187 		-45.504 		0
v 35.7105 		-48.3345 		0
v 35.5208 		-47.7886 		0
v 37.7592 		-50.7535 		0
v 36.7 		-49.5754 		0
v 38.6725 		-51.3033 		0
v 38.197 		-51.0773 		0
v 43.6339 		-51.4133 		0
v 41.1464 		-51.3744 		0
v 49.5456 		-51.9627 		0
v 48.5459 		-51.963 		0
v 46.0902 		-51.6835 		0
v 55.2844 		-52.5128 		0
v 52.914 		-52.2554 		0
v 50.5452 		-51.963 		0
v 67.5027 		-52.5128 		0
v 61.4038 		-52.6113 		0
v 70.0945 		-51.3858 		0
v 68.8148 		-52.0277 		0
v 70.6622 		-50.946 		0
v 70.3942 		-51.1869 		0
v 71.3533 		-49.599 		0
v 71.0664 		-50.2945 		0
v 70.8843 		-45.3932 		0
v 71.1888 		-47.4998 		0
v 70.2673 		-43.7989 		0
v 70.5872 		-44.5938 		0
v 66.5647 		-30.082 		0
v 68.423 		-36.9372 		0
v 65.7008 		-28.0478 		0
v 66.1682 		-29.0438 		0
v 64.6888 		-26.8933 		0
v 65.2289 		-27.421 		0
v 63.0103 		-26.5909 		0
v 63.858 		-26.6574 		0
v 61.554 		-27.5805 		0
v 62.2392 		-27.0067 		0
v 61.011 		-29.3948 		0
v 61.1947 		-28.4589 		0
v 61.9736 		-32.0612 		0
v 61.453 		-30.7243 		0
v 65.9727 		-46.362 		0
v 65.5774 		-45.5032 		0
v 63.7811 		-38.78 		0
v 49.9775 		-46.479 		0
v 51.0883 		-46.4928 		0
v 53.3091 		-46.7698 		0
v 44.0782 		-45.9155 		0
v 46.4727 		-46.1842 		0
v 48.8668 		-46.4653 		0
v 39.8904 		-43.5352 		0
v 40.1042 		-43.8539 		0
v 40.2116 		-44.9651 		0
v 39.9807 		-40.3628 		0
v 39.8092 		-41.5614 		0
v 39.5408 		-43.1359 		0
v 40.4004 		-34.4802 		0
v 40.2254 		-37.4255 		0
v 40.5592 		-27.1912 		0
v 40.488 		-31.2489 		0
v 48.225 		-27.2507 		0
v 44.8363 		-27.2506 		0
v 50.4712 		-27.0582 		0
v 49.352 		-27.1901 		0
v 52.7174 		-26.2886 		0
v 51.6097 		-26.7218 		0
v 54.9142 		-24.6392 		0
v 53.843 		-25.5095 		0
v 55.7287 		-23.4297 		0
v 55.3817 		-24.0716 		0
v 56.4446 		-14.331 		0
v 56.1513 		-18.8986 		0
v 56.2471 		-12.984 		0
v 56.3976 		-13.6402 		0
v 54.2724 		-10.4001 		0
v 55.313 		-11.6406 		0
v 52.9642 		-9.9053 		0
v 53.6418 		-10.0772 		0
v 50.2984 		-10.5375 		0
v 51.6351 		-10.1916 		0
v 44.0141 		-2.9964 		0
v 41.289 		-3.5554 		0
v 40.7156 		-3.495 		0
v 67.1274 		-6.2056 		0
v 65.9723 		-5.9194 		0
v 63.5557 		-5.1116 		0
v 71.063 		-6.4798 		0
v 68.2926 		-6.4142 		0
v 74.4744 		-6.1579 		0
v 73.8217 		-6.4142 		0
v 76.0246 		-4.2619 		0
v 75.0558 		-5.7545 		0
v 76.8259 		1.0123 		0
v 76.759 		-2.6482 		0
v 76.0247 		6.2223 		0
v 76.5862 		4.6913 		0
v 74.7278 		8.1512 		0
v 75.278 		7.66 		0
v 70.5102 		8.2684 		0
v 74.0932 		8.4847 		0
v 65.8892 		26.6963 		0
v 66.9103 		19.1503 		0
v 66.9444 		13.556 		0
v 64.2198 		52.7691 		0
v 64.3089 		48.5696 		0
v 64.2939 		44.33 		0
v 62.9857 		55.1606 		0
v 63.6863 		53.9991 		0
v 62.023 		56.1502 		0
v 62.5396 		55.7191 		0
v 57.2838 		56.645 		0
v 59.6744 		56.47 		0
v 50.1997 		56.645 		0
v 53.7425 		56.658 		0
v 46.1516 		56.8374 		0
v 48.1681 		56.7725 		0
v 44.8927 		56.1777 		0
v 45.4906 		56.5768 		0
v 44.0782 		54.5283 		0
v 44.411 		55.393 		0
v 44.4484 		50.6249 		0
v 44.1842 		52.5813 		0
v 45.806 		45.7869 		0
v 45.1089 		48.2025 		0
v 43.8891 		19.9147 		0
v 44.4978 		15.2194 		0
v 44.4528 		14.6297 		0
v 42.5987 		25.2693 		0
v 43.1402 		24.5381 		0
v 41.2235 		26.0297 		0
v 41.9061 		25.8576 		0
v 40.1767 		25.8981 		0
v 40.5238 		26.05 		0
v 38.6232 		26.3799 		0
v 39.168 		26.0833 		0
v 39.7176 		25.6282 		0
v 34.2048 		26.4898 		0
v 36.4258 		26.4979 		0
v 31.0454 		26.16 		0
v 32.6135 		26.3784 		0
v 29.8852 		25.3353 		0
v 30.4141 		25.8187 		0
v 28.4536 		20.7722 		0
v 29.1007 		23.0954 		0
v 23.2876 		19.7732 		0
v 24.7017 		19.4802 		0
v 25.7263 		19.1074 		0
v 15.633 		20.5651 		0
v 21.8631 		20.0025 		0
v 4.3371 		21.3827 		0
v 9.398 		21.0745 		0
v -4.9677 		22.3115 		0
v -2.8444 		22.0253 		0
v -0.7222 		21.7068 		0
v -18.4695 		22.339 		0
v -11.7174 		22.3835 		0
v -23.7271 		21.8992 		0
v -21.1008 		22.1593 		0
v -26.8619 		21.2945 		0
v -25.2946 		21.5975 		0
v -53.2731 		21.0471 		0
v -53.1598 		21.0557 		0
v -53.0423 		21.0473 		0
v -56.0129 		25.1979 		0
v -56.1855 		23.9468 		0
v -56.3585 		22.6964 		0
v -55.7908 		30.2833 		0
v -55.8816 		27.739 		0
v -55.7908 		35.5886 		0
v -55.7741 		32.9359 		0
v -55.9882 		39.9043 		0
v -55.8726 		37.7474 		0
v -47.2654 		37.3677 		0
v -48.1883 		42.8731 		0
v -48.6747 		46.3758 		0
v -46.0183 		30.9632 		0
v -46.2877 		31.8776 		0
v -45.2162 		29.5018 		0
v -45.6706 		30.0909 		0
v -43.0663 		28.4957 		0
v -44.6833 		29.0188 		0
v -33.506 		27.7742 		0
v -41.4004 		28.1392 		0
v -12.7309 		26.3992 		0
v -14.2486 		26.4074 		0
v -19.9251 		26.9371 		0
v -8.9664 		26.2149 		0
v -10.0896 		26.3072 		0
v -11.2126 		26.4074 		0
v 5.6215 		26.1874 		0
v -1.6719 		26.1633 		0
v 10.1385 		26.6273 		0
v 7.8887 		26.3329 		0
v 23.3195 		30.5582 		0
v 16.7314 		28.5891 		0
v 26.851 		30.6507 		0
v 25.7878 		30.5582 		0
v 24.5487 		30.5945 		0
v 28.3289 		30.8725 		0
v 27.9106 		30.7781 		0
v 29.8711 		32.036 		0
v 28.7251 		31.0255 		0
v 31.3676 		33.6496 		0
v 30.9713 		33.1146 		0
v 32.164 		39.1596 		0
v 31.6624 		34.2417 		0
v 32.5813 		46.1985 		0
v 32.551 		44.1101 		0
v 32.3946 		51.6997 		0
v 32.551 		48.2884 		0
v 31.9132 		57.0347 		0
v 32.1808 		55.1056 		0
v 31.2255 		60.6423 		0
v 31.5884 		58.954 		0
v 30.2021 		63.8772 		0
v 30.7985 		62.3077 		0
v 28.1144 		66.4348 		0
v 29.4656 		65.3314 		0
v 24.8079 		67.5829 		0
v 26.627 		67.3106 		0
v 20.4426 		67.5042 		0
v 22.9492 		67.668 		0
v 16.3 		67.005 		0
v 17.9385 		67.2556 		0
v 14.2034 		66.4248 		0
v 14.6803 		66.6784 		0
v 13.0448 		64.5907 		0
v 13.7917 		66.0736 		0
v 12.3457 		58.4485 		0
v 12.4835 		63.0224 		0
v 11.9404 		50.4875 		0
v 12.1234 		52.1643 		0
v 12.3107 		53.8411 		0
v -3.7829 		41.966 		0
v -3.3866 		41.5132 		0
v -2.9655 		40.8363 		0
v -6.893 		43.1205 		0
v -5.3014 		42.6202 		0
v -11.5828 		43.7802 		0
v -9.23 		43.5103 		0
v -18.2967 		43.7802 		0
v -14.9393 		43.8338 		0
v -22.8385 		43.2305 		0
v -20.5678 		43.5104 		0
v -26.9359 		43.2305 		0
v -24.8888 		43.2373 		0
v -29.2068 		42.6807 		0
v -28.0714 		42.9575 		0
v -30.9699 		43.4192 		0
v -30.8092 		43.0429 		0
v -30.6597 		42.6585 		0
v -16.7663 		46.6116 		0
v -39.2282 		68.3002 		0
v -55.9092 		66.9042 		0
v 1.4752 		61.9134 		0
v -18.4448 		38.255 		0
v -8.455 		35.7505 		0
v 17.019 		57.5814 		0
v -8.5715 		31.6852 		0
v -12.7676 		31.7402 		0
v -14.0018 		31.9051 		0
v -25.3068 		32.2625 		0
v -29.7251 		33.0321 		0
v -34.1681 		33.1421 		0
v -60.9002 		26.0225 		0
v -5.4614 		16.8413 		0
v 38.7512 		21.1543 		0
v 49.7603 		49.3434 		0
v 35.1181 		-39.4557 		0
v 55.5313 		-47.0151 		0
v 42.1617 		-46.0001 		0
v 40.4004 		-45.9155 		0
v 40.2769 		-3.5554 		0
v 61.1344 		-4.325 		0
v 64.8616 		34.2417 		0
v 44.4978 		14.1749 		0
v 28.4387 		19.598 		0
v 26.7505 		18.738 		0
v -41.6178 		21.0468 		0
v -49.2003 		49.8553 		0
v -25.603 		27.4519 		0
v 12.1881 		46.2472 		0
v -40.695 		68.1679 		0
v -60.2832 		66.7883 		0
v -26.4669 		63.847 		0
v 5.0044 		61.5655 		0
v -34.7417 		38.2065 		0
v -1.5854 		31.651 		0
v -40.5858 		33.5544 		0
v -60.7565 		30.805 		0
v 0.9316 		16.209 		0
v 33.395 		20.3437 		0
v 60.5173 		30.4757 		0
v 35.4065 		-34.6206 		0
v 48.758 		-10.7678 		0
v 46.744 		-2.5108 		0
v 64.5258 		39.2809 		0
v 28.3549 		18.5731 		0
v -53.3902 		20.982 		0
v -56.465 		21.5667 		0
v -56.7568 		45.509 		0
v -8.1172 		50.4873 		0
v -31.9585 		33.0251 		0
v 22.2367 		14.4108 		0
v 39.2199 		17.736 		0
v 61.0958 		26.1636 		0
v 62.0272 		17.4902 		0
v 68.1407 		-0.8208 		0
v 48.8963 		-21.7002 		0
v 47.213 		-10.9498 		0
v 57.3556 		-3.4255 		0
v 27.6125 		18.5579 		0
v -30.1941 		21.0745 		0
v -6.893 		50.405 		0
v 17.2474 		61.538 		0
v -23.779 		32.0663 		0
v -20.7428 		16.6724 		0
v 21.2461 		14.5597 		0
v 49.4345 		51.1747 		0
v 61.6281 		21.8442 		0
v 51.3845 		-15.8978 		0
v 53.5566 		-2.6757 		0
v -53.5425 		20.8976 		0
v -56.8768 		50.46 		0
v 11.9157 		42.5433 		0
v -22.4684 		63.8695 		0
v -22.2461 		31.9326 		0
v -18.3214 		16.8413 		0
v 69.0331 		-0.9714 		0
v 66.1204 		-47.0151 		0
v -28.526 		21.1552 		0
v -55.2184 		20.6648 		0
v -29.8218 		42.6561 		0
v -18.4695 		63.847 		0
v 59.3572 		51.0373 		0
v 70.5491 		-1.1198 		0
v -41.1656 		33.5993 		0
v 60.9567 		-47.1422 		0
v -17.3576 		63.7837 		0
v -56.3585 		20.6622 		0
v 5.3201 		58.0052 		0
v 4.881 		53.9511 		0
v 49.7801 		-21.588 		0
v 4.0042 		52.7043 		0
v 50.4944 		-21.3599 		0
v 2.8816 		51.6145 		0
v 1.9216 		51.045 		0
v 51.0636 		-20.9832 		0
v 0.907 		50.5975 		0
v 51.4658 		-18.2918 		0
v -0.0977 		50.4612 		0
v -1.1171 		50.405 		0
v 46.0404 		-10.9784 		0
v -4.0051 		50.3828 		0
v 44.8681 		-10.9498 		0
v 42.5401 		-10.8626 		0
v 40.5731 		-10.3726 		0
v -31.5023 		47.3538 		0
v -31.3925 		45.8072 		0
v 40.1771 		-7.0777 		0
v 50.152 		-2.4931 		0
v 1.0411 		41.0466 		0
v 3.9924 		41.2513 		0
v 71.8223 		-0.9714 		0
v 8.2366 		41.5872 		0
v 72.0465 		1.1156 		0
v 71.6989 		3.0969 		0
v 68.9164 		3.3015 		0
v 19.7268 		62.1134 		0
v 67.4534 		8.5947 		0
v 22.6777 		62.1702 		0
v 23.8683 		62.1374 		0
v 25.0473 		62.0147 		0
v 25.4131 		61.8356 		0
v 54.4052 		51.6404 		0
v 25.7138 		61.5655 		0
v 26.2623 		59.8061 		0
v 26.7258 		57.9919 		0
v 27.0298 		56.2391 		0
v 46.285 		43.6625 		0
v 27.2688 		54.4734 		0
v 27.4677 		51.3833 		0
v 46.7193 		41.5262 		0
v 27.6144 		48.2884 		0
v 47.3811 		37.4773 		0
v 47.9782 		33.417 		0
v 27.6399 		46.4187 		0
v 48.3066 		29.9302 		0
v 27.6144 		44.5499 		0
v 48.5459 		26.4348 		0
v 27.3168 		40.5111 		0
v 48.6519 		20.7773 		0
v 26.9479 		36.4957 		0
v 48.6199 		15.1645 		0
v 26.8151 		36.2987 		0
v 48.3548 		14.823 		0
v 47.9782 		14.5872 		0
v 7.4436 		31.8099 		0
v 46.1937 		14.2836 		0
v 5.3993 		31.6852 		0
v 33.6371 		20.9371 		0
v -49.4423 		50.3689 		0
v -11.8902 		16.8987 		0
v -49.7927 		50.7349 		0
v -53.6418 		50.9839 		0
v -30.2996 		47.5572 		34
v -28.7131 		47.4088 		34
v -22.7342 		47.0719 		34
v -13.3446 		45.9118 		34
v -9.9291 		45.1547 		34
v -8.5987 		45.0153 		34
v -7.2632 		44.9348 		34
v -4.0914 		44.8978 		34
v -0.9196 		44.9073 		34
v 0.3991 		44.9597 		34
v 1.6968 		45.1272 		34
v 3.7953 		46.0226 		34
v 5.7943 		47.1339 		34
v 7.5227 		49.0278 		34
v 9.1512 		51.0648 		34
v 9.4193 		51.4875 		34
v 9.6202 		51.9444 		34
v 9.8185 		53.9695 		34
v 9.9411 		56.0127 		34
v 9.9795 		59.1206 		34
v 9.9411 		62.2252 		34
v 9.7482 		63.6779 		34
v 9.4721 		65.1115 		34
v 9.2463 		65.6437 		34
v 8.9537 		66.1286 		34
v 8.4035 		66.6091 		34
v 7.7936 		66.9533 		34
v 2.7941 		67.1096 		34
v -2.2278 		67.2556 		34
v -10.1637 		68.3085 		34
v -18.0993 		69.3448 		34
v -22.3918 		69.4126 		34
v -26.6891 		69.3448 		34
v -27.8369 		69.2373 		34
v -28.9846 		69.1249 		34
v -31.0209 		69.1236 		34
v -33.0574 		69.1249 		34
v -34.6266 		69.0389 		34
v -36.1922 		68.905 		34
v -37.7103 		68.6036 		34
v -42.1656 		68.0803 		34
v -46.4742 		68.007 		34
v -50.7801 		67.8879 		34
v -60.6157 		72.3048 		34
v -60.3078 		78.7184 		34
v -60.6561 		79.5977 		34
v -61.1718 		80.3678 		34
v -61.9465 		80.7712 		34
v -62.7762 		81 		34
v -63.6023 		80.7373 		34
v -64.3806 		80.3128 		34
v -64.8233 		79.7005 		34
v -65.1211 		78.9933 		34
v -65.2534 		72.0762 		34
v -65.2198 		65.139 		34
v -65.0402 		64.2826 		34
v -64.7262 		63.4897 		34
v -63.7691 		62.5397 		34
v -62.7268 		61.6754 		34
v -62.1984 		61.3688 		34
v -61.6407 		61.1806 		34
v -56.0943 		61.7744 		34
v -50.5332 		62.3901 		34
v -44.7067 		62.5958 		34
v -38.8827 		62.8025 		34
v -37.2532 		63.13 		34
v -35.6245 		63.4622 		34
v -32.1957 		63.5648 		34
v -28.7625 		63.6271 		34
v -27.6147 		63.7406 		34
v -16.248 		63.6821 		34
v -9.425 		62.6874 		34
v -2.5981 		61.7579 		34
v -9.3367 		50.6249 		34
v -12.6163 		51.3554 		34
v -15.9024 		52.0269 		34
v -22.1541 		52.5255 		34
v -28.4169 		52.9065 		34
v -29.986 		52.9447 		34
v -31.5517 		52.9065 		34
v -33.2015 		52.6086 		34
v -34.8346 		52.2193 		34
v -35.4577 		51.9378 		34
v -36.0194 		51.5596 		34
v -36.4871 		50.7443 		34
v -36.8093 		49.8553 		34
v -36.6817 		48.2242 		34
v -36.4143 		46.5841 		34
v -35.9983 		44.7112 		34
v -35.4085 		42.1708 		34
v -35.4698 		40.766 		34
v -35.427 		39.602 		34
v -35.1927 		38.8964 		34
v -34.7993 		38.1084 		34
v -34.6892 		38.2902 		34
v -34.0434 		37.6838 		34
v -33.4029 		37.2929 		34
v -31.123 		37.1488 		34
v -28.8118 		37.1829 		34
v -27.6269 		37.4528 		34
v -26.4422 		37.7327 		34
v -24.6171 		37.7397 		34
v -22.7891 		37.7327 		34
v -20.5977 		38.0273 		34
v -18.168 		37.9299 		34
v -17.9018 		37.5403 		34
v -16.3653 		36.6107 		34
v -14.767 		35.891 		34
v -12.0087 		35.7452 		34
v -8.3418 		35.4364 		34
v -8.2341 		35.0643 		34
v -1.3628 		35.4291 		34
v 4.4367 		35.7535 		34
v 6.0188 		35.9489 		34
v 7.5961 		36.1934 		34
v 10.9665 		36.7936 		34
v 14.31 		37.4853 		34
v 15.068 		37.8846 		34
v 15.7417 		38.4199 		34
v 16.2799 		39.4337 		34
v 16.6549 		40.5366 		34
v 16.7889 		45.1697 		34
v 16.8524 		49.8278 		34
v 17.0404 		51.4908 		34
v 17.2227 		53.1539 		34
v 26.627 		36.1659 		34
v 24.801 		36.1451 		34
v 22.9739 		36.0559 		34
v 16.2229 		34.0731 		34
v 9.4721 		32.07 		34
v -9.2237 		31.6987 		34
v -10.0948 		31.7254 		34
v -11.5194 		31.6572 		34
v -12.9272 		31.7851 		34
v -13.1199 		31.8521 		34
v -13.6135 		31.8795 		34
v -14.0824 		31.9112 		34
v -14.1665 		31.9177 		34
v -18.4946 		31.8869 		34
v -26.3192 		32.506 		34
v -27.3308 		32.7573 		34
v -28.2701 		32.8928 		34
v -29.4106 		33.0441 		34
v -29.5827 		33.0368 		34
v -34.3244 		33.1974 		34
v -34.5262 		33.3086 		34
v -38.0163 		33.4405 		34
v -41.6225 		33.8018 		34
v -43.0639 		42.8633 		34
v -44.5598 		51.9719 		34
v -45.4652 		53.6155 		34
v -46.5839 		55.1331 		34
v -47.1907 		55.7027 		34
v -47.8674 		56.1227 		34
v -50.0615 		56.2479 		34
v -52.2857 		56.2326 		34
v -55.4639 		56.0749 		34
v -58.6294 		55.8203 		34
v -59.3627 		55.5944 		34
v -60.0116 		55.2156 		34
v -61.0727 		53.4491 		34
v -61.8135 		51.5321 		34
v -61.3559 		43.5912 		34
v -60.7275 		35.5886 		34
v -61.0823 		24.6752 		34
v -61.2705 		23.3286 		34
v -61.3395 		21.343 		34
v -61.2952 		19.3702 		34
v -60.8922 		17.8468 		34
v -60.3325 		16.4015 		34
v -59.696 		15.7506 		34
v -58.9502 		15.2744 		34
v -57.028 		15.1356 		34
v -55.075 		15.1645 		34
v -53.7977 		15.3469 		34
v -52.3465 		15.6512 		34
v -40.8855 		15.5741 		34
v -30.3054 		15.5779 		34
v -30.188 		15.5762 		34
v -30.0707 		15.5768 		34
v -28.3166 		15.6699 		34
v -26.5657 		15.7967 		34
v -24.8625 		16.1119 		34
v -23.1593 		16.4289 		34
v -3.1893 		16.5465 		34
v -0.9196 		16.209 		34
v 0.0056 		16.2057 		34
v 10.9876 		15.4029 		34
v 21.0429 		14.5762 		34
v 21.1446 		14.5691 		34
v 23.2207 		14.2298 		34
v 24.2941 		13.8299 		34
v 25.3682 		13.4327 		34
v 26.7833 		13.1451 		34
v 28.2068 		12.9104 		34
v 28.6185 		12.8909 		34
v 29.0213 		12.9379 		34
v 30.7693 		13.8154 		34
v 32.4523 		14.8071 		34
v 32.8862 		15.4065 		34
v 33.1928 		16.0991 		34
v 33.2621 		17.8349 		34
v 33.2916 		19.5902 		34
v 35.7333 		21.0263 		34
v 37.932 		20.9921 		34
v 38.2961 		21.045 		34
v 39.5611 		15.082 		34
v 39.582 		13.6214 		34
v 39.6105 		12.1682 		34
v 39.7777 		11.6092 		34
v 40.0301 		11.0961 		34
v 41.0848 		10.0563 		34
v 42.2022 		9.0895 		34
v 42.7787 		8.7529 		34
v 43.3871 		8.5397 		34
v 46.5268 		8.739 		34
v 49.6073 		9.2269 		34
v 51.2391 		10.427 		34
v 52.7667 		11.8658 		34
v 53.2183 		12.4343 		34
v 53.5319 		13.0753 		34
v 53.5561 		19.7371 		34
v 53.4579 		26.4348 		34
v 53.3944 		28.2921 		34
v 53.2851 		30.1458 		34
v 52.84 		34.1375 		34
v 52.3224 		38.1176 		34
v 51.4983 		42.5939 		34
v 50.5946 		47.0514 		34
v 59.6218 		47.9923 		34
v 59.3572 		44.33 		34
v 59.601 		39.0345 		34
v 59.9249 		33.7469 		34
v 60.2066 		32.1096 		34
v 62.3686 		13.1303 		34
v 62.4482 		10.1308 		34
v 62.5414 		7.1378 		34
v 62.6908 		6.4549 		34
v 62.9363 		5.8183 		34
v 63.8765 		4.7696 		34
v 64.8863 		3.7841 		34
v 65.3385 		3.4474 		34
v 65.8242 		3.2069 		34
v 67.2559 		-0.6141 		34
v 64.7903 		0.2091 		34
v 62.3192 		1.0078 		34
v 58.4024 		1.9049 		34
v 54.4699 		2.7121 		34
v 52.9179 		2.8831 		34
v 51.3598 		2.987 		34
v 48.9384 		3.0361 		34
v 46.5218 		2.987 		34
v 43.8057 		2.4818 		34
v 41.0915 		1.9424 		34
v 39.7786 		1.9322 		34
v 38.4997 		1.8324 		34
v 37.0174 		0.8542 		34
v 35.6365 		-0.3117 		34
v 35.2958 		-0.9774 		34
v 35.0934 		-1.7136 		34
v 35.2711 		-3.342 		34
v 35.4884 		-4.9848 		34
v 35.5681 		-8.8195 		34
v 35.6365 		-12.6541 		34
v 35.7023 		-13.19 		34
v 35.8339 		-13.6987 		34
v 36.357 		-14.4557 		34
v 36.9694 		-15.1006 		34
v 38.2025 		-15.4895 		34
v 39.4871 		-15.7604 		34
v 41.9643 		-16.1376 		34
v 44.4484 		-16.4476 		34
v 45.8552 		-16.4828 		34
v 47.2623 		-16.4476 		34
v 49.4979 		-15.9863 		34
v 48.0028 		-21.7529 		34
v 43.3046 		-21.7475 		34
v 38.6232 		-21.8079 		34
v 38.1598 		-21.9701 		34
v 37.6172 		-22.2803 		34
v 37.489 		-22.2896 		34
v 37.389 		-22.3027 		34
v 36.9113 		-22.544 		34
v 36.4757 		-22.8799 		34
v 36.0486 		-23.4944 		34
v 35.7352 		-24.1719 		34
v 35.6534 		-26.962 		34
v 35.6365 		-29.7796 		34
v 34.8542 		-41.1753 		34
v 34.5751 		-42.8918 		34
v 34.5474 		-43.5194 		34
v 34.5998 		-44.1288 		34
v 34.9378 		-44.7796 		34
v 35.4187 		-45.504 		34
v 35.4023 		-46.4805 		34
v 35.4143 		-47.2075 		34
v 35.5208 		-47.7886 		34
v 35.7105 		-48.3345 		34
v 36.7 		-49.5754 		34
v 37.7592 		-50.7535 		34
v 38.197 		-51.0773 		34
v 38.6725 		-51.3033 		34
v 41.1464 		-51.3744 		34
v 43.6339 		-51.4133 		34
v 46.0902 		-51.6835 		34
v 48.5459 		-51.963 		34
v 49.5456 		-51.9627 		34
v 50.5452 		-51.963 		34
v 52.914 		-52.2554 		34
v 55.2844 		-52.5128 		34
v 61.4038 		-52.6113 		34
v 67.5027 		-52.5128 		34
v 68.8148 		-52.0277 		34
v 70.0945 		-51.3858 		34
v 70.3942 		-51.1869 		34
v 70.6622 		-50.946 		34
v 71.0664 		-50.2945 		34
v 71.3533 		-49.599 		34
v 71.1888 		-47.4998 		34
v 70.8843 		-45.3932 		34
v 70.5872 		-44.5938 		34
v 70.2673 		-43.7989 		34
v 68.423 		-36.9372 		34
v 66.5647 		-30.082 		34
v 66.1682 		-29.0438 		34
v 65.7008 		-28.0478 		34
v 65.2289 		-27.421 		34
v 64.6888 		-26.8933 		34
v 63.858 		-26.6574 		34
v 63.0103 		-26.5909 		34
v 62.2392 		-27.0067 		34
v 61.554 		-27.5805 		34
v 61.1947 		-28.4589 		34
v 61.011 		-29.3948 		34
v 61.453 		-30.7243 		34
v 61.9736 		-32.0612 		34
v 63.7811 		-38.78 		34
v 65.5774 		-45.5032 		34
v 65.9727 		-46.362 		34
v 53.3091 		-46.7698 		34
v 51.0883 		-46.4928 		34
v 49.9775 		-46.479 		34
v 48.8668 		-46.4653 		34
v 46.4727 		-46.1842 		34
v 44.0782 		-45.9155 		34
v 40.2116 		-44.9651 		34
v 40.1042 		-43.8539 		34
v 39.8904 		-43.5352 		34
v 39.5408 		-43.1359 		34
v 39.8092 		-41.5614 		34
v 39.9807 		-40.3628 		34
v 40.2254 		-37.4255 		34
v 40.4004 		-34.4802 		34
v 40.488 		-31.2489 		34
v 40.5592 		-27.1912 		34
v 44.8363 		-27.2506 		34
v 48.225 		-27.2507 		34
v 49.352 		-27.1901 		34
v 50.4712 		-27.0582 		34
v 51.6097 		-26.7218 		34
v 52.7174 		-26.2886 		34
v 53.843 		-25.5095 		34
v 54.9142 		-24.6392 		34
v 55.3817 		-24.0716 		34
v 55.7287 		-23.4297 		34
v 56.1513 		-18.8986 		34
v 56.4446 		-14.331 		34
v 56.3976 		-13.6402 		34
v 56.2471 		-12.984 		34
v 55.313 		-11.6406 		34
v 54.2724 		-10.4001 		34
v 53.6418 		-10.0772 		34
v 52.9642 		-9.9053 		34
v 51.6351 		-10.1916 		34
v 50.2984 		-10.5375 		34
v 40.7156 		-3.495 		34
v 41.289 		-3.5554 		34
v 44.0141 		-2.9964 		34
v 63.5557 		-5.1116 		34
v 65.9723 		-5.9194 		34
v 67.1274 		-6.2056 		34
v 68.2926 		-6.4142 		34
v 71.063 		-6.4798 		34
v 73.8217 		-6.4142 		34
v 74.4744 		-6.1579 		34
v 75.0558 		-5.7545 		34
v 76.0246 		-4.2619 		34
v 76.759 		-2.6482 		34
v 76.8259 		1.0123 		34
v 76.5862 		4.6913 		34
v 76.0247 		6.2223 		34
v 75.278 		7.66 		34
v 74.7278 		8.1512 		34
v 74.0932 		8.4847 		34
v 70.5102 		8.2684 		34
v 66.9444 		13.556 		34
v 66.9103 		19.1503 		34
v 65.8892 		26.6963 		34
v 64.2939 		44.33 		34
v 64.3089 		48.5696 		34
v 64.2198 		52.7691 		34
v 63.6863 		53.9991 		34
v 62.9857 		55.1606 		34
v 62.5396 		55.7191 		34
v 62.023 		56.1502 		34
v 59.6744 		56.47 		34
v 57.2838 		56.645 		34
v 53.7425 		56.658 		34
v 50.1997 		56.645 		34
v 48.1681 		56.7725 		34
v 46.1516 		56.8374 		34
v 45.4906 		56.5768 		34
v 44.8927 		56.1777 		34
v 44.411 		55.393 		34
v 44.0782 		54.5283 		34
v 44.1842 		52.5813 		34
v 44.4484 		50.6249 		34
v 45.1089 		48.2025 		34
v 45.806 		45.7869 		34
v 44.4528 		14.6297 		34
v 44.4978 		15.2194 		34
v 43.8891 		19.9147 		34
v 43.1402 		24.5381 		34
v 42.5987 		25.2693 		34
v 41.9061 		25.8576 		34
v 41.2235 		26.0297 		34
v 40.5238 		26.05 		34
v 40.1767 		25.8981 		34
v 39.7176 		25.6282 		34
v 39.168 		26.0833 		34
v 38.6232 		26.3799 		34
v 36.4258 		26.4979 		34
v 34.2048 		26.4898 		34
v 32.6135 		26.3784 		34
v 31.0454 		26.16 		34
v 30.4141 		25.8187 		34
v 29.8852 		25.3353 		34
v 29.1007 		23.0954 		34
v 28.4536 		20.7722 		34
v 25.7263 		19.1074 		34
v 24.7017 		19.4802 		34
v 23.2876 		19.7732 		34
v 21.8631 		20.0025 		34
v 15.633 		20.5651 		34
v 9.398 		21.0745 		34
v 4.3371 		21.3827 		34
v -0.7222 		21.7068 		34
v -2.8444 		22.0253 		34
v -4.9677 		22.3115 		34
v -11.7174 		22.3835 		34
v -18.4695 		22.339 		34
v -21.1008 		22.1593 		34
v -23.7271 		21.8992 		34
v -25.2946 		21.5975 		34
v -26.8619 		21.2945 		34
v -53.0423 		21.0473 		34
v -53.1598 		21.0557 		34
v -53.2731 		21.0471 		34
v -56.3585 		22.6964 		34
v -56.1855 		23.9468 		34
v -56.0129 		25.1979 		34
v -55.8816 		27.739 		34
v -55.7908 		30.2833 		34
v -55.7741 		32.9359 		34
v -55.7908 		35.5886 		34
v -55.8726 		37.7474 		34
v -55.9882 		39.9043 		34
v -48.6747 		46.3758 		34
v -48.1883 		42.8731 		34
v -47.2654 		37.3677 		34
v -46.2877 		31.8776 		34
v -46.0183 		30.9632 		34
v -45.6706 		30.0909 		34
v -45.2162 		29.5018 		34
v -44.6833 		29.0188 		34
v -43.0663 		28.4957 		34
v -41.4004 		28.1392 		34
v -33.506 		27.7742 		34
v -19.9251 		26.9371 		34
v -14.2486 		26.4074 		34
v -12.7309 		26.3992 		34
v -11.2126 		26.4074 		34
v -10.0896 		26.3072 		34
v -8.9664 		26.2149 		34
v -1.6719 		26.1633 		34
v 5.6215 		26.1874 		34
v 7.8887 		26.3329 		34
v 10.1385 		26.6273 		34
v 16.7314 		28.5891 		34
v 23.3195 		30.5582 		34
v 24.5487 		30.5945 		34
v 25.7878 		30.5582 		34
v 26.851 		30.6507 		34
v 27.9106 		30.7781 		34
v 28.3289 		30.8725 		34
v 28.7251 		31.0255 		34
v 29.8711 		32.036 		34
v 30.9713 		33.1146 		34
v 31.3676 		33.6496 		34
v 31.6624 		34.2417 		34
v 32.164 		39.1596 		34
v 32.551 		44.1101 		34
v 32.5813 		46.1985 		34
v 32.551 		48.2884 		34
v 32.3946 		51.6997 		34
v 32.1808 		55.1056 		34
v 31.9132 		57.0347 		34
v 31.5884 		58.954 		34
v 31.2255 		60.6423 		34
v 30.7985 		62.3077 		34
v 30.2021 		63.8772 		34
v 29.4656 		65.3314 		34
v 28.1144 		66.4348 		34
v 26.627 		67.3106 		34
v 24.8079 		67.5829 		34
v 22.9492 		67.668 		34
v 20.4426 		67.5042 		34
v 17.9385 		67.2556 		34
v 16.3 		67.005 		34
v 14.6803 		66.6784 		34
v 14.2034 		66.4248 		34
v 13.7917 		66.0736 		34
v 13.0448 		64.5907 		34
v 12.4835 		63.0224 		34
v 12.3457 		58.4485 		34
v 12.3107 		53.8411 		34
v 12.1234 		52.1643 		34
v 11.9404 		50.4875 		34
v -2.9655 		40.8363 		34
v -3.3866 		41.5132 		34
v -3.7829 		41.966 		34
v -5.3014 		42.6202 		34
v -6.893 		43.1205 		34
v -9.23 		43.5103 		34
v -11.5828 		43.7802 		34
v -14.9393 		43.8338 		34
v -18.2967 		43.7802 		34
v -20.5678 		43.5104 		34
v -22.8385 		43.2305 		34
v -24.8888 		43.2373 		34
v -26.9359 		43.2305 		34
v -28.0714 		42.9575 		34
v -29.2068 		42.6807 		34
v -30.6597 		42.6585 		34
v -30.8092 		43.0429 		34
v -30.9699 		43.4192 		34
v -16.7663 		46.6116 		34
v -39.2282 		68.3002 		34
v -55.9092 		66.9042 		34
v 1.4752 		61.9134 		34
v -18.4448 		38.255 		34
v -8.455 		35.7505 		34
v 17.019 		57.5814 		34
v -8.5715 		31.6852 		34
v -12.7676 		31.7402 		34
v -14.0018 		31.9051 		34
v -25.3068 		32.2625 		34
v -29.7251 		33.0321 		34
v -34.1681 		33.1421 		34
v -60.9002 		26.0225 		34
v -5.4614 		16.8413 		34
v 38.7512 		21.1543 		34
v 49.7603 		49.3434 		34
v 35.1181 		-39.4557 		34
v 55.5313 		-47.0151 		34
v 42.1617 		-46.0001 		34
v 40.4004 		-45.9155 		34
v 40.2769 		-3.5554 		34
v 61.1344 		-4.325 		34
v 64.8616 		34.2417 		34
v 44.4978 		14.1749 		34
v 28.4387 		19.598 		34
v 26.7505 		18.738 		34
v -41.6178 		21.0468 		34
v -49.2003 		49.8553 		34
v -25.603 		27.4519 		34
v 12.1881 		46.2472 		34
v -40.695 		68.1679 		34
v -60.2832 		66.7883 		34
v -26.4669 		63.847 		34
v 5.0044 		61.5655 		34
v -34.7417 		38.2065 		34
v -1.5854 		31.651 		34
v -40.5858 		33.5544 		34
v -60.7565 		30.805 		34
v 0.9316 		16.209 		34
v 33.395 		20.3437 		34
v 60.5173 		30.4757 		34
v 35.4065 		-34.6206 		34
v 48.758 		-10.7678 		34
v 46.744 		-2.5108 		34
v 64.5258 		39.2809 		34
v 28.3549 		18.5731 		34
v -53.3902 		20.982 		34
v -56.465 		21.5667 		34
v -56.7568 		45.509 		34
v -8.1172 		50.4873 		34
v -31.9585 		33.0251 		34
v 22.2367 		14.4108 		34
v 39.2199 		17.736 		34
v 61.0958 		26.1636 		34
v 62.0272 		17.4902 		34
v 68.1407 		-0.8208 		34
v 48.8963 		-21.7002 		34
v 47.213 		-10.9498 		34
v 57.3556 		-3.4255 		34
v 27.6125 		18.5579 		34
v -30.1941 		21.0745 		34
v -6.893 		50.405 		34
v 17.2474 		61.538 		34
v -23.779 		32.0663 		34
v -20.7428 		16.6724 		34
v 21.2461 		14.5597 		34
v 49.4345 		51.1747 		34
v 61.6281 		21.8442 		34
v 51.3845 		-15.8978 		34
v 53.5566 		-2.6757 		34
v -53.5425 		20.8976 		34
v -56.8768 		50.46 		34
v 11.9157 		42.5433 		34
v -22.4684 		63.8695 		34
v -22.2461 		31.9326 		34
v -18.3214 		16.8413 		34
v 69.0331 		-0.9714 		34
v 66.1204 		-47.0151 		34
v -28.526 		21.1552 		34
v -55.2184 		20.6648 		34
v -29.8218 		42.6561 		34
v -18.4695 		63.847 		34
v 59.3572 		51.0373 		34
v 70.5491 		-1.1198 		34
v -41.1656 		33.5993 		34
v 60.9567 		-47.1422 		34
v -17.3576 		63.7837 		34
v -56.3585 		20.6622 		34
v 5.3201 		58.0052 		34
v 4.881 		53.9511 		34
v 49.7801 		-21.588 		34
v 4.0042 		52.7043 		34
v 50.4944 		-21.3599 		34
v 2.8816 		51.6145 		34
v 1.9216 		51.045 		34
v 51.0636 		-20.9832 		34
v 0.907 		50.5975 		34
v 51.4658 		-18.2918 		34
v -0.0977 		50.4612 		34
v -1.1171 		50.405 		34
v 46.0404 		-10.9784 		34
v -4.0051 		50.3828 		34
v 44.8681 		-10.9498 		34
v 42.5401 		-10.8626 		34
v 40.5731 		-10.3726 		34
v -31.5023 		47.3538 		34
v -31.3925 		45.8072 		34
v 40.1771 		-7.0777 		34
v 50.152 		-2.4931 		34
v 1.0411 		41.0466 		34
v 3.9924 		41.2513 		34
v 71.8223 		-0.9714 		34
v 8.2366 		41.5872 		34
v 72.0465 		1.1156 		34
v 71.6989 		3.0969 		34
v 68.9164 		3.3015 		34
v 19.7268 		62.1134 		34
v 67.4534 		8.5947 		34
v 22.6777 		62.1702 		34
v 23.8683 		62.1374 		34
v 25.0473 		62.0147 		34
v 25.4131 		61.8356 		34
v 54.4052 		51.6404 		34
v 25.7138 		61.5655 		34
v 26.2623 		59.8061 		34
v 26.7258 		57.9919 		34
v 27.0298 		56.2391 		34
v 46.285 		43.6625 		34
v 27.2688 		54.4734 		34
v 27.4677 		51.3833 		34
v 46.7193 		41.5262 		34
v 27.6144 		48.2884 		34
v 47.3811 		37.4773 		34
v 47.9782 		33.417 		34
v 27.6399 		46.4187 		34
v 48.3066 		29.9302 		34
v 27.6144 		44.5499 		34
v 48.5459 		26.4348 		34
v 27.3168 		40.5111 		34
v 48.6519 		20.7773 		34
v 26.9479 		36.4957 		34
v 48.6199 		15.1645 		34
v 26.8151 		36.2987 		34
v 48.3548 		14.823 		34
v 47.9782 		14.5872 		34
v 7.4436 		31.8099 		34
v 46.1937 		14.2836 		34
v 5.3993 		31.6852 		34
v 33.6371 		20.9371 		34
v -49.4423 		50.3689 		34
v -11.8902 		16.8987 		34
v -49.7927 		50.7349 		34
v -53.6418 		50.9839 		34
v -74.0718 		80.5413 		0
v -73.7356 		80.6701 		0
v -72.8697 		80.6803 		0
v -74.9621 		79.6114 		0
v -74.3774 		80.3403 		0
v -75.5188 		71.0596 		0
v -75.3894 		78.8009 		0
v -75.3902 		61.1806 		0
v -75.4881 		63.2698 		0
v -75.2906 		37.0455 		0
v -75.2914 		37.1557 		0
v -75.2906 		37.266 		0
v -74.191 		12.7435 		0
v -74.7416 		24.8945 		0
v -74.1799 		4.6088 		0
v -74.1874 		8.5527 		0
v -74.1799 		12.4981 		0
v -74.0565 		3.7566 		0
v -74.1414 		4.1754 		0
v -73.2913 		2.4922 		0
v -73.7108 		3.086 		0
v -71.6622 		1.8599 		0
v -72.4996 		2.1048 		0
v -70.635 		2.1428 		0
v -71.2036 		1.941 		0
v 0.7603 		2.0534 		0
v -34.1858 		2.0472 		0
v 13.1408 		1.0841 		0
v 11.6689 		1.2552 		0
v 9.522 		1.569 		0
v -1.5099 		-8.0453 		0
v -0.1791 		-8.0635 		0
v 3.1145 		-8.6973 		0
v -3.422 		-8.5529 		0
v -2.8202 		-8.1735 		0
v -4.2969 		-9.7275 		0
v -3.9557 		-9.0531 		0
v -3.9691 		-14.2391 		0
v -4.4987 		-10.455 		0
v -3.0177 		-24.2819 		0
v -3.2141 		-21.1683 		0
v -3.388 		-18.0419 		0
v -2.3266 		-26.0137 		0
v -2.7416 		-25.1928 		0
v 0.0677 		-27.5805 		0
v -1.1869 		-26.915 		0
v 8.2626 		-27.8829 		0
v 4.1436 		-27.8239 		0
v 14.9518 		-27.8829 		0
v 11.6075 		-27.9052 		0
v 17.3954 		-27.663 		0
v 16.1764 		-27.8011 		0
v 17.9024 		-27.5586 		0
v 17.6148 		-27.6203 		0
v 17.9138 		-41.9846 		0
v 17.8694 		-35.5556 		0
v 18.2163 		-45.1663 		0
v 18.0134 		-43.3969 		0
v -14.9822 		-45.092 		0
v 0.9811 		-45.0871 		0
v -17.8031 		-44.816 		0
v -16.5682 		-44.9378 		0
v -15.3347 		-45.0909 		0
v -35.7639 		-44.816 		0
v -26.7827 		-44.7979 		0
v -40.4377 		-44.2662 		0
v -38.19 		-44.5106 		0
v -35.9453 		-44.816 		0
v -55.2971 		-44.2937 		0
v -47.8758 		-44.1947 		0
v -56.532 		-44.8293 		0
v -55.8515 		-44.4758 		0
v -56.63 		-44.816 		0
v -56.5845 		-44.8207 		0
v -57.9382 		-45.2558 		0
v -57.3043 		-44.9636 		0
v -58.9502 		-46.7952 		0
v -58.5227 		-45.971 		0
v -59.049 		-53.5574 		0
v -59.0427 		-50.1567 		0
v -64.9519 		-55.3626 		0
v -61.8135 		-54.7669 		0
v -60.5101 		-54.8172 		0
v -67.6449 		-42.4344 		0
v -67.5401 		-43.9638 		0
v -67.7987 		-49.9727 		0
v -68.127 		-39.5075 		0
v -67.8116 		-40.9126 		0
v -57.9971 		-38.1888 		0
v -64.7262 		-38.1087 		0
v -66.566 		-37.9669 		0
v -45.0145 		-37.3222 		0
v -51.2737 		-38.1087 		0
v -33.2641 		-36.3534 		0
v -35.4517 		-36.4594 		0
v -37.1066 		-36.4425 		0
v -29.8488 		-35.9183 		0
v -31.0827 		-36.1845 		0
v -27.8198 		-35.145 		0
v -28.6391 		-35.5523 		0
v -26.3898 		-34.3235 		0
v -26.7837 		-34.5533 		0
v -26.0806 		-34.0794 		0
v -26.1214 		-34.1228 		0
v -26.0226 		-34.0129 		0
v -26.028 		-34.0181 		0
v -26.0336 		-34.0234 		0
v -25.8801 		-33.8167 		0
v -25.9546 		-33.9316 		0
v -25.3808 		-32.8309 		0
v -25.5529 		-33.2827 		0
v -25.3658 		-32.6091 		0
v -25.3732 		-32.7237 		0
v -25.2821 		-32.2811 		0
v -25.3124 		-32.424 		0
v -25.3236 		-31.7171 		0
v -25.2825 		-32.0453 		0
v -25.2821 		-22.9349 		0
v -25.2449 		-27.0089 		0
v -25.9733 		-16.5575 		0
v -25.5257 		-19.7129 		0
v -27.6024 		-14.2485 		0
v -26.7107 		-15.3613 		0
v -28.4663 		-13.4788 		0
v -28.0089 		-13.8047 		0
v -36.2169 		-13.2589 		0
v -32.3267 		-13.2888 		0
v -41.1535 		-13.8087 		0
v -38.6892 		-13.4789 		0
v -53.7421 		-16.3376 		0
v -47.4489 		-15.0654 		0
v -58.58 		-16.5575 		0
v -57.3336 		-16.5558 		0
v -56.087 		-16.5575 		0
v -63.4314 		-10.3748 		0
v -62.9243 		-11.8845 		0
v -62.3575 		-14.5291 		0
v -64.2784 		-8.3404 		0
v -63.9857 		-8.8882 		0
v -65.6569 		-7.0038 		0
v -64.6274 		-7.8436 		0
v -68.1292 		-6.1091 		0
v -66.7502 		-6.3042 		0
v -70.6622 		-6.1838 		0
v -69.5394 		-6.0568 		0
v -74.8463 		-6.4142 		0
v -73.3188 		-6.3528 		0
v -71.7856 		-6.3317 		0
v -78.771 		-7.4313 		0
v -76.8105 		-6.908 		0
v -81.3438 		3.9774 		0
v -79.9805 		-3.5554 		0
v -79.883 		-5.5521 		0
v -83.05 		15.1789 		0
v -82.9672 		14.6972 		0
v -82.8554 		13.1012 		0
v -83.7521 		16.3587 		0
v -83.1893 		15.6318 		0
v -85.7624 		17.171 		0
v -84.3988 		16.9512 		0
v -88.5716 		16.7874 		0
v -87.1634 		17.1986 		0
v -91.7051 		16.0716 		0
v -90.8458 		16.2103 		0
v -89.9773 		16.319 		0
v -95.2595 		14.3123 		0
v -93.518 		15.257 		0
v -96 		13.0203 		0
v -95.6999 		13.7154 		0
v -95.8272 		9.9141 		0
v -95.9715 		11.4762 		0
v -95.3582 		-8.8057 		0
v -95.3728 		-0.4059 		0
v -95.3582 		7.9899 		0
v -94.3462 		-19.6363 		0
v -94.928 		-14.2285 		0
v -92.5196 		-38.9609 		0
v -92.5749 		-34.3744 		0
v -92.6184 		-29.7521 		0
v -91.4829 		-40.4727 		0
v -92.0938 		-39.7924 		0
v -88.7678 		-41.1325 		0
v -90.1572 		-40.8899 		0
v -85.238 		-40.8851 		0
v -87.0013 		-41.028 		0
v -83.3682 		-49.0477 		0
v -84.3741 		-44.7335 		0
v -84.6558 		-42.911 		0
v -81.1653 		-62.2163 		0
v -81.2816 		-60.9668 		0
v -81.3874 		-59.7149 		0
v -80.0439 		-70.5715 		0
v -80.178 		-69.226 		0
v -80.1666 		-68.1107 		0
v -79.7652 		-72.0697 		0
v -79.8324 		-71.8924 		0
v -79.5362 		-72.6071 		0
v -79.5944 		-72.4796 		0
v -79.6532 		-72.3015 		0
v -79.3008 		-72.8976 		0
v -79.443 		-72.7369 		0
v -79.0672 		-73.1843 		0
v -79.1736 		-73.0711 		0
v -78.8251 		-73.3388 		0
v -78.9652 		-73.2566 		0
v -78.1539 		-73.7341 		0
v -78.4498 		-73.6107 		0
v -77.8567 		-73.7571 		0
v -78.0104 		-73.7459 		0
v -77.4628 		-73.8441 		0
v -77.6313 		-73.8206 		0
v -77.1931 		-73.795 		0
v -77.345 		-73.8311 		0
v -65.2939 		-73.8441 		0
v -70.9277 		-73.8985 		0
v -60.7521 		-73.2668 		0
v -63.0172 		-73.6126 		0
v -53.0135 		-71.8921 		0
v -56.3338 		-72.4422 		0
v -57.2623 		-72.4264 		0
v -50.9439 		-85.5283 		0
v -50.8294 		-79.1494 		0
v -50.2917 		-75.2346 		0
v -50.0915 		-93.3943 		0
v -50.8047 		-91.8492 		0
v -48.6885 		-95.3544 		0
v -49.1509 		-94.8455 		0
v -46.9188 		-95.9359 		0
v -48.1636 		-95.7526 		0
v -44.4985 		-95.8569 		0
v -45.6459 		-96 		0
v -40.4377 		-95.6976 		0
v -41.8933 		-95.7048 		0
v -43.3504 		-95.6976 		0
v -37.0314 		-95.1204 		0
v -38.7238 		-95.4596 		0
v -35.5998 		-94.2407 		0
v -36.2808 		-94.7378 		0
v -35.0074 		-92.8388 		0
v -35.2318 		-93.574 		0
v -35.7232 		-87.341 		0
v -35.3338 		-90.0988 		0
v -35.7232 		-85.1969 		0
v -35.7215 		-86.2689 		0
v -34.7874 		-75.4799 		0
v -34.9333 		-74.6962 		0
v -35.021 		-70.947 		0
v -33.8927 		-76.8514 		0
v -34.5384 		-76.2081 		0
v -31.8753 		-77.2981 		0
v -33.1561 		-77.3351 		0
v -16.8157 		-77.1702 		0
v -23.689 		-77.1836 		0
v -30.5644 		-77.1702 		0
v -13.9031 		-76.7854 		0
v -15.343 		-77.0443 		0
v -12.5208 		-75.6583 		0
v -13.1545 		-76.2967 		0
v -11.879 		-72.9369 		0
v -12.1127 		-74.3319 		0
v -12.4221 		-69.3909 		0
v -12.0881 		-71.1598 		0
v -12.9404 		-68.2089 		0
v -12.6397 		-68.7707 		0
v -15.31 		-66.3671 		0
v -14.0825 		-67.207 		0
v -18.0746 		-66.1197 		0
v -16.7178 		-66.2336 		0
v -5.2789 		-74.9234 		0
v -5.6095 		-72.4696 		0
v -5.696 		-69.2952 		0
v -6.1772 		-77.775 		0
v -5.6555 		-77.7037 		0
v -5.1405 		-77.6375 		0
v -15.1613 		-80.7194 		0
v -13.7797 		-80.3039 		0
v -12.4553 		-80.0432 		0
v -23.6321 		-81.979 		0
v -22.9372 		-81.9258 		0
v -22.2208 		-82.049 		0
v -25.6331 		-83.2788 		0
v -24.2948 		-82.1457 		0
v -27.2347 		-85.2094 		0
v -26.8865 		-84.5372 		0
v -27.3687 		-87.6131 		0
v -27.4543 		-85.9391 		0
v -26.1214 		-90.5908 		0
v -27.084 		-89.2378 		0
v -24.5173 		-92.2719 		0
v -25.0106 		-91.8492 		0
v -16.2954 		-92.7152 		0
v -23.9739 		-92.5639 		0
v -5.3249 		-92.2629 		0
v -8.5962 		-92.6739 		0
v 4.5848 		-91.8217 		0
v 1.2701 		-91.8465 		0
v -2.0551 		-91.8217 		0
v 8.6328 		-90.5847 		0
v 6.6482 		-91.3138 		0
v 9.6696 		-89.0728 		0
v 9.2365 		-89.9007 		0
v 9.5215 		-85.9116 		0
v 9.6404 		-87.5106 		0
v 9.8589 		-72.5741 		0
v 9.9658 		-75.7958 		0
v 9.741 		-77.0326 		0
v 15.5482 		-71.0098 		0
v 15.2616 		-70.4755 		0
v 15.083 		-70.0504 		0
v 15.8898 		-72.827 		0
v 15.6773 		-71.9609 		0
v 16.9265 		-73.8441 		0
v 16.3626 		-73.3916 		0
v 18.6296 		-74.0365 		0
v 17.772 		-74.0156 		0
v 19.8144 		-73.2393 		0
v 19.2557 		-73.7031 		0
v 19.9474 		-73.0199 		0
v 19.8764 		-73.1451 		0
v 21.9619 		-73.0194 		0
v 21.0941 		-73.0423 		0
v 25.2941 		-72.4422 		0
v 23.6283 		-72.7453 		0
v 28.9919 		-88.5898 		0
v 28.9473 		-88.1932 		0
v 28.9664 		-80.5711 		0
v 29.9774 		-90.1578 		0
v 29.0954 		-88.9629 		0
v 31.4166 		-91.7163 		0
v 30.9219 		-91.2994 		0
v 35.037 		-92.1562 		0
v 31.9586 		-92.0141 		0
v 39.6791 		-91.793 		0
v 38.1295 		-92.1241 		0
v 42.2487 		-90.5882 		0
v 41.1902 		-91.2994 		0
v 43.6697 		-89.149 		0
v 43.239 		-89.7601 		0
v 43.9468 		-85.7303 		0
v 43.9795 		-88.4681 		0
v 50.1839 		-84.1976 		0
v 49.163 		-83.9874 		0
v 47.9302 		-83.5983 		0
v 55.6794 		-84.353 		0
v 51.2117 		-84.3448 		0
v 67.505 		-84.8885 		0
v 63.9236 		-84.8945 		0
v 62.0355 		-84.6314 		0
v 76.1666 		-85.9666 		0
v 73.624 		-85.4461 		0
v 71.0818 		-84.922 		0
v 84.3615 		-86.0216 		0
v 80.2654 		-86.0774 		0
v 85.8918 		-85.4443 		0
v 85.158 		-85.8104 		0
v 87.6197 		-82.9428 		0
v 86.7903 		-84.24 		0
v 87.9899 		-82.0907 		0
v 87.8361 		-82.5287 		0
v 88.0887 		-76.3455 		0
v 88.0822 		-79.2222 		0
v 87.7678 		-74.5863 		0
v 87.9618 		-75.4585 		0
v 87.2247 		-73.4317 		0
v 87.5281 		-73.9848 		0
v 86.0399 		-72.6071 		0
v 86.6643 		-72.9488 		0
v 77.8204 		-72.4971 		0
v 81.9431 		-72.5182 		0
v 47.5464 		-66.9435 		0
v 49.706 		-67.3292 		0
v 54.0329 		-68.5948 		0
v 44.4253 		-61.975 		0
v 44.794 		-63.3983 		0
v 45.0798 		-64.991 		0
v 53.3683 		-61.9412 		0
v 51.3104 		-61.6116 		0
v 50.0894 		-61.3262 		0
v 61.321 		-62.2688 		0
v 55.4325 		-62.1888 		0
v 68.3542 		-61.9408 		0
v 67.2065 		-62.2163 		0
v 84.5838 		-61.5333 		0
v 83.621 		-61.6666 		0
v 76.5592 		-61.6493 		0
v 91.9639 		-61.2817 		0
v 88.7742 		-61.4023 		0
v 85.5463 		-61.3917 		0
v 94.3582 		-59.7149 		0
v 93.209 		-60.6073 		0
v 95 		-58.3404 		0
v 94.7664 		-59.0665 		0
v 93.2475 		-48.6094 		0
v 94.2179 		-53.4733 		0
v 91.6184 		-43.7164 		0
v 92.4786 		-46.1458 		0
v 91.1494 		-42.9192 		0
v 91.4094 		-43.2949 		0
v 88.8785 		-41.3524 		0
v 90.0483 		-42.0296 		0
v 77.7454 		-31.0194 		0
v 79.5235 		-33.683 		0
v 81.4308 		-37.9715 		0
v 74.1141 		-26.2457 		0
v 75.8704 		-28.4327 		0
v 71.6848 		-23.7671 		0
v 72.2913 		-24.1444 		0
v 70.3416 		-23.5544 		0
v 71.0324 		-23.5122 		0
v 69.0142 		-24.3491 		0
v 69.6749 		-23.7321 		0
v 68.2971 		-26.0233 		0
v 68.4654 		-25.079 		0
v 69.1134 		-28.3519 		0
v 68.3173 		-26.9758 		0
v 71.0071 		-30.7418 		0
v 70.0451 		-29.6697 		0
v 80.1644 		-46.6987 		0
v 79.8691 		-46.1904 		0
v 78.9088 		-43.8947 		0
v 81.1213 		-47.5344 		0
v 80.5109 		-47.1525 		0
v 83.072 		-47.5334 		0
v 81.7697 		-47.7847 		0
v 89.2656 		-53.048 		0
v 88.4095 		-49.8189 		0
v 88.0057 		-48.1697 		0
v 84.4111 		-56.0354 		0
v 85.3735 		-55.8939 		0
v 87.7295 		-56.077 		0
v 68.959 		-56.1688 		0
v 76.2008 		-56.151 		0
v 83.4482 		-56.1688 		0
v 66.9103 		-56.7186 		0
v 67.9345 		-56.4423 		0
v 49.8047 		-55.6465 		0
v 50.9414 		-55.8929 		0
v 52.0756 		-56.1688 		0
v 42.3504 		-55.3167 		0
v 46.074 		-55.4075 		0
v 40.2029 		-56.0864 		0
v 41.2643 		-55.6371 		0
v 39.339 		-56.7186 		0
v 39.744 		-56.3685 		0
v 38.6478 		-58.4504 		0
v 38.9168 		-57.5608 		0
v 39.4871 		-61.6391 		0
v 39.0222 		-60.0378 		0
v 40.4112 		-66.4663 		0
v 39.9314 		-64.3879 		0
v 39.7093 		-63.0134 		0
v 41.5073 		-69.5412 		0
v 40.9681 		-68.5113 		0
v 42.5446 		-70.9774 		0
v 42.1282 		-70.5179 		0
v 45.7687 		-72.0253 		0
v 43.0168 		-71.3426 		0
v 57.1604 		-75.136 		0
v 52.8482 		-73.9269 		0
v 48.5459 		-72.6621 		0
v 69.8229 		-77.4176 		0
v 63.4804 		-76.3534 		0
v 77.4995 		-77.9949 		0
v 73.6569 		-77.7617 		0
v 68.0727 		-79.4189 		0
v 71.6002 		-79.4518 		0
v 74.2538 		-79.9901 		0
v 60.5667 		-78.8745 		0
v 62.5538 		-79.1466 		0
v 64.5407 		-79.4243 		0
v 51.7547 		-78.8745 		0
v 56.1612 		-78.862 		0
v 47.7313 		-77.8574 		0
v 48.9929 		-78.2171 		0
v 50.249 		-78.6271 		0
v 42.844 		-77.7475 		0
v 45.2911 		-77.7542 		0
v 41.9801 		-77.9399 		0
v 42.4 		-77.805 		0
v 39.8573 		-79.9466 		0
v 40.8912 		-78.9026 		0
v 39.2402 		-81.1286 		0
v 39.4973 		-80.5112 		0
v 32.94 		-69.4928 		0
v 33.8099 		-71.5075 		0
v 33.7355 		-79.2863 		0
v 31.2436 		-67.1213 		0
v 31.7859 		-67.6041 		0
v 28.99 		-66.7458 		0
v 30.6257 		-66.7795 		0
v 25.0473 		-65.8449 		0
v 26.1938 		-66.2564 		0
v 27.3429 		-66.7245 		0
v 20.9745 		-66.6695 		0
v 23.016 		-66.2239 		0
v 19.6416 		-66.0648 		0
v 19.8273 		-66.2416 		0
v 20.0501 		-66.5306 		0
v 16.0379 		-64.6079 		0
v 17.8773 		-65.2675 		0
v 13.8657 		-64.223 		0
v 14.9583 		-64.3736 		0
v 8.0404 		-64.1955 		0
v 10.9523 		-64.1668 		0
v 6.7075 		-64.5529 		0
v 7.3681 		-64.3412 		0
v 5.7202 		-65.1027 		0
v 6.1949 		-64.7974 		0
v 4.955 		-66.3671 		0
v 5.2721 		-65.6988 		0
v 5.0784 		-74.9711 		0
v 4.9963 		-70.6552 		0
v 4.5974 		-82.1219 		0
v 4.5848 		-78.0224 		0
v 4.8345 		-76.4968 		0
v -2.4006 		-86.324 		0
v 0.8078 		-86.3035 		0
v 4.0171 		-86.324 		0
v -7.6911 		-84.164 		0
v -10.1512 		-85.1419 		0
v -15.0422 		-86.2749 		0
v -3.0353 		-82.7771 		0
v -3.5854 		-82.9428 		0
v -4.4148 		-83.0412 		0
v -1.4234 		-81.2472 		0
v -2.524 		-82.5305 		0
v -0.1846 		-79.547 		0
v -0.3766 		-79.8916 		0
v -0.0776 		-77.0908 		0
v -0.0557 		-79.1769 		0
v -0.4289 		-73.5834 		0
v -0.1791 		-74.9986 		0
v -1.0184 		-63.6458 		0
v -0.8221 		-67.8932 		0
v -0.6728 		-72.1673 		0
v -1.7835 		-62.3538 		0
v -1.3299 		-62.9501 		0
v -5.0911 		-60.567 		0
v -3.3941 		-61.3645 		0
v -12.348 		-59.495 		0
v -8.7015 		-59.9469 		0
v -15.0632 		-59.495 		0
v -13.7046 		-59.4639 		0
v -20.7897 		-59.8798 		0
v -17.9451 		-59.6154 		0
v -22.5916 		-61.1718 		0
v -21.7339 		-60.4383 		0
v -23.2087 		-62.5462 		0
v -22.9658 		-61.8245 		0
v -22.9619 		-68.8411 		0
v -23.1729 		-65.6996 		0
v -22.0733 		-70.4904 		0
v -22.6005 		-69.7322 		0
v -30.2404 		-67.727 		0
v -30.2435 		-69.061 		0
v -30.2852 		-70.53 		0
v -30.3106 		-65.8468 		0
v -30.2435 		-66.3946 		0
v -31.152 		-64.1258 		0
v -30.4409 		-65.3226 		0
v -33.3608 		-62.2313 		0
v -31.9713 		-63.041 		0
v -36.2474 		-61.2924 		0
v -34.8346 		-61.5841 		0
v -39.373 		-61.5513 		0
v -37.6732 		-61.1718 		0
v -41.6083 		-62.8194 		0
v -41.0054 		-62.1339 		0
v -42.0137 		-65.3038 		0
v -42.0421 		-63.6458 		0
v -41.894 		-75.8233 		0
v -41.93 		-71.4146 		0
v -41.894 		-66.9994 		0
v -40.6599 		-85.4718 		0
v -41.3024 		-80.6495 		0
v -40.3376 		-89.137 		0
v -40.6599 		-87.9183 		0
v -40.6585 		-86.6957 		0
v -44.904 		-90.508 		0
v -43.6712 		-90.1999 		0
v -41.8268 		-90.2635 		0
v -44.9301 		-69.6108 		0
v -45.1344 		-71.5695 		0
v -45.4238 		-73.5417 		0
v -45.72 		-67.1368 		0
v -45.2429 		-68.3411 		0
v -46.8554 		-66.2572 		0
v -46.2412 		-66.6156 		0
v -52.113 		-66.3946 		0
v -49.4706 		-66.2538 		0
v -56.5066 		-66.9444 		0
v -54.3102 		-66.665 		0
v -58.58 		-66.9444 		0
v -57.5458 		-66.9307 		0
v -61.4926 		-67.824 		0
v -60.0358 		-67.3787 		0
v -75.2413 		-66.6695 		0
v -75.184 		-67.3648 		0
v -75.1345 		-68.3073 		0
v -76.278 		-61.5566 		0
v -75.7405 		-64.111 		0
v -76.9763 		-55.6541 		0
v -76.5001 		-58.9177 		0
v -76.3943 		-60.2384 		0
v -78.5318 		-47.9348 		0
v -77.5122 		-52.4029 		0
v -80.252 		-39.0708 		0
v -79.9053 		-41.268 		0
v -79.5609 		-43.469 		0
v -80.7457 		-37.8338 		0
v -80.4543 		-38.4209 		0
v -83.7324 		-35.4973 		0
v -82.185 		-36.5467 		0
v -88.5382 		-24.254 		0
v -87.6817 		-29.5597 		0
v -87.8056 		-32.7439 		0
v -90.7132 		9.5585 		0
v -90.4216 		8.3747 		0
v -90.4363 		-0.0767 		0
v -88.2934 		11.2708 		0
v -89.0887 		10.9037 		0
v -90.0759 		10.81 		0
v -84.5118 		-9.602 		0
v -84.6703 		-8.8057 		0
v -84.7543 		-6.5782 		0
v -83.3029 		-11.3558 		0
v -84.2507 		-10.3451 		0
v -81.8457 		-12.5975 		0
v -82.276 		-12.2968 		0
v -79.8356 		-12.9404 		0
v -81.3874 		-12.8191 		0
v -76.1048 		-12.389 		0
v -78.2773 		-12.929 		0
v -70.0174 		-11.6882 		0
v -71.5141 		-11.8295 		0
v -72.7262 		-11.8097 		0
v -66.4293 		-18.3168 		0
v -67.0659 		-15.9074 		0
v -67.6635 		-13.4788 		0
v -64.8989 		-21.423 		0
v -65.7193 		-19.9104 		0
v -63.7388 		-22.2477 		0
v -64.356 		-21.902 		0
v -60.8015 		-22.3577 		0
v -62.2806 		-22.3582 		0
v -58.3085 		-22.0553 		0
v -59.555 		-22.2113 		0
v -54.4936 		-21.936 		0
v -55.8648 		-22.0553 		0
v -57.0868 		-22.0538 		0
v -50.6166 		-21.3897 		0
v -53.125 		-21.7804 		0
v -44.3266 		-20.0919 		0
v -48.1142 		-20.9557 		0
v -38.932 		-30.9616 		0
v -37.267 		-30.9452 		0
v -35.5998 		-30.9616 		0
v -70.5379 		-32.1131 		0
v -69.9837 		-32.0887 		0
v -67.1711 		-32.3767 		0
v -71.7925 		-32.7691 		0
v -71.0698 		-32.2261 		0
v -73.0048 		-35.4202 		0
v -72.4027 		-33.4356 		0
v -73.0985 		-39.575 		0
v -73.39 		-37.4765 		0
v -72.4767 		-57.5158 		0
v -72.4968 		-50.8825 		0
v -72.4767 		-44.2387 		0
v -71.9584 		-59.3025 		0
v -72.2772 		-58.4327 		0
v -70.7736 		-60.5945 		0
v -71.4166 		-60.0299 		0
v -66.7502 		-60.8144 		0
v -68.7864 		-60.7956 		0
v -61.5914 		-60.2646 		0
v -64.171 		-60.5478 		0
v -56.8063 		-60.2104 		0
v -57.1484 		-60.2646 		0
v -59.3696 		-60.2563 		0
v -55.7735 		-59.531 		0
v -56.4819 		-60.0997 		0
v -54.5906 		-56.7434 		0
v -55.1737 		-58.8627 		0
v -54.1081 		-52.468 		0
v -54.1864 		-54.547 		0
v -36.439 		-50.2862 		0
v -38.5248 		-50.0266 		0
v -40.6105 		-49.7639 		0
v -18.2338 		-50.3134 		0
v -27.338 		-50.3313 		0
v -15.8037 		-50.5611 		0
v -16.9275 		-50.4536 		0
v -18.0499 		-50.3137 		0
v 19.3116 		-50.5339 		0
v 1.7532 		-50.5651 		0
v 19.6663 		-50.5336 		0
v 19.4918 		-50.5458 		0
v 21.1473 		-49.599 		0
v 20.4445 		-50.1107 		0
v 21.715 		-47.7847 		0
v 21.5104 		-48.7233 		0
v 21.715 		-47.781 		0
v 22.11 		-47.6198 		0
v 21.9466 		-47.6986 		0
v 22.9986 		-46.4378 		0
v 22.6057 		-47.0795 		0
v 23.2207 		-44.2662 		0
v 23.1637 		-45.3667 		0
v 22.8011 		-23.8421 		0
v 22.8426 		-32.809 		0
v 22.8505 		-41.7922 		0
v 22.2087 		-22.4676 		0
v 22.5671 		-23.123 		0
v 21.0239 		-21.643 		0
v 21.6464 		-21.9942 		0
v 19.3208 		-21.8079 		0
v 20.1747 		-21.6662 		0
v 19.2509 		-21.8369 		0
v 19.2888 		-21.8191 		0
v 19.1233 		-21.8079 		0
v 19.1823 		-21.817 		0
v 14.5815 		-22.3852 		0
v 16.8658 		-22.0568 		0
v 3.6551 		-22.3511 		0
v 5.7696 		-22.1927 		0
v 7.1765 		-22.2903 		0
v 1.0811 		-15.5492 		0
v 1.5487 		-17.6846 		0
v 1.5597 		-20.1034 		0
v 9.5426 		-15.1173 		0
v 5.4981 		-14.7433 		0
v 3.0375 		-14.1072 		0
v 15.306 		-15.4315 		0
v 13.5942 		-15.403 		0
v 17.6435 		-15.0479 		0
v 17.0005 		-15.348 		0
v 19.2043 		-12.9362 		0
v 18.21 		-14.6058 		0
v 20.1054 		-4.2516 		0
v 19.9378 		-11.1423 		0
v 20.0222 		3.3058 		0
v 20.0238 		3.2491 		0
v 20.0243 		3.1958 		0
v 20.0119 		3.8391 		0
v 20.0169 		3.585 		0
v 19.8723 		4.3626 		0
v 19.97 		4.0644 		0
v 19.8144 		4.5263 		0
v 19.8436 		4.4554 		0
v 19.786 		4.5791 		0
v 19.8013 		4.5516 		0
v 19.617 		4.9112 		0
v 19.695 		4.776 		0
v 19.1781 		5.3848 		0
v 19.441 		5.1188 		0
v 18.5803 		5.8733 		0
v 18.8507 		5.709 		0
v 18.5016 		5.8913 		0
v 18.5414 		5.8822 		0
v 18.3104 		5.9326 		0
v 18.4141 		5.913 		0
v 7.7936 		7.3302 		0
v 12.96 		6.7363 		0
v 1.5734 		7.5501 		0
v 4.6857 		7.4846 		0
v -69.2083 		7.5502 		0
v -33.0542 		7.5658 		0
v -69.2432 		12.4981 		0
v -69.2079 		10.3841 		0
v -70.3673 		36.8 		0
v -69.7777 		24.6496 		0
v -70.354 		59.0915 		0
v -70.3534 		58.9813 		0
v -70.3542 		58.871 		0
v -70.5514 		78.0312 		0
v -70.5458 		70.721 		0
v -70.5514 		63.4072 		0
v -70.7983 		79.2407 		0
v -70.6325 		78.654 		0
v -72.0324 		80.5602 		0
v -71.3723 		79.9617 		0
v -75.2906 		59.0915 		0
v -75.2782 		48.1791 		0
v -74.1846 		12.6208 		0
v 1.1299 		2.0544 		0
v 7.374 		1.8599 		0
v 6.4113 		-9.328 		0
v -15.1586 		-45.0939 		0
v -59.2958 		-54.7669 		0
v -68.3793 		-37.8338 		0
v -38.7592 		-36.4594 		0
v -60.1972 		-16.8599 		0
v -79.7337 		-7.4313 		0
v -82.7203 		11.5085 		0
v -84.9418 		-41.105 		0
v -80.6626 		-64.6075 		0
v -80.178 		-66.9994 		0
v -58.1851 		-72.4422 		0
v -36.3673 		-80.361 		0
v -35.2048 		-67.3018 		0
v -5.8563 		-66.2022 		0
v -8.6557 		-78.7714 		0
v -11.1385 		-79.7542 		0
v -21.5056 		-82.1457 		0
v 9.5215 		-78.2698 		0
v 28.9473 		-72.9644 		0
v 44.0782 		-83.2452 		0
v 46.6946 		-83.2452 		0
v 60.1471 		-84.3723 		0
v 58.3699 		-69.8032 		0
v 48.8668 		-61.0618 		0
v 69.5021 		-61.6666 		0
v 86.0938 		-41.7417 		0
v 77.9438 		-41.5998 		0
v 80.4429 		-77.8822 		0
v 76.9071 		-80.5238 		0
v 39.231 		-83.7253 		0
v 33.8839 		-86.6263 		0
v -5.6214 		-86.7566 		0
v -18.5929 		-87.1761 		0
v -5.2392 		-83.1628 		0
v -40.2156 		-90.1449 		0
v -85.852 		-35.6243 		0
v -87.6817 		-35.5523 		0
v -90.4216 		-8.5308 		0
v -90.8905 		10.6013 		0
v -84.8678 		-4.3525 		0
v -73.9331 		-11.8295 		0
v -45.3602 		-31.8362 		0
v -64.3559 		-32.6385 		0
v -72.6989 		-41.6822 		0
v -54.0985 		-49.7576 		0
v 23.0335 		-43.0308 		0
v 8.5835 		-22.3852 		0
v -70.3673 		47.9582 		0
v 15.1224 		0.8654 		0
v -68.4533 		-38.1087 		0
v -54.9123 		-16.4716 		0
v -95.5777 		8.9537 		0
v -93.4547 		-24.6927 		0
v -82.3748 		-53.365 		0
v -81.8524 		-56.5338 		0
v -59.4677 		-72.8522 		0
v -50.2123 		-71.8924 		0
v -36.9574 		-75.5209 		0
v -4.943 		-77.3626 		0
v -16.5442 		-81.1286 		0
v 9.4885 		-82.0882 		0
v 10.0151 		-69.6933 		0
v 26.9341 		-72.2422 		0
v 74.126 		-72.275 		0
v 83.5222 		-41.7922 		0
v 71.9704 		-31.8138 		0
v 54.0101 		-56.4833 		0
v 83.152 		-77.9949 		0
v 50.999 		-78.7762 		0
v 4.5848 		-86.159 		0
v -8.843 		-87.1761 		0
v -45.7035 		-76.5908 		0
v -89.4342 		-18.9491 		0
v -68.5274 		-11.5546 		0
v -67.9669 		-12.5883 		0
v -33.5855 		-30.8501 		0
v -72.5648 		-42.9583 		0
v -18.1418 		-50.3122 		0
v 11.5835 		-22.4195 		0
v 0.9316 		-13.8087 		0
v -70.3738 		36.9227 		0
v -70.4634 		61.249 		0
v 10.6998 		-9.6702 		0
v -35.8547 		-44.8176 		0
v -59.1128 		-54.227 		0
v -67.5401 		-55.3167 		0
v -61.6161 		-16.8599 		0
v -79.3034 		-7.5089 		0
v -85.07 		-40.9668 		0
v -19.0219 		-81.6788 		0
v 45.2664 		-83.0768 		0
v 46.4723 		-60.7845 		0
v 73.7462 		-34.2719 		0
v 76.7338 		-39.1695 		0
v 55.9509 		-56.7186 		0
v 39.1415 		-86.214 		0
v 20.5806 		-66.6349 		0
v -20.3035 		-71.1224 		0
v -30.046 		-71.6725 		0
v -45.9174 		-79.6442 		0
v -90.0008 		-13.747 		0
v -86.1508 		3.6564 		0
v -40.5364 		-19.2514 		0
v -31.5764 		-30.6867 		0
v -58.0719 		-32.7288 		0
v -70.3787 		37.0455 		0
v 14.9765 		-9.9053 		0
v 75.4508 		-36.7893 		0
v -19.1606 		-71.535 		0
v -46.0513 		-85.2412 		0
v -63.5238 		-68.1354 		0
v -87.657 		11.371 		0
v -68.3053 		-11.7195 		0
v -51.7921 		-32.6385 		0
v 14.1129 		-69.8231 		0
v 84.3861 		-47.2075 		0
v -65.5654 		-68.3463 		0
v 28.5277 		-72.1673 		0
v 44.3497 		-60.8144 		0
v 13.3474 		-69.6933 		0
v 85.9755 		-46.861 		0
v 87.4222 		-46.7952 		0
v 1.4994 		2.0523 		0
v 4.4381 		1.9777 		0
v 89.6437 		-55.8939 		0
v 15.1107 		-4.9935 		0
v 15.0999 		-9.6579 		0
v 61.4326 		-56.7836 		0
v 15.0566 		-9.8034 		0
v 45.5592 		-66.3671 		0
v 1.8202 		-22.1927 		0
v 64.3941 		-70.9494 		0
v 70.44 		-71.9473 		0
v 83.3905 		-79.2058 		0
v 83.152 		-80.4139 		0
v -47.2719 		-49.6971 		0
v 80.1469 		-80.6483 		0
v 38.5529 		-86.508 		0
v 37.8086 		-86.6263 		0
v 35.622 		-86.9035 		0
v -68.4385 		-37.9504 		0
v 28.7915 		-72.5051 		0
v -30.9464 		-30.5449 		0
v -30.2296 		-30.3318 		0
v 11.5297 		-69.4951 		0
v -30.2067 		-26.5363 		0
v -30.2188 		-23.4572 		0
v -30.2496 		-20.9107 		0
v -30.6384 		-18.7566 		0
v -33.1094 		-18.5418 		0
v -35.896 		-18.7566 		0
v 4.3416 		-86.2867 		0
v -38.2204 		-18.9594 		0
v -14.3951 		-87.2954 		0
v -68.4054 		-11.6169 		0
v -5.0179 		-77.5186 		0
v -6.2634 		-65.9042 		0
v -6.7943 		-65.7349 		0
v -9.6884 		-65.3272 		0
v -12.5949 		-64.9927 		0
v -13.8285 		-64.9545 		0
v -15.0632 		-64.9652 		0
v -16.645 		-65.0296 		0
v -18.1239 		-65.2126 		0
v -18.1947 		-65.6647 		0
v -69.8234 		-68.3463 		0
v -24.3866 		-71.8255 		0
v -35.7019 		-67.0032 		0
v -36.3403 		-66.8344 		0
v -45.8681 		-90.5023 		0
v -36.6899 		-66.7461 		0
v -36.9574 		-66.7795 		0
v -37.0439 		-71.1019 		0
v -72.8697 		80.6803 		34
v -73.7356 		80.6701 		34
v -74.0718 		80.5413 		34
v -74.3774 		80.3403 		34
v -74.9621 		79.6114 		34
v -75.3894 		78.8009 		34
v -75.5188 		71.0596 		34
v -75.4881 		63.2698 		34
v -75.3902 		61.1806 		34
v -75.2906 		37.266 		34
v -75.2914 		37.1557 		34
v -75.2906 		37.0455 		34
v -74.7416 		24.8945 		34
v -74.191 		12.7435 		34
v -74.1799 		12.4981 		34
v -74.1874 		8.5527 		34
v -74.1799 		4.6088 		34
v -74.1414 		4.1754 		34
v -74.0565 		3.7566 		34
v -73.7108 		3.086 		34
v -73.2913 		2.4922 		34
v -72.4996 		2.1048 		34
v -71.6622 		1.8599 		34
v -71.2036 		1.941 		34
v -70.635 		2.1428 		34
v -34.1858 		2.0472 		34
v 0.7603 		2.0534 		34
v 9.522 		1.569 		34
v 11.6689 		1.2552 		34
v 13.1408 		1.0841 		34
v 3.1145 		-8.6973 		34
v -0.1791 		-8.0635 		34
v -1.5099 		-8.0453 		34
v -2.8202 		-8.1735 		34
v -3.422 		-8.5529 		34
v -3.9557 		-9.0531 		34
v -4.2969 		-9.7275 		34
v -4.4987 		-10.455 		34
v -3.9691 		-14.2391 		34
v -3.388 		-18.0419 		34
v -3.2141 		-21.1683 		34
v -3.0177 		-24.2819 		34
v -2.7416 		-25.1928 		34
v -2.3266 		-26.0137 		34
v -1.1869 		-26.915 		34
v 0.0677 		-27.5805 		34
v 4.1436 		-27.8239 		34
v 8.2626 		-27.8829 		34
v 11.6075 		-27.9052 		34
v 14.9518 		-27.8829 		34
v 16.1764 		-27.8011 		34
v 17.3954 		-27.663 		34
v 17.6148 		-27.6203 		34
v 17.9024 		-27.5586 		34
v 17.8694 		-35.5556 		34
v 17.9138 		-41.9846 		34
v 18.0134 		-43.3969 		34
v 18.2163 		-45.1663 		34
v 0.9811 		-45.0871 		34
v -14.9822 		-45.092 		34
v -15.3347 		-45.0909 		34
v -16.5682 		-44.9378 		34
v -17.8031 		-44.816 		34
v -26.7827 		-44.7979 		34
v -35.7639 		-44.816 		34
v -35.9453 		-44.816 		34
v -38.19 		-44.5106 		34
v -40.4377 		-44.2662 		34
v -47.8758 		-44.1947 		34
v -55.2971 		-44.2937 		34
v -55.8515 		-44.4758 		34
v -56.532 		-44.8293 		34
v -56.5845 		-44.8207 		34
v -56.63 		-44.816 		34
v -57.3043 		-44.9636 		34
v -57.9382 		-45.2558 		34
v -58.5227 		-45.971 		34
v -58.9502 		-46.7952 		34
v -59.0427 		-50.1567 		34
v -59.049 		-53.5574 		34
v -60.5101 		-54.8172 		34
v -61.8135 		-54.7669 		34
v -64.9519 		-55.3626 		34
v -67.7987 		-49.9727 		34
v -67.5401 		-43.9638 		34
v -67.6449 		-42.4344 		34
v -67.8116 		-40.9126 		34
v -68.127 		-39.5075 		34
v -66.566 		-37.9669 		34
v -64.7262 		-38.1087 		34
v -57.9971 		-38.1888 		34
v -51.2737 		-38.1087 		34
v -45.0145 		-37.3222 		34
v -37.1066 		-36.4425 		34
v -35.4517 		-36.4594 		34
v -33.2641 		-36.3534 		34
v -31.0827 		-36.1845 		34
v -29.8488 		-35.9183 		34
v -28.6391 		-35.5523 		34
v -27.8198 		-35.145 		34
v -26.7837 		-34.5533 		34
v -26.3898 		-34.3235 		34
v -26.1214 		-34.1228 		34
v -26.0806 		-34.0794 		34
v -26.0336 		-34.0234 		34
v -26.028 		-34.0181 		34
v -26.0226 		-34.0129 		34
v -25.9546 		-33.9316 		34
v -25.8801 		-33.8167 		34
v -25.5529 		-33.2827 		34
v -25.3808 		-32.8309 		34
v -25.3732 		-32.7237 		34
v -25.3658 		-32.6091 		34
v -25.3124 		-32.424 		34
v -25.2821 		-32.2811 		34
v -25.2825 		-32.0453 		34
v -25.3236 		-31.7171 		34
v -25.2449 		-27.0089 		34
v -25.2821 		-22.9349 		34
v -25.5257 		-19.7129 		34
v -25.9733 		-16.5575 		34
v -26.7107 		-15.3613 		34
v -27.6024 		-14.2485 		34
v -28.0089 		-13.8047 		34
v -28.4663 		-13.4788 		34
v -32.3267 		-13.2888 		34
v -36.2169 		-13.2589 		34
v -38.6892 		-13.4789 		34
v -41.1535 		-13.8087 		34
v -47.4489 		-15.0654 		34
v -53.7421 		-16.3376 		34
v -56.087 		-16.5575 		34
v -57.3336 		-16.5558 		34
v -58.58 		-16.5575 		34
v -62.3575 		-14.5291 		34
v -62.9243 		-11.8845 		34
v -63.4314 		-10.3748 		34
v -63.9857 		-8.8882 		34
v -64.2784 		-8.3404 		34
v -64.6274 		-7.8436 		34
v -65.6569 		-7.0038 		34
v -66.7502 		-6.3042 		34
v -68.1292 		-6.1091 		34
v -69.5394 		-6.0568 		34
v -70.6622 		-6.1838 		34
v -71.7856 		-6.3317 		34
v -73.3188 		-6.3528 		34
v -74.8463 		-6.4142 		34
v -76.8105 		-6.908 		34
v -78.771 		-7.4313 		34
v -79.883 		-5.5521 		34
v -79.9805 		-3.5554 		34
v -81.3438 		3.9774 		34
v -82.8554 		13.1012 		34
v -82.9672 		14.6972 		34
v -83.05 		15.1789 		34
v -83.1893 		15.6318 		34
v -83.7521 		16.3587 		34
v -84.3988 		16.9512 		34
v -85.7624 		17.171 		34
v -87.1634 		17.1986 		34
v -88.5716 		16.7874 		34
v -89.9773 		16.319 		34
v -90.8458 		16.2103 		34
v -91.7051 		16.0716 		34
v -93.518 		15.257 		34
v -95.2595 		14.3123 		34
v -95.6999 		13.7154 		34
v -96 		13.0203 		34
v -95.9715 		11.4762 		34
v -95.8272 		9.9141 		34
v -95.3582 		7.9899 		34
v -95.3728 		-0.4059 		34
v -95.3582 		-8.8057 		34
v -94.928 		-14.2285 		34
v -94.3462 		-19.6363 		34
v -92.6184 		-29.7521 		34
v -92.5749 		-34.3744 		34
v -92.5196 		-38.9609 		34
v -92.0938 		-39.7924 		34
v -91.4829 		-40.4727 		34
v -90.1572 		-40.8899 		34
v -88.7678 		-41.1325 		34
v -87.0013 		-41.028 		34
v -85.238 		-40.8851 		34
v -84.6558 		-42.911 		34
v -84.3741 		-44.7335 		34
v -83.3682 		-49.0477 		34
v -81.3874 		-59.7149 		34
v -81.2816 		-60.9668 		34
v -81.1653 		-62.2163 		34
v -80.1666 		-68.1107 		34
v -80.178 		-69.226 		34
v -80.0439 		-70.5715 		34
v -79.8324 		-71.8924 		34
v -79.7652 		-72.0697 		34
v -79.6532 		-72.3015 		34
v -79.5944 		-72.4796 		34
v -79.5362 		-72.6071 		34
v -79.443 		-72.7369 		34
v -79.3008 		-72.8976 		34
v -79.1736 		-73.0711 		34
v -79.0672 		-73.1843 		34
v -78.9652 		-73.2566 		34
v -78.8251 		-73.3388 		34
v -78.4498 		-73.6107 		34
v -78.1539 		-73.7341 		34
v -78.0104 		-73.7459 		34
v -77.8567 		-73.7571 		34
v -77.6313 		-73.8206 		34
v -77.4628 		-73.8441 		34
v -77.345 		-73.8311 		34
v -77.1931 		-73.795 		34
v -70.9277 		-73.8985 		34
v -65.2939 		-73.8441 		34
v -63.0172 		-73.6126 		34
v -60.7521 		-73.2668 		34
v -57.2623 		-72.4264 		34
v -56.3338 		-72.4422 		34
v -53.0135 		-71.8921 		34
v -50.2917 		-75.2346 		34
v -50.8294 		-79.1494 		34
v -50.9439 		-85.5283 		34
v -50.8047 		-91.8492 		34
v -50.0915 		-93.3943 		34
v -49.1509 		-94.8455 		34
v -48.6885 		-95.3544 		34
v -48.1636 		-95.7526 		34
v -46.9188 		-95.9359 		34
v -45.6459 		-96 		34
v -44.4985 		-95.8569 		34
v -43.3504 		-95.6976 		34
v -41.8933 		-95.7048 		34
v -40.4377 		-95.6976 		34
v -38.7238 		-95.4596 		34
v -37.0314 		-95.1204 		34
v -36.2808 		-94.7378 		34
v -35.5998 		-94.2407 		34
v -35.2318 		-93.574 		34
v -35.0074 		-92.8388 		34
v -35.3338 		-90.0988 		34
v -35.7232 		-87.341 		34
v -35.7215 		-86.2689 		34
v -35.7232 		-85.1969 		34
v -35.021 		-70.947 		34
v -34.9333 		-74.6962 		34
v -34.7874 		-75.4799 		34
v -34.5384 		-76.2081 		34
v -33.8927 		-76.8514 		34
v -33.1561 		-77.3351 		34
v -31.8753 		-77.2981 		34
v -30.5644 		-77.1702 		34
v -23.689 		-77.1836 		34
v -16.8157 		-77.1702 		34
v -15.343 		-77.0443 		34
v -13.9031 		-76.7854 		34
v -13.1545 		-76.2967 		34
v -12.5208 		-75.6583 		34
v -12.1127 		-74.3319 		34
v -11.879 		-72.9369 		34
v -12.0881 		-71.1598 		34
v -12.4221 		-69.3909 		34
v -12.6397 		-68.7707 		34
v -12.9404 		-68.2089 		34
v -14.0825 		-67.207 		34
v -15.31 		-66.3671 		34
v -16.7178 		-66.2336 		34
v -18.0746 		-66.1197 		34
v -5.696 		-69.2952 		34
v -5.6095 		-72.4696 		34
v -5.2789 		-74.9234 		34
v -5.1405 		-77.6375 		34
v -5.6555 		-77.7037 		34
v -6.1772 		-77.775 		34
v -12.4553 		-80.0432 		34
v -13.7797 		-80.3039 		34
v -15.1613 		-80.7194 		34
v -22.2208 		-82.049 		34
v -22.9372 		-81.9258 		34
v -23.6321 		-81.979 		34
v -24.2948 		-82.1457 		34
v -25.6331 		-83.2788 		34
v -26.8865 		-84.5372 		34
v -27.2347 		-85.2094 		34
v -27.4543 		-85.9391 		34
v -27.3687 		-87.6131 		34
v -27.084 		-89.2378 		34
v -26.1214 		-90.5908 		34
v -25.0106 		-91.8492 		34
v -24.5173 		-92.2719 		34
v -23.9739 		-92.5639 		34
v -16.2954 		-92.7152 		34
v -8.5962 		-92.6739 		34
v -5.3249 		-92.2629 		34
v -2.0551 		-91.8217 		34
v 1.2701 		-91.8465 		34
v 4.5848 		-91.8217 		34
v 6.6482 		-91.3138 		34
v 8.6328 		-90.5847 		34
v 9.2365 		-89.9007 		34
v 9.6696 		-89.0728 		34
v 9.6404 		-87.5106 		34
v 9.5215 		-85.9116 		34
v 9.741 		-77.0326 		34
v 9.9658 		-75.7958 		34
v 9.8589 		-72.5741 		34
v 15.083 		-70.0504 		34
v 15.2616 		-70.4755 		34
v 15.5482 		-71.0098 		34
v 15.6773 		-71.9609 		34
v 15.8898 		-72.827 		34
v 16.3626 		-73.3916 		34
v 16.9265 		-73.8441 		34
v 17.772 		-74.0156 		34
v 18.6296 		-74.0365 		34
v 19.2557 		-73.7031 		34
v 19.8144 		-73.2393 		34
v 19.8764 		-73.1451 		34
v 19.9474 		-73.0199 		34
v 21.0941 		-73.0423 		34
v 21.9619 		-73.0194 		34
v 23.6283 		-72.7453 		34
v 25.2941 		-72.4422 		34
v 28.9664 		-80.5711 		34
v 28.9473 		-88.1932 		34
v 28.9919 		-88.5898 		34
v 29.0954 		-88.9629 		34
v 29.9774 		-90.1578 		34
v 30.9219 		-91.2994 		34
v 31.4166 		-91.7163 		34
v 31.9586 		-92.0141 		34
v 35.037 		-92.1562 		34
v 38.1295 		-92.1241 		34
v 39.6791 		-91.793 		34
v 41.1902 		-91.2994 		34
v 42.2487 		-90.5882 		34
v 43.239 		-89.7601 		34
v 43.6697 		-89.149 		34
v 43.9795 		-88.4681 		34
v 43.9468 		-85.7303 		34
v 47.9302 		-83.5983 		34
v 49.163 		-83.9874 		34
v 50.1839 		-84.1976 		34
v 51.2117 		-84.3448 		34
v 55.6794 		-84.353 		34
v 62.0355 		-84.6314 		34
v 63.9236 		-84.8945 		34
v 67.505 		-84.8885 		34
v 71.0818 		-84.922 		34
v 73.624 		-85.4461 		34
v 76.1666 		-85.9666 		34
v 80.2654 		-86.0774 		34
v 84.3615 		-86.0216 		34
v 85.158 		-85.8104 		34
v 85.8918 		-85.4443 		34
v 86.7903 		-84.24 		34
v 87.6197 		-82.9428 		34
v 87.8361 		-82.5287 		34
v 87.9899 		-82.0907 		34
v 88.0822 		-79.2222 		34
v 88.0887 		-76.3455 		34
v 87.9618 		-75.4585 		34
v 87.7678 		-74.5863 		34
v 87.5281 		-73.9848 		34
v 87.2247 		-73.4317 		34
v 86.6643 		-72.9488 		34
v 86.0399 		-72.6071 		34
v 81.9431 		-72.5182 		34
v 77.8204 		-72.4971 		34
v 54.0329 		-68.5948 		34
v 49.706 		-67.3292 		34
v 47.5464 		-66.9435 		34
v 45.0798 		-64.991 		34
v 44.794 		-63.3983 		34
v 44.4253 		-61.975 		34
v 50.0894 		-61.3262 		34
v 51.3104 		-61.6116 		34
v 53.3683 		-61.9412 		34
v 55.4325 		-62.1888 		34
v 61.321 		-62.2688 		34
v 67.2065 		-62.2163 		34
v 68.3542 		-61.9408 		34
v 76.5592 		-61.6493 		34
v 83.621 		-61.6666 		34
v 84.5838 		-61.5333 		34
v 85.5463 		-61.3917 		34
v 88.7742 		-61.4023 		34
v 91.9639 		-61.2817 		34
v 93.209 		-60.6073 		34
v 94.3582 		-59.7149 		34
v 94.7664 		-59.0665 		34
v 95 		-58.3404 		34
v 94.2179 		-53.4733 		34
v 93.2475 		-48.6094 		34
v 92.4786 		-46.1458 		34
v 91.6184 		-43.7164 		34
v 91.4094 		-43.2949 		34
v 91.1494 		-42.9192 		34
v 90.0483 		-42.0296 		34
v 88.8785 		-41.3524 		34
v 81.4308 		-37.9715 		34
v 79.5235 		-33.683 		34
v 77.7454 		-31.0194 		34
v 75.8704 		-28.4327 		34
v 74.1141 		-26.2457 		34
v 72.2913 		-24.1444 		34
v 71.6848 		-23.7671 		34
v 71.0324 		-23.5122 		34
v 70.3416 		-23.5544 		34
v 69.6749 		-23.7321 		34
v 69.0142 		-24.3491 		34
v 68.4654 		-25.079 		34
v 68.2971 		-26.0233 		34
v 68.3173 		-26.9758 		34
v 69.1134 		-28.3519 		34
v 70.0451 		-29.6697 		34
v 71.0071 		-30.7418 		34
v 78.9088 		-43.8947 		34
v 79.8691 		-46.1904 		34
v 80.1644 		-46.6987 		34
v 80.5109 		-47.1525 		34
v 81.1213 		-47.5344 		34
v 81.7697 		-47.7847 		34
v 83.072 		-47.5334 		34
v 88.0057 		-48.1697 		34
v 88.4095 		-49.8189 		34
v 89.2656 		-53.048 		34
v 87.7295 		-56.077 		34
v 85.3735 		-55.8939 		34
v 84.4111 		-56.0354 		34
v 83.4482 		-56.1688 		34
v 76.2008 		-56.151 		34
v 68.959 		-56.1688 		34
v 67.9345 		-56.4423 		34
v 66.9103 		-56.7186 		34
v 52.0756 		-56.1688 		34
v 50.9414 		-55.8929 		34
v 49.8047 		-55.6465 		34
v 46.074 		-55.4075 		34
v 42.3504 		-55.3167 		34
v 41.2643 		-55.6371 		34
v 40.2029 		-56.0864 		34
v 39.744 		-56.3685 		34
v 39.339 		-56.7186 		34
v 38.9168 		-57.5608 		34
v 38.6478 		-58.4504 		34
v 39.0222 		-60.0378 		34
v 39.4871 		-61.6391 		34
v 39.7093 		-63.0134 		34
v 39.9314 		-64.3879 		34
v 40.4112 		-66.4663 		34
v 40.9681 		-68.5113 		34
v 41.5073 		-69.5412 		34
v 42.1282 		-70.5179 		34
v 42.5446 		-70.9774 		34
v 43.0168 		-71.3426 		34
v 45.7687 		-72.0253 		34
v 48.5459 		-72.6621 		34
v 52.8482 		-73.9269 		34
v 57.1604 		-75.136 		34
v 63.4804 		-76.3534 		34
v 69.8229 		-77.4176 		34
v 73.6569 		-77.7617 		34
v 77.4995 		-77.9949 		34
v 74.2538 		-79.9901 		34
v 71.6002 		-79.4518 		34
v 68.0727 		-79.4189 		34
v 64.5407 		-79.4243 		34
v 62.5538 		-79.1466 		34
v 60.5667 		-78.8745 		34
v 56.1612 		-78.862 		34
v 51.7547 		-78.8745 		34
v 50.249 		-78.6271 		34
v 48.9929 		-78.2171 		34
v 47.7313 		-77.8574 		34
v 45.2911 		-77.7542 		34
v 42.844 		-77.7475 		34
v 42.4 		-77.805 		34
v 41.9801 		-77.9399 		34
v 40.8912 		-78.9026 		34
v 39.8573 		-79.9466 		34
v 39.4973 		-80.5112 		34
v 39.2402 		-81.1286 		34
v 33.7355 		-79.2863 		34
v 33.8099 		-71.5075 		34
v 32.94 		-69.4928 		34
v 31.7859 		-67.6041 		34
v 31.2436 		-67.1213 		34
v 30.6257 		-66.7795 		34
v 28.99 		-66.7458 		34
v 27.3429 		-66.7245 		34
v 26.1938 		-66.2564 		34
v 25.0473 		-65.8449 		34
v 23.016 		-66.2239 		34
v 20.9745 		-66.6695 		34
v 20.0501 		-66.5306 		34
v 19.8273 		-66.2416 		34
v 19.6416 		-66.0648 		34
v 17.8773 		-65.2675 		34
v 16.0379 		-64.6079 		34
v 14.9583 		-64.3736 		34
v 13.8657 		-64.223 		34
v 10.9523 		-64.1668 		34
v 8.0404 		-64.1955 		34
v 7.3681 		-64.3412 		34
v 6.7075 		-64.5529 		34
v 6.1949 		-64.7974 		34
v 5.7202 		-65.1027 		34
v 5.2721 		-65.6988 		34
v 4.955 		-66.3671 		34
v 4.9963 		-70.6552 		34
v 5.0784 		-74.9711 		34
v 4.8345 		-76.4968 		34
v 4.5848 		-78.0224 		34
v 4.5974 		-82.1219 		34
v 4.0171 		-86.324 		34
v 0.8078 		-86.3035 		34
v -2.4006 		-86.324 		34
v -15.0422 		-86.2749 		34
v -10.1512 		-85.1419 		34
v -7.6911 		-84.164 		34
v -4.4148 		-83.0412 		34
v -3.5854 		-82.9428 		34
v -3.0353 		-82.7771 		34
v -2.524 		-82.5305 		34
v -1.4234 		-81.2472 		34
v -0.3766 		-79.8916 		34
v -0.1846 		-79.547 		34
v -0.0557 		-79.1769 		34
v -0.0776 		-77.0908 		34
v -0.1791 		-74.9986 		34
v -0.4289 		-73.5834 		34
v -0.6728 		-72.1673 		34
v -0.8221 		-67.8932 		34
v -1.0184 		-63.6458 		34
v -1.3299 		-62.9501 		34
v -1.7835 		-62.3538 		34
v -3.3941 		-61.3645 		34
v -5.0911 		-60.567 		34
v -8.7015 		-59.9469 		34
v -12.348 		-59.495 		34
v -13.7046 		-59.4639 		34
v -15.0632 		-59.495 		34
v -17.9451 		-59.6154 		34
v -20.7897 		-59.8798 		34
v -21.7339 		-60.4383 		34
v -22.5916 		-61.1718 		34
v -22.9658 		-61.8245 		34
v -23.2087 		-62.5462 		34
v -23.1729 		-65.6996 		34
v -22.9619 		-68.8411 		34
v -22.6005 		-69.7322 		34
v -22.0733 		-70.4904 		34
v -30.2852 		-70.53 		34
v -30.2435 		-69.061 		34
v -30.2404 		-67.727 		34
v -30.2435 		-66.3946 		34
v -30.3106 		-65.8468 		34
v -30.4409 		-65.3226 		34
v -31.152 		-64.1258 		34
v -31.9713 		-63.041 		34
v -33.3608 		-62.2313 		34
v -34.8346 		-61.5841 		34
v -36.2474 		-61.2924 		34
v -37.6732 		-61.1718 		34
v -39.373 		-61.5513 		34
v -41.0054 		-62.1339 		34
v -41.6083 		-62.8194 		34
v -42.0421 		-63.6458 		34
v -42.0137 		-65.3038 		34
v -41.894 		-66.9994 		34
v -41.93 		-71.4146 		34
v -41.894 		-75.8233 		34
v -41.3024 		-80.6495 		34
v -40.6599 		-85.4718 		34
v -40.6585 		-86.6957 		34
v -40.6599 		-87.9183 		34
v -40.3376 		-89.137 		34
v -41.8268 		-90.2635 		34
v -43.6712 		-90.1999 		34
v -44.904 		-90.508 		34
v -45.4238 		-73.5417 		34
v -45.1344 		-71.5695 		34
v -44.9301 		-69.6108 		34
v -45.2429 		-68.3411 		34
v -45.72 		-67.1368 		34
v -46.2412 		-66.6156 		34
v -46.8554 		-66.2572 		34
v -49.4706 		-66.2538 		34
v -52.113 		-66.3946 		34
v -54.3102 		-66.665 		34
v -56.5066 		-66.9444 		34
v -57.5458 		-66.9307 		34
v -58.58 		-66.9444 		34
v -60.0358 		-67.3787 		34
v -61.4926 		-67.824 		34
v -75.1345 		-68.3073 		34
v -75.184 		-67.3648 		34
v -75.2413 		-66.6695 		34
v -75.7405 		-64.111 		34
v -76.278 		-61.5566 		34
v -76.3943 		-60.2384 		34
v -76.5001 		-58.9177 		34
v -76.9763 		-55.6541 		34
v -77.5122 		-52.4029 		34
v -78.5318 		-47.9348 		34
v -79.5609 		-43.469 		34
v -79.9053 		-41.268 		34
v -80.252 		-39.0708 		34
v -80.4543 		-38.4209 		34
v -80.7457 		-37.8338 		34
v -82.185 		-36.5467 		34
v -83.7324 		-35.4973 		34
v -87.8056 		-32.7439 		34
v -87.6817 		-29.5597 		34
v -88.5382 		-24.254 		34
v -90.4363 		-0.0767 		34
v -90.4216 		8.3747 		34
v -90.7132 		9.5585 		34
v -90.0759 		10.81 		34
v -89.0887 		10.9037 		34
v -88.2934 		11.2708 		34
v -84.7543 		-6.5782 		34
v -84.6703 		-8.8057 		34
v -84.5118 		-9.602 		34
v -84.2507 		-10.3451 		34
v -83.3029 		-11.3558 		34
v -82.276 		-12.2968 		34
v -81.8457 		-12.5975 		34
v -81.3874 		-12.8191 		34
v -79.8356 		-12.9404 		34
v -78.2773 		-12.929 		34
v -76.1048 		-12.389 		34
v -72.7262 		-11.8097 		34
v -71.5141 		-11.8295 		34
v -70.0174 		-11.6882 		34
v -67.6635 		-13.4788 		34
v -67.0659 		-15.9074 		34
v -66.4293 		-18.3168 		34
v -65.7193 		-19.9104 		34
v -64.8989 		-21.423 		34
v -64.356 		-21.902 		34
v -63.7388 		-22.2477 		34
v -62.2806 		-22.3582 		34
v -60.8015 		-22.3577 		34
v -59.555 		-22.2113 		34
v -58.3085 		-22.0553 		34
v -57.0868 		-22.0538 		34
v -55.8648 		-22.0553 		34
v -54.4936 		-21.936 		34
v -53.125 		-21.7804 		34
v -50.6166 		-21.3897 		34
v -48.1142 		-20.9557 		34
v -44.3266 		-20.0919 		34
v -35.5998 		-30.9616 		34
v -37.267 		-30.9452 		34
v -38.932 		-30.9616 		34
v -67.1711 		-32.3767 		34
v -69.9837 		-32.0887 		34
v -70.5379 		-32.1131 		34
v -71.0698 		-32.2261 		34
v -71.7925 		-32.7691 		34
v -72.4027 		-33.4356 		34
v -73.0048 		-35.4202 		34
v -73.39 		-37.4765 		34
v -73.0985 		-39.575 		34
v -72.4767 		-44.2387 		34
v -72.4968 		-50.8825 		34
v -72.4767 		-57.5158 		34
v -72.2772 		-58.4327 		34
v -71.9584 		-59.3025 		34
v -71.4166 		-60.0299 		34
v -70.7736 		-60.5945 		34
v -68.7864 		-60.7956 		34
v -66.7502 		-60.8144 		34
v -64.171 		-60.5478 		34
v -61.5914 		-60.2646 		34
v -59.3696 		-60.2563 		34
v -57.1484 		-60.2646 		34
v -56.8063 		-60.2104 		34
v -56.4819 		-60.0997 		34
v -55.7735 		-59.531 		34
v -55.1737 		-58.8627 		34
v -54.5906 		-56.7434 		34
v -54.1864 		-54.547 		34
v -54.1081 		-52.468 		34
v -40.6105 		-49.7639 		34
v -38.5248 		-50.0266 		34
v -36.439 		-50.2862 		34
v -27.338 		-50.3313 		34
v -18.2338 		-50.3134 		34
v -18.0499 		-50.3137 		34
v -16.9275 		-50.4536 		34
v -15.8037 		-50.5611 		34
v 1.7532 		-50.5651 		34
v 19.3116 		-50.5339 		34
v 19.4918 		-50.5458 		34
v 19.6663 		-50.5336 		34
v 20.4445 		-50.1107 		34
v 21.1473 		-49.599 		34
v 21.5104 		-48.7233 		34
v 21.715 		-47.7847 		34
v 21.715 		-47.781 		34
v 21.9466 		-47.6986 		34
v 22.11 		-47.6198 		34
v 22.6057 		-47.0795 		34
v 22.9986 		-46.4378 		34
v 23.1637 		-45.3667 		34
v 23.2207 		-44.2662 		34
v 22.8505 		-41.7922 		34
v 22.8426 		-32.809 		34
v 22.8011 		-23.8421 		34
v 22.5671 		-23.123 		34
v 22.2087 		-22.4676 		34
v 21.6464 		-21.9942 		34
v 21.0239 		-21.643 		34
v 20.1747 		-21.6662 		34
v 19.3208 		-21.8079 		34
v 19.2888 		-21.8191 		34
v 19.2509 		-21.8369 		34
v 19.1823 		-21.817 		34
v 19.1233 		-21.8079 		34
v 16.8658 		-22.0568 		34
v 14.5815 		-22.3852 		34
v 7.1765 		-22.2903 		34
v 5.7696 		-22.1927 		34
v 3.6551 		-22.3511 		34
v 1.5597 		-20.1034 		34
v 1.5487 		-17.6846 		34
v 1.0811 		-15.5492 		34
v 3.0375 		-14.1072 		34
v 5.4981 		-14.7433 		34
v 9.5426 		-15.1173 		34
v 13.5942 		-15.403 		34
v 15.306 		-15.4315 		34
v 17.0005 		-15.348 		34
v 17.6435 		-15.0479 		34
v 18.21 		-14.6058 		34
v 19.2043 		-12.9362 		34
v 19.9378 		-11.1423 		34
v 20.1054 		-4.2516 		34
v 20.0243 		3.1958 		34
v 20.0238 		3.2491 		34
v 20.0222 		3.3058 		34
v 20.0169 		3.585 		34
v 20.0119 		3.8391 		34
v 19.97 		4.0644 		34
v 19.8723 		4.3626 		34
v 19.8436 		4.4554 		34
v 19.8144 		4.5263 		34
v 19.8013 		4.5516 		34
v 19.786 		4.5791 		34
v 19.695 		4.776 		34
v 19.617 		4.9112 		34
v 19.441 		5.1188 		34
v 19.1781 		5.3848 		34
v 18.8507 		5.709 		34
v 18.5803 		5.8733 		34
v 18.5414 		5.8822 		34
v 18.5016 		5.8913 		34
v 18.4141 		5.913 		34
v 18.3104 		5.9326 		34
v 12.96 		6.7363 		34
v 7.7936 		7.3302 		34
v 4.6857 		7.4846 		34
v 1.5734 		7.5501 		34
v -33.0542 		7.5658 		34
v -69.2083 		7.5502 		34
v -69.2079 		10.3841 		34
v -69.2432 		12.4981 		34
v -69.7777 		24.6496 		34
v -70.3673 		36.8 		34
v -70.3542 		58.871 		34
v -70.3534 		58.9813 		34
v -70.354 		59.0915 		34
v -70.5514 		63.4072 		34
v -70.5458 		70.721 		34
v -70.5514 		78.0312 		34
v -70.6325 		78.654 		34
v -70.7983 		79.2407 		34
v -71.3723 		79.9617 		34
v -72.0324 		80.5602 		34
v -75.2906 		59.0915 		34
v -75.2782 		48.1791 		34
v -74.1846 		12.6208 		34
v 1.1299 		2.0544 		34
v 7.374 		1.8599 		34
v 6.4113 		-9.328 		34
v -15.1586 		-45.0939 		34
v -59.2958 		-54.7669 		34
v -68.3793 		-37.8338 		34
v -38.7592 		-36.4594 		34
v -60.1972 		-16.8599 		34
v -79.7337 		-7.4313 		34
v -82.7203 		11.5085 		34
v -84.9418 		-41.105 		34
v -80.6626 		-64.6075 		34
v -80.178 		-66.9994 		34
v -58.1851 		-72.4422 		34
v -36.3673 		-80.361 		34
v -35.2048 		-67.3018 		34
v -5.8563 		-66.2022 		34
v -8.6557 		-78.7714 		34
v -11.1385 		-79.7542 		34
v -21.5056 		-82.1457 		34
v 9.5215 		-78.2698 		34
v 28.9473 		-72.9644 		34
v 44.0782 		-83.2452 		34
v 46.6946 		-83.2452 		34
v 60.1471 		-84.3723 		34
v 58.3699 		-69.8032 		34
v 48.8668 		-61.0618 		34
v 69.5021 		-61.6666 		34
v 86.0938 		-41.7417 		34
v 77.9438 		-41.5998 		34
v 80.4429 		-77.8822 		34
v 76.9071 		-80.5238 		34
v 39.231 		-83.7253 		34
v 33.8839 		-86.6263 		34
v -5.6214 		-86.7566 		34
v -18.5929 		-87.1761 		34
v -5.2392 		-83.1628 		34
v -40.2156 		-90.1449 		34
v -85.852 		-35.6243 		34
v -87.6817 		-35.5523 		34
v -90.4216 		-8.5308 		34
v -90.8905 		10.6013 		34
v -84.8678 		-4.3525 		34
v -73.9331 		-11.8295 		34
v -45.3602 		-31.8362 		34
v -64.3559 		-32.6385 		34
v -72.6989 		-41.6822 		34
v -54.0985 		-49.7576 		34
v 23.0335 		-43.0308 		34
v 8.5835 		-22.3852 		34
v -70.3673 		47.9582 		34
v 15.1224 		0.8654 		34
v -68.4533 		-38.1087 		34
v -54.9123 		-16.4716 		34
v -95.5777 		8.9537 		34
v -93.4547 		-24.6927 		34
v -82.3748 		-53.365 		34
v -81.8524 		-56.5338 		34
v -59.4677 		-72.8522 		34
v -50.2123 		-71.8924 		34
v -36.9574 		-75.5209 		34
v -4.943 		-77.3626 		34
v -16.5442 		-81.1286 		34
v 9.4885 		-82.0882 		34
v 10.0151 		-69.6933 		34
v 26.9341 		-72.2422 		34
v 74.126 		-72.275 		34
v 83.5222 		-41.7922 		34
v 71.9704 		-31.8138 		34
v 54.0101 		-56.4833 		34
v 83.152 		-77.9949 		34
v 50.999 		-78.7762 		34
v 4.5848 		-86.159 		34
v -8.843 		-87.1761 		34
v -45.7035 		-76.5908 		34
v -89.4342 		-18.9491 		34
v -68.5274 		-11.5546 		34
v -67.9669 		-12.5883 		34
v -33.5855 		-30.8501 		34
v -72.5648 		-42.9583 		34
v -18.1418 		-50.3122 		34
v 11.5835 		-22.4195 		34
v 0.9316 		-13.8087 		34
v -70.3738 		36.9227 		34
v -70.4634 		61.249 		34
v 10.6998 		-9.6702 		34
v -35.8547 		-44.8176 		34
v -59.1128 		-54.227 		34
v -67.5401 		-55.3167 		34
v -61.6161 		-16.8599 		34
v -79.3034 		-7.5089 		34
v -85.07 		-40.9668 		34
v -19.0219 		-81.6788 		34
v 45.2664 		-83.0768 		34
v 46.4723 		-60.7845 		34
v 73.7462 		-34.2719 		34
v 76.7338 		-39.1695 		34
v 55.9509 		-56.7186 		34
v 39.1415 		-86.214 		34
v 20.5806 		-66.6349 		34
v -20.3035 		-71.1224 		34
v -30.046 		-71.6725 		34
v -45.9174 		-79.6442 		34
v -90.0008 		-13.747 		34
v -86.1508 		3.6564 		34
v -40.5364 		-19.2514 		34
v -31.5764 		-30.6867 		34
v -58.0719 		-32.7288 		34
v -70.3787 		37.0455 		34
v 14.9765 		-9.9053 		34
v 75.4508 		-36.7893 		34
v -19.1606 		-71.535 		34
v -46.0513 		-85.2412 		34
v -63.5238 		-68.1354 		34
v -87.657 		11.371 		34
v -68.3053 		-11.7195 		34
v -51.7921 		-32.6385 		34
v 14.1129 		-69.8231 		34
v 84.3861 		-47.2075 		34
v -65.5654 		-68.3463 		34
v 28.5277 		-72.1673 		34
v 44.3497 		-60.8144 		34
v 13.3474 		-69.6933 		34
v 85.9755 		-46.861 		34
v 87.4222 		-46.7952 		34
v 1.4994 		2.0523 		34
v 4.4381 		1.9777 		34
v 89.6437 		-55.8939 		34
v 15.1107 		-4.9935 		34
v 15.0999 		-9.6579 		34
v 61.4326 		-56.7836 		34
v 15.0566 		-9.8034 		34
v 45.5592 		-66.3671 		34
v 1.8202 		-22.1927 		34
v 64.3941 		-70.9494 		34
v 70.44 		-71.9473 		34
v 83.3905 		-79.2058 		34
v 83.152 		-80.4139 		34
v -47.2719 		-49.6971 		34
v 80.1469 		-80.6483 		34
v 38.5529 		-86.508 		34
v 37.8086 		-86.6263 		34
v 35.622 		-86.9035 		34
v -68.4385 		-37.9504 		34
v 28.7915 		-72.5051 		34
v -30.9464 		-30.5449 		34
v -30.2296 		-30.3318 		34
v 11.5297 		-69.4951 		34
v -30.2067 		-26.5363 		34
v -30.2188 		-23.4572 		34
v -30.2496 		-20.9107 		34
v -30.6384 		-18.7566 		34
v -33.1094 		-18.5418 		34
v -35.896 		-18.7566 		34
v 4.3416 		-86.2867 		34
v -38.2204 		-18.9594 		34
v -14.3951 		-87.2954 		34
v -68.4054 		-11.6169 		34
v -5.0179 		-77.5186 		34
v -6.2634 		-65.9042 		34
v -6.7943 		-65.7349 		34
v -9.6884 		-65.3272 		34
v -12.5949 		-64.9927 		34
v -13.8285 		-64.9545 		34
v -15.0632 		-64.9652 		34
v -16.645 		-65.0296 		34
v -18.1239 		-65.2126 		34
v -18.1947 		-65.6647 		34
v -69.8234 		-68.3463 		34
v -24.3866 		-71.8255 		34
v -35.7019 		-67.0032 		34
v -36.3403 		-66.8344 		34
v -45.8681 		-90.5023 		34
v -36.6899 		-66.7461 		34
v -36.9574 		-66.7795 		34
v -37.0439 		-71.1019 		34
# 3322 vertices

g group_0_8768998

usemtl color_8768998
s 0

f 1 	2 	3
f 4 	5 	6
f 7 	8 	4
f 9 	10 	7
f 11 	12 	9
f 13 	14 	11
f 15 	16 	13
f 17 	18 	15
f 19 	20 	17
f 21 	22 	19
f 23 	24 	21
f 25 	26 	23
f 27 	28 	25
f 29 	30 	31
f 32 	33 	29
f 34 	35 	32
f 36 	37 	38
f 39 	40 	36
f 41 	42 	43
f 44 	45 	46
f 47 	48 	44
f 49 	50 	47
f 51 	52 	49
f 53 	54 	51
f 55 	56 	53
f 57 	58 	55
f 59 	60 	57
f 61 	62 	59
f 63 	64 	65
f 66 	67 	63
f 68 	69 	70
f 71 	72 	73
f 74 	75 	76
f 77 	78 	74
f 79 	80 	77
f 81 	82 	79
f 83 	84 	81
f 85 	86 	83
f 87 	88 	85
f 89 	90 	87
f 91 	92 	89
f 93 	94 	91
f 95 	96 	97
f 98 	99 	95
f 100 	101 	98
f 102 	103 	104
f 105 	106 	107
f 108 	109 	105
f 110 	111 	112
f 113 	114 	110
f 115 	116 	113
f 117 	118 	115
f 119 	120 	117
f 121 	122 	119
f 123 	124 	125
f 126 	127 	128
f 129 	130 	126
f 131 	132 	133
f 134 	135 	136
f 137 	138 	139
f 140 	141 	142
f 143 	144 	140
f 145 	146 	147
f 148 	149 	150
f 151 	152 	148
f 153 	154 	151
f 155 	156 	153
f 157 	158 	155
f 159 	160 	157
f 161 	162 	159
f 163 	164 	161
f 165 	166 	167
f 168 	169 	165
f 170 	171 	168
f 172 	173 	170
f 174 	175 	172
f 176 	177 	178
f 179 	180 	176
f 181 	182 	179
f 183 	184 	181
f 185 	186 	187
f 188 	189 	190
f 191 	192 	193
f 194 	195 	191
f 196 	197 	194
f 198 	199 	196
f 200 	201 	198
f 202 	203 	200
f 204 	205 	206
f 207 	208 	209
f 210 	211 	207
f 212 	213 	210
f 214 	215 	212
f 216 	217 	214
f 218 	219 	216
f 220 	221 	218
f 222 	223 	220
f 224 	225 	222
f 226 	227 	224
f 228 	229 	226
f 230 	231 	232
f 233 	234 	230
f 235 	236 	237
f 238 	239 	235
f 240 	241 	238
f 242 	243 	240
f 244 	245 	246
f 247 	248 	244
f 249 	250 	247
f 251 	252 	249
f 253 	254 	251
f 255 	256 	253
f 257 	258 	255
f 259 	260 	257
f 261 	262 	259
f 263 	264 	265
f 266 	267 	263
f 268 	269 	266
f 270 	271 	268
f 272 	273 	270
f 274 	275 	272
f 276 	277 	278
f 279 	280 	276
f 281 	282 	279
f 283 	284 	281
f 285 	286 	283
f 287 	288 	285
f 289 	290 	291
f 292 	293 	289
f 294 	295 	296
f 297 	298 	294
f 299 	300 	297
f 301 	302 	299
f 303 	304 	301
f 305 	306 	307
f 308 	309 	310
f 311 	312 	308
f 313 	314 	311
f 315 	316 	313
f 317 	318 	315
f 319 	320 	317
f 321 	322 	319
f 323 	324 	321
f 325 	326 	323
f 327 	328 	325
f 329 	330 	327
f 331 	332 	329
f 333 	334 	331
f 335 	336 	333
f 337 	338 	339
f 340 	341 	342
f 343 	344 	345
f 346 	347 	348
f 349 	350 	351
f 352 	353 	349
f 354 	355 	352
f 356 	357 	354
f 358 	359 	356
f 360 	361 	358
f 362 	363 	360
f 364 	365 	362
f 366 	367 	364
f 368 	369 	366
f 370 	371 	368
f 372 	373 	370
f 374 	375 	372
f 376 	377 	378
f 379 	380 	381
f 382 	383 	379
f 384 	385 	382
f 386 	387 	384
f 388 	389 	386
f 390 	391 	388
f 392 	393 	390
f 394 	395 	392
f 396 	397 	398
f 399 	400 	401
f 402 	403 	399
f 404 	405 	402
f 406 	407 	404
f 408 	409 	406
f 410 	411 	408
f 412 	413 	410
f 414 	415 	412
f 416 	417 	414
f 418 	419 	416
f 420 	421 	422
f 423 	424 	420
f 425 	426 	423
f 427 	428 	425
f 429 	430 	431
f 432 	433 	429
f 434 	435 	432
f 436 	437 	434
f 438 	439 	436
f 440 	441 	442
f 443 	444 	440
f 445 	446 	443
f 447 	448 	449
f 450 	451 	447
f 452 	453 	450
f 454 	455 	452
f 456 	457 	458
f 459 	460 	461
f 462 	463 	459
f 464 	465 	462
f 466 	467 	464
f 468 	469 	470
f 471 	472 	468
f 473 	474 	471
f 475 	476 	473
f 477 	478 	475
f 479 	480 	481
f 482 	483 	484
f 485 	486 	482
f 487 	488 	485
f 489 	490 	487
f 491 	492 	493
f 494 	495 	491
f 496 	497 	494
f 498 	499 	496
f 500 	501 	498
f 502 	503 	500
f 504 	505 	502
f 506 	507 	504
f 508 	509 	506
f 510 	511 	508
f 512 	513 	510
f 514 	515 	512
f 516 	517 	514
f 518 	519 	516
f 520 	521 	518
f 522 	523 	520
f 524 	525 	522
f 526 	527 	528
f 529 	530 	531
f 532 	533 	529
f 534 	535 	532
f 536 	537 	534
f 538 	539 	536
f 540 	541 	538
f 542 	543 	540
f 544 	545 	546
f 4 	6 	547
f 9 	7 	4
f 13 	11 	9
f 17 	15 	13
f 21 	19 	17
f 25 	23 	21
f 31 	27 	25
f 32 	29 	31
f 36 	38 	34
f 548 	39 	36
f 549 	41 	43
f 47 	44 	46
f 51 	49 	47
f 55 	53 	51
f 59 	57 	55
f 65 	61 	59
f 66 	63 	65
f 68 	70 	66
f 550 	71 	73
f 77 	74 	76
f 81 	79 	77
f 85 	83 	81
f 89 	87 	85
f 93 	91 	89
f 98 	95 	97
f 102 	104 	100
f 105 	107 	551
f 552 	108 	105
f 110 	112 	552
f 115 	113 	110
f 119 	117 	115
f 125 	121 	119
f 553 	123 	125
f 129 	126 	128
f 131 	133 	554
f 134 	136 	555
f 137 	139 	556
f 140 	142 	557
f 558 	143 	140
f 145 	147 	559
f 151 	148 	150
f 155 	153 	151
f 159 	157 	155
f 163 	161 	159
f 165 	167 	560
f 170 	168 	165
f 174 	172 	170
f 181 	179 	176
f 185 	187 	561
f 194 	191 	193
f 198 	196 	194
f 202 	200 	198
f 562 	204 	206
f 210 	207 	209
f 214 	212 	210
f 218 	216 	214
f 222 	220 	218
f 226 	224 	222
f 563 	228 	226
f 233 	230 	232
f 238 	235 	237
f 242 	240 	238
f 247 	244 	246
f 251 	249 	247
f 257 	255 	253
f 261 	259 	257
f 263 	265 	261
f 268 	266 	263
f 272 	270 	268
f 279 	276 	278
f 283 	281 	279
f 287 	285 	283
f 289 	291 	564
f 296 	292 	289
f 297 	294 	296
f 301 	299 	297
f 305 	307 	303
f 311 	308 	310
f 315 	313 	311
f 319 	317 	315
f 325 	323 	321
f 329 	327 	325
f 333 	331 	329
f 337 	339 	335
f 340 	342 	565
f 566 	343 	345
f 346 	348 	567
f 352 	349 	351
f 358 	356 	354
f 362 	360 	358
f 366 	364 	362
f 370 	368 	366
f 374 	372 	370
f 376 	378 	568
f 379 	381 	569
f 384 	382 	379
f 388 	386 	384
f 392 	390 	388
f 570 	396 	398
f 402 	399 	401
f 406 	404 	402
f 412 	410 	408
f 416 	414 	412
f 420 	422 	571
f 425 	423 	420
f 431 	427 	425
f 432 	429 	431
f 436 	434 	432
f 572 	438 	436
f 440 	442 	573
f 445 	443 	440
f 450 	447 	449
f 454 	452 	450
f 456 	458 	574
f 462 	459 	461
f 466 	464 	462
f 468 	470 	575
f 473 	471 	468
f 477 	475 	473
f 479 	481 	576
f 485 	482 	484
f 489 	487 	485
f 494 	491 	493
f 498 	496 	494
f 502 	500 	498
f 506 	504 	502
f 510 	508 	506
f 514 	512 	510
f 518 	516 	514
f 522 	520 	518
f 528 	524 	522
f 577 	526 	528
f 532 	529 	531
f 536 	534 	532
f 542 	540 	538
f 9 	4 	547
f 17 	13 	9
f 25 	21 	17
f 34 	32 	31
f 548 	36 	34
f 549 	43 	578
f 47 	46 	579
f 55 	51 	47
f 65 	59 	55
f 580 	68 	66
f 581 	550 	73
f 81 	77 	76
f 89 	85 	81
f 582 	93 	89
f 100 	98 	97
f 551 	102 	100
f 552 	105 	551
f 115 	110 	552
f 125 	119 	115
f 131 	554 	583
f 556 	134 	555
f 558 	140 	557
f 584 	145 	559
f 159 	155 	151
f 585 	163 	159
f 170 	165 	560
f 178 	174 	170
f 181 	176 	178
f 586 	185 	561
f 198 	194 	193
f 587 	202 	198
f 214 	210 	209
f 226 	222 	218
f 588 	233 	232
f 242 	238 	237
f 251 	247 	246
f 257 	253 	251
f 263 	261 	257
f 272 	268 	263
f 283 	279 	278
f 589 	287 	283
f 296 	289 	564
f 301 	297 	296
f 310 	305 	303
f 315 	311 	310
f 321 	319 	315
f 329 	325 	321
f 335 	333 	329
f 345 	340 	565
f 567 	566 	345
f 351 	346 	567
f 354 	352 	351
f 362 	358 	354
f 370 	366 	362
f 590 	374 	370
f 591 	376 	568
f 384 	379 	569
f 392 	388 	384
f 402 	401 	592
f 408 	406 	402
f 416 	412 	408
f 425 	420 	571
f 436 	432 	431
f 593 	572 	436
f 445 	440 	573
f 450 	449 	445
f 594 	456 	574
f 462 	461 	595
f 596 	466 	462
f 473 	468 	575
f 576 	477 	473
f 484 	479 	576
f 489 	485 	484
f 494 	493 	489
f 502 	498 	494
f 510 	506 	502
f 518 	514 	510
f 528 	522 	518
f 536 	532 	531
f 548 	34 	31
f 55 	47 	579
f 66 	65 	55
f 81 	76 	597
f 582 	89 	81
f 551 	100 	97
f 115 	552 	551
f 553 	125 	115
f 137 	556 	555
f 598 	558 	557
f 560 	585 	159
f 178 	170 	560
f 183 	181 	178
f 190 	586 	561
f 198 	193 	599
f 214 	209 	600
f 563 	226 	218
f 601 	588 	232
f 242 	237 	602
f 251 	246 	603
f 274 	272 	263
f 283 	278 	604
f 564 	589 	283
f 301 	296 	564
f 315 	310 	303
f 329 	321 	315
f 337 	335 	329
f 567 	345 	565
f 605 	590 	370
f 384 	569 	606
f 394 	392 	384
f 402 	592 	570
f 416 	408 	402
f 431 	425 	571
f 593 	436 	431
f 445 	573 	607
f 454 	450 	445
f 594 	574 	608
f 596 	462 	595
f 484 	576 	473
f 510 	502 	494
f 577 	528 	518
f 538 	536 	531
f 548 	31 	25
f 55 	579 	549
f 580 	66 	55
f 81 	597 	609
f 97 	582 	81
f 610 	553 	115
f 137 	555 	131
f 598 	557 	611
f 612 	183 	178
f 188 	190 	561
f 198 	599 	613
f 214 	600 	562
f 614 	563 	218
f 615 	601 	232
f 242 	602 	615
f 257 	251 	603
f 616 	274 	263
f 301 	564 	283
f 315 	303 	301
f 337 	329 	315
f 384 	606 	617
f 454 	445 	607
f 618 	594 	608
f 619 	596 	595
f 489 	484 	473
f 620 	577 	518
f 542 	538 	531
f 578 	548 	25
f 55 	549 	578
f 621 	580 	55
f 622 	137 	131
f 559 	598 	611
f 623 	612 	178
f 198 	613 	188
f 242 	615 	232
f 257 	603 	624
f 625 	337 	315
f 626 	454 	607
f 627 	618 	608
f 494 	489 	473
f 628 	542 	531
f 55 	578 	25
f 629 	621 	55
f 584 	559 	611
f 198 	188 	561
f 242 	232 	630
f 257 	624 	631
f 625 	315 	301
f 608 	626 	607
f 546 	628 	531
f 629 	55 	25
f 632 	584 	611
f 633 	625 	301
f 627 	608 	607
f 634 	629 	25
f 565 	633 	301
f 635 	627 	607
f 73 	634 	25
f 567 	565 	301
f 581 	73 	25
f 351 	567 	301
f 581 	25 	17
f 351 	301 	283
f 636 	581 	17
f 354 	351 	283
f 637 	636 	17
f 354 	283 	604
f 637 	17 	9
f 354 	604 	638
f 639 	637 	9
f 354 	638 	640
f 641 	639 	9
f 362 	354 	640
f 642 	641 	9
f 362 	640 	643
f 644 	642 	9
f 362 	643 	645
f 644 	9 	547
f 362 	645 	616
f 644 	547 	1
f 370 	362 	616
f 646 	644 	1
f 370 	616 	263
f 646 	1 	3
f 605 	370 	263
f 647 	646 	3
f 648 	605 	263
f 649 	647 	3
f 650 	648 	263
f 609 	649 	3
f 651 	650 	263
f 81 	609 	3
f 652 	651 	263
f 81 	3 	653
f 652 	263 	257
f 81 	653 	654
f 655 	652 	257
f 81 	654 	544
f 568 	655 	257
f 81 	544 	546
f 591 	568 	257
f 97 	81 	546
f 591 	257 	631
f 97 	546 	531
f 656 	591 	631
f 97 	531 	657
f 617 	656 	631
f 97 	657 	658
f 384 	617 	631
f 551 	97 	658
f 384 	631 	659
f 551 	658 	660
f 384 	659 	661
f 115 	551 	660
f 384 	661 	662
f 115 	660 	620
f 394 	384 	662
f 115 	620 	518
f 394 	662 	663
f 610 	115 	518
f 394 	663 	242
f 664 	610 	518
f 665 	394 	242
f 664 	518 	510
f 665 	242 	630
f 666 	664 	510
f 398 	665 	630
f 667 	666 	510
f 570 	398 	630
f 668 	667 	510
f 402 	570 	630
f 669 	668 	510
f 402 	630 	670
f 671 	669 	510
f 402 	670 	614
f 672 	671 	510
f 416 	402 	614
f 673 	672 	510
f 418 	416 	614
f 674 	673 	510
f 675 	418 	614
f 676 	674 	510
f 675 	614 	218
f 677 	676 	510
f 678 	675 	218
f 679 	677 	510
f 680 	678 	218
f 679 	510 	494
f 681 	680 	218
f 682 	679 	494
f 683 	681 	218
f 684 	682 	494
f 685 	683 	218
f 686 	684 	494
f 687 	685 	218
f 688 	686 	494
f 689 	687 	218
f 690 	688 	494
f 691 	689 	218
f 128 	690 	494
f 691 	218 	214
f 129 	128 	494
f 692 	691 	214
f 693 	129 	494
f 694 	692 	214
f 695 	693 	494
f 571 	694 	214
f 695 	494 	473
f 571 	214 	562
f 583 	695 	473
f 431 	571 	562
f 131 	583 	473
f 431 	562 	206
f 622 	131 	473
f 431 	206 	696
f 611 	622 	473
f 593 	431 	696
f 632 	611 	473
f 593 	696 	587
f 150 	632 	473
f 593 	587 	198
f 150 	473 	575
f 593 	198 	561
f 150 	575 	697
f 593 	561 	698
f 151 	150 	697
f 593 	698 	623
f 151 	697 	699
f 593 	623 	178
f 151 	699 	700
f 607 	593 	178
f 151 	700 	619
f 635 	607 	178
f 159 	151 	619
f 635 	178 	560
f 159 	619 	595
f 595 	635 	560
f 560 	159 	595
f 701 	702 	703
f 704 	705 	706
f 706 	707 	708
f 708 	709 	710
f 710 	711 	712
f 712 	713 	714
f 714 	715 	716
f 716 	717 	718
f 718 	719 	720
f 720 	721 	722
f 722 	723 	724
f 724 	725 	726
f 726 	727 	728
f 729 	730 	731
f 731 	732 	733
f 733 	734 	735
f 736 	737 	738
f 738 	739 	740
f 741 	742 	743
f 744 	745 	746
f 746 	747 	748
f 748 	749 	750
f 750 	751 	752
f 752 	753 	754
f 754 	755 	756
f 756 	757 	758
f 758 	759 	760
f 760 	761 	762
f 763 	764 	765
f 765 	766 	767
f 768 	769 	770
f 771 	772 	773
f 774 	775 	776
f 776 	777 	778
f 778 	779 	780
f 780 	781 	782
f 782 	783 	784
f 784 	785 	786
f 786 	787 	788
f 788 	789 	790
f 790 	791 	792
f 792 	793 	794
f 795 	796 	797
f 797 	798 	799
f 799 	800 	801
f 802 	803 	804
f 805 	806 	807
f 807 	808 	809
f 810 	811 	812
f 812 	813 	814
f 814 	815 	816
f 816 	817 	818
f 818 	819 	820
f 820 	821 	822
f 823 	824 	825
f 826 	827 	828
f 828 	829 	830
f 831 	832 	833
f 834 	835 	836
f 837 	838 	839
f 840 	841 	842
f 842 	843 	844
f 845 	846 	847
f 848 	849 	850
f 850 	851 	852
f 852 	853 	854
f 854 	855 	856
f 856 	857 	858
f 858 	859 	860
f 860 	861 	862
f 862 	863 	864
f 865 	866 	867
f 867 	868 	869
f 869 	870 	871
f 871 	872 	873
f 873 	874 	875
f 876 	877 	878
f 878 	879 	880
f 880 	881 	882
f 882 	883 	884
f 885 	886 	887
f 888 	889 	890
f 891 	892 	893
f 893 	894 	895
f 895 	896 	897
f 897 	898 	899
f 899 	900 	901
f 901 	902 	903
f 904 	905 	906
f 907 	908 	909
f 909 	910 	911
f 911 	912 	913
f 913 	914 	915
f 915 	916 	917
f 917 	918 	919
f 919 	920 	921
f 921 	922 	923
f 923 	924 	925
f 925 	926 	927
f 927 	928 	929
f 930 	931 	932
f 932 	933 	934
f 935 	936 	937
f 937 	938 	939
f 939 	940 	941
f 941 	942 	943
f 944 	945 	946
f 946 	947 	948
f 948 	949 	950
f 950 	951 	952
f 952 	953 	954
f 954 	955 	956
f 956 	957 	958
f 958 	959 	960
f 960 	961 	962
f 963 	964 	965
f 965 	966 	967
f 967 	968 	969
f 969 	970 	971
f 971 	972 	973
f 973 	974 	975
f 976 	977 	978
f 978 	979 	980
f 980 	981 	982
f 982 	983 	984
f 984 	985 	986
f 986 	987 	988
f 989 	990 	991
f 991 	992 	993
f 994 	995 	996
f 996 	997 	998
f 998 	999 	1000
f 1000 	1001 	1002
f 1002 	1003 	1004
f 1005 	1006 	1007
f 1008 	1009 	1010
f 1010 	1011 	1012
f 1012 	1013 	1014
f 1014 	1015 	1016
f 1016 	1017 	1018
f 1018 	1019 	1020
f 1020 	1021 	1022
f 1022 	1023 	1024
f 1024 	1025 	1026
f 1026 	1027 	1028
f 1028 	1029 	1030
f 1030 	1031 	1032
f 1032 	1033 	1034
f 1034 	1035 	1036
f 1037 	1038 	1039
f 1040 	1041 	1042
f 1043 	1044 	1045
f 1046 	1047 	1048
f 1049 	1050 	1051
f 1051 	1052 	1053
f 1053 	1054 	1055
f 1055 	1056 	1057
f 1057 	1058 	1059
f 1059 	1060 	1061
f 1061 	1062 	1063
f 1063 	1064 	1065
f 1065 	1066 	1067
f 1067 	1068 	1069
f 1069 	1070 	1071
f 1071 	1072 	1073
f 1073 	1074 	1075
f 1076 	1077 	1078
f 1079 	1080 	1081
f 1081 	1082 	1083
f 1083 	1084 	1085
f 1085 	1086 	1087
f 1087 	1088 	1089
f 1089 	1090 	1091
f 1091 	1092 	1093
f 1093 	1094 	1095
f 1096 	1097 	1098
f 1099 	1100 	1101
f 1101 	1102 	1103
f 1103 	1104 	1105
f 1105 	1106 	1107
f 1107 	1108 	1109
f 1109 	1110 	1111
f 1111 	1112 	1113
f 1113 	1114 	1115
f 1115 	1116 	1117
f 1117 	1118 	1119
f 1120 	1121 	1122
f 1122 	1123 	1124
f 1124 	1125 	1126
f 1126 	1127 	1128
f 1129 	1130 	1131
f 1131 	1132 	1133
f 1133 	1134 	1135
f 1135 	1136 	1137
f 1137 	1138 	1139
f 1140 	1141 	1142
f 1142 	1143 	1144
f 1144 	1145 	1146
f 1147 	1148 	1149
f 1149 	1150 	1151
f 1151 	1152 	1153
f 1153 	1154 	1155
f 1156 	1157 	1158
f 1159 	1160 	1161
f 1161 	1162 	1163
f 1163 	1164 	1165
f 1165 	1166 	1167
f 1168 	1169 	1170
f 1170 	1171 	1172
f 1172 	1173 	1174
f 1174 	1175 	1176
f 1176 	1177 	1178
f 1179 	1180 	1181
f 1182 	1183 	1184
f 1184 	1185 	1186
f 1186 	1187 	1188
f 1188 	1189 	1190
f 1191 	1192 	1193
f 1193 	1194 	1195
f 1195 	1196 	1197
f 1197 	1198 	1199
f 1199 	1200 	1201
f 1201 	1202 	1203
f 1203 	1204 	1205
f 1205 	1206 	1207
f 1207 	1208 	1209
f 1209 	1210 	1211
f 1211 	1212 	1213
f 1213 	1214 	1215
f 1215 	1216 	1217
f 1217 	1218 	1219
f 1219 	1220 	1221
f 1221 	1222 	1223
f 1223 	1224 	1225
f 1226 	1227 	1228
f 1229 	1230 	1231
f 1231 	1232 	1233
f 1233 	1234 	1235
f 1235 	1236 	1237
f 1237 	1238 	1239
f 1239 	1240 	1241
f 1241 	1242 	1243
f 1244 	1245 	1246
f 1247 	704 	706
f 706 	708 	710
f 710 	712 	714
f 714 	716 	718
f 718 	720 	722
f 722 	724 	726
f 726 	728 	729
f 729 	731 	733
f 735 	736 	738
f 738 	740 	1248
f 741 	743 	1249
f 744 	746 	748
f 748 	750 	752
f 752 	754 	756
f 756 	758 	760
f 760 	762 	763
f 763 	765 	767
f 767 	768 	770
f 771 	773 	1250
f 774 	776 	778
f 778 	780 	782
f 782 	784 	786
f 786 	788 	790
f 790 	792 	794
f 795 	797 	799
f 801 	802 	804
f 1251 	805 	807
f 807 	809 	1252
f 1252 	810 	812
f 812 	814 	816
f 816 	818 	820
f 820 	822 	823
f 823 	825 	1253
f 826 	828 	830
f 1254 	831 	833
f 1255 	834 	836
f 1256 	837 	839
f 1257 	840 	842
f 842 	844 	1258
f 1259 	845 	847
f 848 	850 	852
f 852 	854 	856
f 856 	858 	860
f 860 	862 	864
f 1260 	865 	867
f 867 	869 	871
f 871 	873 	875
f 878 	880 	882
f 1261 	885 	887
f 891 	893 	895
f 895 	897 	899
f 899 	901 	903
f 904 	906 	1262
f 907 	909 	911
f 911 	913 	915
f 915 	917 	919
f 919 	921 	923
f 923 	925 	927
f 927 	929 	1263
f 930 	932 	934
f 935 	937 	939
f 939 	941 	943
f 944 	946 	948
f 948 	950 	952
f 954 	956 	958
f 958 	960 	962
f 962 	963 	965
f 965 	967 	969
f 969 	971 	973
f 976 	978 	980
f 980 	982 	984
f 984 	986 	988
f 1264 	989 	991
f 991 	993 	994
f 994 	996 	998
f 998 	1000 	1002
f 1004 	1005 	1007
f 1008 	1010 	1012
f 1012 	1014 	1016
f 1016 	1018 	1020
f 1022 	1024 	1026
f 1026 	1028 	1030
f 1030 	1032 	1034
f 1036 	1037 	1039
f 1265 	1040 	1042
f 1043 	1045 	1266
f 1267 	1046 	1048
f 1049 	1051 	1053
f 1055 	1057 	1059
f 1059 	1061 	1063
f 1063 	1065 	1067
f 1067 	1069 	1071
f 1071 	1073 	1075
f 1268 	1076 	1078
f 1269 	1079 	1081
f 1081 	1083 	1085
f 1085 	1087 	1089
f 1089 	1091 	1093
f 1096 	1098 	1270
f 1099 	1101 	1103
f 1103 	1105 	1107
f 1109 	1111 	1113
f 1113 	1115 	1117
f 1271 	1120 	1122
f 1122 	1124 	1126
f 1126 	1128 	1129
f 1129 	1131 	1133
f 1133 	1135 	1137
f 1137 	1139 	1272
f 1273 	1140 	1142
f 1142 	1144 	1146
f 1147 	1149 	1151
f 1151 	1153 	1155
f 1274 	1156 	1158
f 1159 	1161 	1163
f 1163 	1165 	1167
f 1275 	1168 	1170
f 1170 	1172 	1174
f 1174 	1176 	1178
f 1276 	1179 	1181
f 1182 	1184 	1186
f 1186 	1188 	1190
f 1191 	1193 	1195
f 1195 	1197 	1199
f 1199 	1201 	1203
f 1203 	1205 	1207
f 1207 	1209 	1211
f 1211 	1213 	1215
f 1215 	1217 	1219
f 1219 	1221 	1223
f 1223 	1225 	1226
f 1226 	1228 	1277
f 1229 	1231 	1233
f 1233 	1235 	1237
f 1239 	1241 	1243
f 1247 	706 	710
f 710 	714 	718
f 718 	722 	726
f 729 	733 	735
f 735 	738 	1248
f 1278 	741 	1249
f 1279 	744 	748
f 748 	752 	756
f 756 	760 	763
f 767 	770 	1280
f 771 	1250 	1281
f 774 	778 	782
f 782 	786 	790
f 790 	794 	1282
f 795 	799 	801
f 801 	804 	1251
f 1251 	807 	1252
f 1252 	812 	816
f 816 	820 	823
f 1283 	1254 	833
f 1255 	836 	1256
f 1257 	842 	1258
f 1259 	847 	1284
f 852 	856 	860
f 860 	864 	1285
f 1260 	867 	871
f 871 	875 	876
f 876 	878 	882
f 1261 	887 	1286
f 891 	895 	899
f 899 	903 	1287
f 907 	911 	915
f 919 	923 	927
f 930 	934 	1288
f 935 	939 	943
f 944 	948 	952
f 952 	954 	958
f 958 	962 	965
f 965 	969 	973
f 976 	980 	984
f 984 	988 	1289
f 1264 	991 	994
f 994 	998 	1002
f 1004 	1007 	1008
f 1008 	1012 	1016
f 1016 	1020 	1022
f 1022 	1026 	1030
f 1030 	1034 	1036
f 1265 	1042 	1043
f 1043 	1266 	1267
f 1267 	1048 	1049
f 1049 	1053 	1055
f 1055 	1059 	1063
f 1063 	1067 	1071
f 1071 	1075 	1290
f 1268 	1078 	1291
f 1269 	1081 	1085
f 1085 	1089 	1093
f 1292 	1099 	1103
f 1103 	1107 	1109
f 1109 	1113 	1117
f 1271 	1122 	1126
f 1129 	1133 	1137
f 1137 	1272 	1293
f 1273 	1142 	1146
f 1146 	1147 	1151
f 1274 	1158 	1294
f 1295 	1159 	1163
f 1163 	1167 	1296
f 1275 	1170 	1174
f 1174 	1178 	1276
f 1276 	1181 	1182
f 1182 	1186 	1190
f 1190 	1191 	1195
f 1195 	1199 	1203
f 1203 	1207 	1211
f 1211 	1215 	1219
f 1219 	1223 	1226
f 1229 	1233 	1237
f 729 	735 	1248
f 1279 	748 	756
f 756 	763 	767
f 1297 	774 	782
f 782 	790 	1282
f 795 	801 	1251
f 1251 	1252 	816
f 816 	823 	1253
f 1255 	1256 	839
f 1257 	1258 	1298
f 860 	1285 	1260
f 1260 	871 	876
f 876 	882 	884
f 1261 	1286 	888
f 1299 	891 	899
f 1300 	907 	915
f 919 	927 	1263
f 930 	1288 	1301
f 1302 	935 	943
f 1303 	944 	952
f 965 	973 	975
f 1304 	976 	984
f 984 	1289 	1264
f 1264 	994 	1002
f 1004 	1008 	1016
f 1016 	1022 	1030
f 1030 	1036 	1039
f 1265 	1043 	1267
f 1071 	1290 	1305
f 1306 	1269 	1085
f 1085 	1093 	1095
f 1270 	1292 	1103
f 1103 	1109 	1117
f 1271 	1126 	1129
f 1129 	1137 	1293
f 1307 	1273 	1146
f 1146 	1151 	1155
f 1308 	1274 	1294
f 1295 	1163 	1296
f 1174 	1276 	1182
f 1195 	1203 	1211
f 1219 	1226 	1277
f 1229 	1237 	1239
f 726 	729 	1248
f 1249 	1279 	756
f 756 	767 	1280
f 1309 	1297 	782
f 782 	1282 	795
f 816 	1253 	1310
f 833 	1255 	839
f 1311 	1257 	1298
f 876 	884 	1312
f 1261 	888 	890
f 1313 	1299 	899
f 1262 	1300 	915
f 919 	1263 	1314
f 930 	1301 	1315
f 1315 	1302 	943
f 1303 	952 	958
f 965 	975 	1316
f 984 	1264 	1002
f 1002 	1004 	1016
f 1016 	1030 	1039
f 1317 	1306 	1085
f 1307 	1146 	1155
f 1308 	1294 	1318
f 1295 	1296 	1319
f 1174 	1182 	1190
f 1219 	1277 	1320
f 1229 	1239 	1243
f 726 	1248 	1278
f 1278 	1249 	756
f 756 	1280 	1321
f 833 	839 	1322
f 1311 	1298 	1259
f 876 	1312 	1323
f 890 	1313 	899
f 930 	1315 	943
f 1324 	1303 	958
f 1016 	1039 	1325
f 1307 	1155 	1326
f 1308 	1318 	1327
f 1174 	1190 	1195
f 1229 	1243 	1328
f 726 	1278 	756
f 756 	1321 	1329
f 1311 	1259 	1284
f 1261 	890 	899
f 1330 	930 	943
f 1331 	1324 	958
f 1002 	1016 	1325
f 1307 	1326 	1308
f 1229 	1328 	1244
f 726 	756 	1329
f 1311 	1284 	1332
f 1002 	1325 	1333
f 1307 	1308 	1327
f 726 	1329 	1334
f 1002 	1333 	1265
f 1307 	1327 	1335
f 726 	1334 	771
f 1002 	1265 	1267
f 726 	771 	1281
f 1002 	1267 	1049
f 718 	726 	1281
f 984 	1002 	1049
f 718 	1281 	1336
f 984 	1049 	1055
f 718 	1336 	1337
f 1304 	984 	1055
f 710 	718 	1337
f 1338 	1304 	1055
f 710 	1337 	1339
f 1340 	1338 	1055
f 710 	1339 	1341
f 1340 	1055 	1063
f 710 	1341 	1342
f 1343 	1340 	1063
f 710 	1342 	1344
f 1345 	1343 	1063
f 1247 	710 	1344
f 1316 	1345 	1063
f 703 	1247 	1344
f 1316 	1063 	1071
f 703 	1344 	1346
f 965 	1316 	1071
f 701 	703 	1346
f 965 	1071 	1305
f 701 	1346 	1347
f 965 	1305 	1348
f 701 	1347 	1349
f 965 	1348 	1350
f 701 	1349 	1309
f 965 	1350 	1351
f 701 	1309 	782
f 965 	1351 	1352
f 1353 	701 	782
f 958 	965 	1352
f 1354 	1353 	782
f 958 	1352 	1355
f 1246 	1354 	782
f 958 	1355 	1268
f 1244 	1246 	782
f 958 	1268 	1291
f 1244 	782 	795
f 1331 	958 	1291
f 1229 	1244 	795
f 1331 	1291 	1356
f 1357 	1229 	795
f 1331 	1356 	1317
f 1358 	1357 	795
f 1331 	1317 	1085
f 1358 	795 	1251
f 1359 	1331 	1085
f 1360 	1358 	1251
f 1361 	1359 	1085
f 1360 	1251 	816
f 1362 	1361 	1085
f 1320 	1360 	816
f 1362 	1085 	1095
f 1219 	1320 	816
f 1363 	1362 	1095
f 1219 	816 	1310
f 943 	1363 	1095
f 1219 	1310 	1364
f 943 	1095 	1365
f 1211 	1219 	1364
f 1330 	943 	1365
f 1211 	1364 	1366
f 1330 	1365 	1096
f 1211 	1366 	1367
f 1330 	1096 	1270
f 1211 	1367 	1368
f 1330 	1270 	1103
f 1211 	1368 	1369
f 1370 	1330 	1103
f 1211 	1369 	1371
f 1314 	1370 	1103
f 1211 	1371 	1372
f 1314 	1103 	1117
f 1211 	1372 	1373
f 1314 	1117 	1119
f 1211 	1373 	1374
f 1314 	1119 	1375
f 1211 	1374 	1376
f 919 	1314 	1375
f 1211 	1376 	1377
f 919 	1375 	1378
f 1211 	1377 	1379
f 919 	1378 	1380
f 1195 	1211 	1379
f 919 	1380 	1381
f 1195 	1379 	1382
f 919 	1381 	1383
f 1195 	1382 	1384
f 919 	1383 	1385
f 1195 	1384 	1386
f 919 	1385 	1387
f 1195 	1386 	1388
f 919 	1387 	1389
f 1195 	1388 	1390
f 919 	1389 	1391
f 1195 	1390 	826
f 915 	919 	1391
f 1195 	826 	830
f 915 	1391 	1392
f 1195 	830 	1393
f 915 	1392 	1394
f 1195 	1393 	1395
f 915 	1394 	1271
f 1174 	1195 	1395
f 1262 	915 	1271
f 1174 	1395 	1283
f 1262 	1271 	1129
f 1174 	1283 	833
f 904 	1262 	1129
f 1174 	833 	1322
f 1396 	904 	1129
f 1174 	1322 	1311
f 1396 	1129 	1293
f 1174 	1311 	1332
f 1287 	1396 	1293
f 1174 	1332 	848
f 899 	1287 	1293
f 1275 	1174 	848
f 1261 	899 	1293
f 1397 	1275 	848
f 1398 	1261 	1293
f 1397 	848 	852
f 1323 	1398 	1293
f 1399 	1397 	852
f 876 	1323 	1293
f 1400 	1399 	852
f 876 	1293 	1307
f 1319 	1400 	852
f 876 	1307 	1335
f 1319 	852 	860
f 1260 	876 	1335
f 1295 	1319 	860
f 1260 	1335 	1295
f 1295 	860 	1260
f 3 	2 	701
f 2 	702 	701
f 2 	1 	702
f 1 	703 	702
f 1 	547 	703
f 547 	1247 	703
f 547 	6 	1247
f 6 	704 	1247
f 6 	5 	704
f 5 	705 	704
f 5 	4 	705
f 4 	706 	705
f 4 	8 	706
f 8 	707 	706
f 8 	7 	707
f 7 	708 	707
f 7 	10 	708
f 10 	709 	708
f 10 	9 	709
f 9 	710 	709
f 9 	12 	710
f 12 	711 	710
f 12 	11 	711
f 11 	712 	711
f 11 	14 	712
f 14 	713 	712
f 14 	13 	713
f 13 	714 	713
f 13 	16 	714
f 16 	715 	714
f 16 	15 	715
f 15 	716 	715
f 15 	18 	716
f 18 	717 	716
f 18 	17 	717
f 17 	718 	717
f 17 	20 	718
f 20 	719 	718
f 20 	19 	719
f 19 	720 	719
f 19 	22 	720
f 22 	721 	720
f 22 	21 	721
f 21 	722 	721
f 21 	24 	722
f 24 	723 	722
f 24 	23 	723
f 23 	724 	723
f 23 	26 	724
f 26 	725 	724
f 26 	25 	725
f 25 	726 	725
f 25 	28 	726
f 28 	727 	726
f 28 	27 	727
f 27 	728 	727
f 27 	31 	728
f 31 	729 	728
f 31 	30 	729
f 30 	730 	729
f 30 	29 	730
f 29 	731 	730
f 29 	33 	731
f 33 	732 	731
f 33 	32 	732
f 32 	733 	732
f 32 	35 	733
f 35 	734 	733
f 35 	34 	734
f 34 	735 	734
f 34 	38 	735
f 38 	736 	735
f 38 	37 	736
f 37 	737 	736
f 37 	36 	737
f 36 	738 	737
f 36 	40 	738
f 40 	739 	738
f 40 	39 	739
f 39 	740 	739
f 39 	548 	740
f 548 	1248 	740
f 548 	578 	1248
f 578 	1278 	1248
f 578 	43 	1278
f 43 	741 	1278
f 43 	42 	741
f 42 	742 	741
f 42 	41 	742
f 41 	743 	742
f 41 	549 	743
f 549 	1249 	743
f 549 	579 	1249
f 579 	1279 	1249
f 579 	46 	1279
f 46 	744 	1279
f 46 	45 	744
f 45 	745 	744
f 45 	44 	745
f 44 	746 	745
f 44 	48 	746
f 48 	747 	746
f 48 	47 	747
f 47 	748 	747
f 47 	50 	748
f 50 	749 	748
f 50 	49 	749
f 49 	750 	749
f 49 	52 	750
f 52 	751 	750
f 52 	51 	751
f 51 	752 	751
f 51 	54 	752
f 54 	753 	752
f 54 	53 	753
f 53 	754 	753
f 53 	56 	754
f 56 	755 	754
f 56 	55 	755
f 55 	756 	755
f 55 	58 	756
f 58 	757 	756
f 58 	57 	757
f 57 	758 	757
f 57 	60 	758
f 60 	759 	758
f 60 	59 	759
f 59 	760 	759
f 59 	62 	760
f 62 	761 	760
f 62 	61 	761
f 61 	762 	761
f 61 	65 	762
f 65 	763 	762
f 65 	64 	763
f 64 	764 	763
f 64 	63 	764
f 63 	765 	764
f 63 	67 	765
f 67 	766 	765
f 67 	66 	766
f 66 	767 	766
f 66 	70 	767
f 70 	768 	767
f 70 	69 	768
f 69 	769 	768
f 69 	68 	769
f 68 	770 	769
f 68 	580 	770
f 580 	1280 	770
f 580 	621 	1280
f 621 	1321 	1280
f 621 	629 	1321
f 629 	1329 	1321
f 629 	634 	1329
f 634 	1334 	1329
f 634 	73 	1334
f 73 	771 	1334
f 73 	72 	771
f 72 	772 	771
f 72 	71 	772
f 71 	773 	772
f 71 	550 	773
f 550 	1250 	773
f 550 	581 	1250
f 581 	1281 	1250
f 581 	636 	1281
f 636 	1336 	1281
f 636 	637 	1336
f 637 	1337 	1336
f 637 	639 	1337
f 639 	1339 	1337
f 639 	641 	1339
f 641 	1341 	1339
f 641 	642 	1341
f 642 	1342 	1341
f 642 	644 	1342
f 644 	1344 	1342
f 644 	646 	1344
f 646 	1346 	1344
f 646 	647 	1346
f 647 	1347 	1346
f 647 	649 	1347
f 649 	1349 	1347
f 649 	609 	1349
f 609 	1309 	1349
f 609 	597 	1309
f 597 	1297 	1309
f 597 	76 	1297
f 76 	774 	1297
f 76 	75 	774
f 75 	775 	774
f 75 	74 	775
f 74 	776 	775
f 74 	78 	776
f 78 	777 	776
f 78 	77 	777
f 77 	778 	777
f 77 	80 	778
f 80 	779 	778
f 80 	79 	779
f 79 	780 	779
f 79 	82 	780
f 82 	781 	780
f 82 	81 	781
f 81 	782 	781
f 81 	84 	782
f 84 	783 	782
f 84 	83 	783
f 83 	784 	783
f 83 	86 	784
f 86 	785 	784
f 86 	85 	785
f 85 	786 	785
f 85 	88 	786
f 88 	787 	786
f 88 	87 	787
f 87 	788 	787
f 87 	90 	788
f 90 	789 	788
f 90 	89 	789
f 89 	790 	789
f 89 	92 	790
f 92 	791 	790
f 92 	91 	791
f 91 	792 	791
f 91 	94 	792
f 94 	793 	792
f 94 	93 	793
f 93 	794 	793
f 93 	582 	794
f 582 	1282 	794
f 582 	97 	1282
f 97 	795 	1282
f 97 	96 	795
f 96 	796 	795
f 96 	95 	796
f 95 	797 	796
f 95 	99 	797
f 99 	798 	797
f 99 	98 	798
f 98 	799 	798
f 98 	101 	799
f 101 	800 	799
f 101 	100 	800
f 100 	801 	800
f 100 	104 	801
f 104 	802 	801
f 104 	103 	802
f 103 	803 	802
f 103 	102 	803
f 102 	804 	803
f 102 	551 	804
f 551 	1251 	804
f 551 	107 	1251
f 107 	805 	1251
f 107 	106 	805
f 106 	806 	805
f 106 	105 	806
f 105 	807 	806
f 105 	109 	807
f 109 	808 	807
f 109 	108 	808
f 108 	809 	808
f 108 	552 	809
f 552 	1252 	809
f 552 	112 	1252
f 112 	810 	1252
f 112 	111 	810
f 111 	811 	810
f 111 	110 	811
f 110 	812 	811
f 110 	114 	812
f 114 	813 	812
f 114 	113 	813
f 113 	814 	813
f 113 	116 	814
f 116 	815 	814
f 116 	115 	815
f 115 	816 	815
f 115 	118 	816
f 118 	817 	816
f 118 	117 	817
f 117 	818 	817
f 117 	120 	818
f 120 	819 	818
f 120 	119 	819
f 119 	820 	819
f 119 	122 	820
f 122 	821 	820
f 122 	121 	821
f 121 	822 	821
f 121 	125 	822
f 125 	823 	822
f 125 	124 	823
f 124 	824 	823
f 124 	123 	824
f 123 	825 	824
f 123 	553 	825
f 553 	1253 	825
f 553 	610 	1253
f 610 	1310 	1253
f 610 	664 	1310
f 664 	1364 	1310
f 664 	666 	1364
f 666 	1366 	1364
f 666 	667 	1366
f 667 	1367 	1366
f 667 	668 	1367
f 668 	1368 	1367
f 668 	669 	1368
f 669 	1369 	1368
f 669 	671 	1369
f 671 	1371 	1369
f 671 	672 	1371
f 672 	1372 	1371
f 672 	673 	1372
f 673 	1373 	1372
f 673 	674 	1373
f 674 	1374 	1373
f 674 	676 	1374
f 676 	1376 	1374
f 676 	677 	1376
f 677 	1377 	1376
f 677 	679 	1377
f 679 	1379 	1377
f 679 	682 	1379
f 682 	1382 	1379
f 682 	684 	1382
f 684 	1384 	1382
f 684 	686 	1384
f 686 	1386 	1384
f 686 	688 	1386
f 688 	1388 	1386
f 688 	690 	1388
f 690 	1390 	1388
f 690 	128 	1390
f 128 	826 	1390
f 128 	127 	826
f 127 	827 	826
f 127 	126 	827
f 126 	828 	827
f 126 	130 	828
f 130 	829 	828
f 130 	129 	829
f 129 	830 	829
f 129 	693 	830
f 693 	1393 	830
f 693 	695 	1393
f 695 	1395 	1393
f 695 	583 	1395
f 583 	1283 	1395
f 583 	554 	1283
f 554 	1254 	1283
f 554 	133 	1254
f 133 	831 	1254
f 133 	132 	831
f 132 	832 	831
f 132 	131 	832
f 131 	833 	832
f 131 	555 	833
f 555 	1255 	833
f 555 	136 	1255
f 136 	834 	1255
f 136 	135 	834
f 135 	835 	834
f 135 	134 	835
f 134 	836 	835
f 134 	556 	836
f 556 	1256 	836
f 556 	139 	1256
f 139 	837 	1256
f 139 	138 	837
f 138 	838 	837
f 138 	137 	838
f 137 	839 	838
f 137 	622 	839
f 622 	1322 	839
f 622 	611 	1322
f 611 	1311 	1322
f 611 	557 	1311
f 557 	1257 	1311
f 557 	142 	1257
f 142 	840 	1257
f 142 	141 	840
f 141 	841 	840
f 141 	140 	841
f 140 	842 	841
f 140 	144 	842
f 144 	843 	842
f 144 	143 	843
f 143 	844 	843
f 143 	558 	844
f 558 	1258 	844
f 558 	598 	1258
f 598 	1298 	1258
f 598 	559 	1298
f 559 	1259 	1298
f 559 	147 	1259
f 147 	845 	1259
f 147 	146 	845
f 146 	846 	845
f 146 	145 	846
f 145 	847 	846
f 145 	584 	847
f 584 	1284 	847
f 584 	632 	1284
f 632 	1332 	1284
f 632 	150 	1332
f 150 	848 	1332
f 150 	149 	848
f 149 	849 	848
f 149 	148 	849
f 148 	850 	849
f 148 	152 	850
f 152 	851 	850
f 152 	151 	851
f 151 	852 	851
f 151 	154 	852
f 154 	853 	852
f 154 	153 	853
f 153 	854 	853
f 153 	156 	854
f 156 	855 	854
f 156 	155 	855
f 155 	856 	855
f 155 	158 	856
f 158 	857 	856
f 158 	157 	857
f 157 	858 	857
f 157 	160 	858
f 160 	859 	858
f 160 	159 	859
f 159 	860 	859
f 159 	162 	860
f 162 	861 	860
f 162 	161 	861
f 161 	862 	861
f 161 	164 	862
f 164 	863 	862
f 164 	163 	863
f 163 	864 	863
f 163 	585 	864
f 585 	1285 	864
f 585 	560 	1285
f 560 	1260 	1285
f 560 	167 	1260
f 167 	865 	1260
f 167 	166 	865
f 166 	866 	865
f 166 	165 	866
f 165 	867 	866
f 165 	169 	867
f 169 	868 	867
f 169 	168 	868
f 168 	869 	868
f 168 	171 	869
f 171 	870 	869
f 171 	170 	870
f 170 	871 	870
f 170 	173 	871
f 173 	872 	871
f 173 	172 	872
f 172 	873 	872
f 172 	175 	873
f 175 	874 	873
f 175 	174 	874
f 174 	875 	874
f 174 	178 	875
f 178 	876 	875
f 178 	177 	876
f 177 	877 	876
f 177 	176 	877
f 176 	878 	877
f 176 	180 	878
f 180 	879 	878
f 180 	179 	879
f 179 	880 	879
f 179 	182 	880
f 182 	881 	880
f 182 	181 	881
f 181 	882 	881
f 181 	184 	882
f 184 	883 	882
f 184 	183 	883
f 183 	884 	883
f 183 	612 	884
f 612 	1312 	884
f 612 	623 	1312
f 623 	1323 	1312
f 623 	698 	1323
f 698 	1398 	1323
f 698 	561 	1398
f 561 	1261 	1398
f 561 	187 	1261
f 187 	885 	1261
f 187 	186 	885
f 186 	886 	885
f 186 	185 	886
f 185 	887 	886
f 185 	586 	887
f 586 	1286 	887
f 586 	190 	1286
f 190 	888 	1286
f 190 	189 	888
f 189 	889 	888
f 189 	188 	889
f 188 	890 	889
f 188 	613 	890
f 613 	1313 	890
f 613 	599 	1313
f 599 	1299 	1313
f 599 	193 	1299
f 193 	891 	1299
f 193 	192 	891
f 192 	892 	891
f 192 	191 	892
f 191 	893 	892
f 191 	195 	893
f 195 	894 	893
f 195 	194 	894
f 194 	895 	894
f 194 	197 	895
f 197 	896 	895
f 197 	196 	896
f 196 	897 	896
f 196 	199 	897
f 199 	898 	897
f 199 	198 	898
f 198 	899 	898
f 198 	201 	899
f 201 	900 	899
f 201 	200 	900
f 200 	901 	900
f 200 	203 	901
f 203 	902 	901
f 203 	202 	902
f 202 	903 	902
f 202 	587 	903
f 587 	1287 	903
f 587 	696 	1287
f 696 	1396 	1287
f 696 	206 	1396
f 206 	904 	1396
f 206 	205 	904
f 205 	905 	904
f 205 	204 	905
f 204 	906 	905
f 204 	562 	906
f 562 	1262 	906
f 562 	600 	1262
f 600 	1300 	1262
f 600 	209 	1300
f 209 	907 	1300
f 209 	208 	907
f 208 	908 	907
f 208 	207 	908
f 207 	909 	908
f 207 	211 	909
f 211 	910 	909
f 211 	210 	910
f 210 	911 	910
f 210 	213 	911
f 213 	912 	911
f 213 	212 	912
f 212 	913 	912
f 212 	215 	913
f 215 	914 	913
f 215 	214 	914
f 214 	915 	914
f 214 	217 	915
f 217 	916 	915
f 217 	216 	916
f 216 	917 	916
f 216 	219 	917
f 219 	918 	917
f 219 	218 	918
f 218 	919 	918
f 218 	221 	919
f 221 	920 	919
f 221 	220 	920
f 220 	921 	920
f 220 	223 	921
f 223 	922 	921
f 223 	222 	922
f 222 	923 	922
f 222 	225 	923
f 225 	924 	923
f 225 	224 	924
f 224 	925 	924
f 224 	227 	925
f 227 	926 	925
f 227 	226 	926
f 226 	927 	926
f 226 	229 	927
f 229 	928 	927
f 229 	228 	928
f 228 	929 	928
f 228 	563 	929
f 563 	1263 	929
f 563 	614 	1263
f 614 	1314 	1263
f 614 	670 	1314
f 670 	1370 	1314
f 670 	630 	1370
f 630 	1330 	1370
f 630 	232 	1330
f 232 	930 	1330
f 232 	231 	930
f 231 	931 	930
f 231 	230 	931
f 230 	932 	931
f 230 	234 	932
f 234 	933 	932
f 234 	233 	933
f 233 	934 	933
f 233 	588 	934
f 588 	1288 	934
f 588 	601 	1288
f 601 	1301 	1288
f 601 	615 	1301
f 615 	1315 	1301
f 615 	602 	1315
f 602 	1302 	1315
f 602 	237 	1302
f 237 	935 	1302
f 237 	236 	935
f 236 	936 	935
f 236 	235 	936
f 235 	937 	936
f 235 	239 	937
f 239 	938 	937
f 239 	238 	938
f 238 	939 	938
f 238 	241 	939
f 241 	940 	939
f 241 	240 	940
f 240 	941 	940
f 240 	243 	941
f 243 	942 	941
f 243 	242 	942
f 242 	943 	942
f 242 	663 	943
f 663 	1363 	943
f 663 	662 	1363
f 662 	1362 	1363
f 662 	661 	1362
f 661 	1361 	1362
f 661 	659 	1361
f 659 	1359 	1361
f 659 	631 	1359
f 631 	1331 	1359
f 631 	624 	1331
f 624 	1324 	1331
f 624 	603 	1324
f 603 	1303 	1324
f 603 	246 	1303
f 246 	944 	1303
f 246 	245 	944
f 245 	945 	944
f 245 	244 	945
f 244 	946 	945
f 244 	248 	946
f 248 	947 	946
f 248 	247 	947
f 247 	948 	947
f 247 	250 	948
f 250 	949 	948
f 250 	249 	949
f 249 	950 	949
f 249 	252 	950
f 252 	951 	950
f 252 	251 	951
f 251 	952 	951
f 251 	254 	952
f 254 	953 	952
f 254 	253 	953
f 253 	954 	953
f 253 	256 	954
f 256 	955 	954
f 256 	255 	955
f 255 	956 	955
f 255 	258 	956
f 258 	957 	956
f 258 	257 	957
f 257 	958 	957
f 257 	260 	958
f 260 	959 	958
f 260 	259 	959
f 259 	960 	959
f 259 	262 	960
f 262 	961 	960
f 262 	261 	961
f 261 	962 	961
f 261 	265 	962
f 265 	963 	962
f 265 	264 	963
f 264 	964 	963
f 264 	263 	964
f 263 	965 	964
f 263 	267 	965
f 267 	966 	965
f 267 	266 	966
f 266 	967 	966
f 266 	269 	967
f 269 	968 	967
f 269 	268 	968
f 268 	969 	968
f 268 	271 	969
f 271 	970 	969
f 271 	270 	970
f 270 	971 	970
f 270 	273 	971
f 273 	972 	971
f 273 	272 	972
f 272 	973 	972
f 272 	275 	973
f 275 	974 	973
f 275 	274 	974
f 274 	975 	974
f 274 	616 	975
f 616 	1316 	975
f 616 	645 	1316
f 645 	1345 	1316
f 645 	643 	1345
f 643 	1343 	1345
f 643 	640 	1343
f 640 	1340 	1343
f 640 	638 	1340
f 638 	1338 	1340
f 638 	604 	1338
f 604 	1304 	1338
f 604 	278 	1304
f 278 	976 	1304
f 278 	277 	976
f 277 	977 	976
f 277 	276 	977
f 276 	978 	977
f 276 	280 	978
f 280 	979 	978
f 280 	279 	979
f 279 	980 	979
f 279 	282 	980
f 282 	981 	980
f 282 	281 	981
f 281 	982 	981
f 281 	284 	982
f 284 	983 	982
f 284 	283 	983
f 283 	984 	983
f 283 	286 	984
f 286 	985 	984
f 286 	285 	985
f 285 	986 	985
f 285 	288 	986
f 288 	987 	986
f 288 	287 	987
f 287 	988 	987
f 287 	589 	988
f 589 	1289 	988
f 589 	564 	1289
f 564 	1264 	1289
f 564 	291 	1264
f 291 	989 	1264
f 291 	290 	989
f 290 	990 	989
f 290 	289 	990
f 289 	991 	990
f 289 	293 	991
f 293 	992 	991
f 293 	292 	992
f 292 	993 	992
f 292 	296 	993
f 296 	994 	993
f 296 	295 	994
f 295 	995 	994
f 295 	294 	995
f 294 	996 	995
f 294 	298 	996
f 298 	997 	996
f 298 	297 	997
f 297 	998 	997
f 297 	300 	998
f 300 	999 	998
f 300 	299 	999
f 299 	1000 	999
f 299 	302 	1000
f 302 	1001 	1000
f 302 	301 	1001
f 301 	1002 	1001
f 301 	304 	1002
f 304 	1003 	1002
f 304 	303 	1003
f 303 	1004 	1003
f 303 	307 	1004
f 307 	1005 	1004
f 307 	306 	1005
f 306 	1006 	1005
f 306 	305 	1006
f 305 	1007 	1006
f 305 	310 	1007
f 310 	1008 	1007
f 310 	309 	1008
f 309 	1009 	1008
f 309 	308 	1009
f 308 	1010 	1009
f 308 	312 	1010
f 312 	1011 	1010
f 312 	311 	1011
f 311 	1012 	1011
f 311 	314 	1012
f 314 	1013 	1012
f 314 	313 	1013
f 313 	1014 	1013
f 313 	316 	1014
f 316 	1015 	1014
f 316 	315 	1015
f 315 	1016 	1015
f 315 	318 	1016
f 318 	1017 	1016
f 318 	317 	1017
f 317 	1018 	1017
f 317 	320 	1018
f 320 	1019 	1018
f 320 	319 	1019
f 319 	1020 	1019
f 319 	322 	1020
f 322 	1021 	1020
f 322 	321 	1021
f 321 	1022 	1021
f 321 	324 	1022
f 324 	1023 	1022
f 324 	323 	1023
f 323 	1024 	1023
f 323 	326 	1024
f 326 	1025 	1024
f 326 	325 	1025
f 325 	1026 	1025
f 325 	328 	1026
f 328 	1027 	1026
f 328 	327 	1027
f 327 	1028 	1027
f 327 	330 	1028
f 330 	1029 	1028
f 330 	329 	1029
f 329 	1030 	1029
f 329 	332 	1030
f 332 	1031 	1030
f 332 	331 	1031
f 331 	1032 	1031
f 331 	334 	1032
f 334 	1033 	1032
f 334 	333 	1033
f 333 	1034 	1033
f 333 	336 	1034
f 336 	1035 	1034
f 336 	335 	1035
f 335 	1036 	1035
f 335 	339 	1036
f 339 	1037 	1036
f 339 	338 	1037
f 338 	1038 	1037
f 338 	337 	1038
f 337 	1039 	1038
f 337 	625 	1039
f 625 	1325 	1039
f 625 	633 	1325
f 633 	1333 	1325
f 633 	565 	1333
f 565 	1265 	1333
f 565 	342 	1265
f 342 	1040 	1265
f 342 	341 	1040
f 341 	1041 	1040
f 341 	340 	1041
f 340 	1042 	1041
f 340 	345 	1042
f 345 	1043 	1042
f 345 	344 	1043
f 344 	1044 	1043
f 344 	343 	1044
f 343 	1045 	1044
f 343 	566 	1045
f 566 	1266 	1045
f 566 	567 	1266
f 567 	1267 	1266
f 567 	348 	1267
f 348 	1046 	1267
f 348 	347 	1046
f 347 	1047 	1046
f 347 	346 	1047
f 346 	1048 	1047
f 346 	351 	1048
f 351 	1049 	1048
f 351 	350 	1049
f 350 	1050 	1049
f 350 	349 	1050
f 349 	1051 	1050
f 349 	353 	1051
f 353 	1052 	1051
f 353 	352 	1052
f 352 	1053 	1052
f 352 	355 	1053
f 355 	1054 	1053
f 355 	354 	1054
f 354 	1055 	1054
f 354 	357 	1055
f 357 	1056 	1055
f 357 	356 	1056
f 356 	1057 	1056
f 356 	359 	1057
f 359 	1058 	1057
f 359 	358 	1058
f 358 	1059 	1058
f 358 	361 	1059
f 361 	1060 	1059
f 361 	360 	1060
f 360 	1061 	1060
f 360 	363 	1061
f 363 	1062 	1061
f 363 	362 	1062
f 362 	1063 	1062
f 362 	365 	1063
f 365 	1064 	1063
f 365 	364 	1064
f 364 	1065 	1064
f 364 	367 	1065
f 367 	1066 	1065
f 367 	366 	1066
f 366 	1067 	1066
f 366 	369 	1067
f 369 	1068 	1067
f 369 	368 	1068
f 368 	1069 	1068
f 368 	371 	1069
f 371 	1070 	1069
f 371 	370 	1070
f 370 	1071 	1070
f 370 	373 	1071
f 373 	1072 	1071
f 373 	372 	1072
f 372 	1073 	1072
f 372 	375 	1073
f 375 	1074 	1073
f 375 	374 	1074
f 374 	1075 	1074
f 374 	590 	1075
f 590 	1290 	1075
f 590 	605 	1290
f 605 	1305 	1290
f 605 	648 	1305
f 648 	1348 	1305
f 648 	650 	1348
f 650 	1350 	1348
f 650 	651 	1350
f 651 	1351 	1350
f 651 	652 	1351
f 652 	1352 	1351
f 652 	655 	1352
f 655 	1355 	1352
f 655 	568 	1355
f 568 	1268 	1355
f 568 	378 	1268
f 378 	1076 	1268
f 378 	377 	1076
f 377 	1077 	1076
f 377 	376 	1077
f 376 	1078 	1077
f 376 	591 	1078
f 591 	1291 	1078
f 591 	656 	1291
f 656 	1356 	1291
f 656 	617 	1356
f 617 	1317 	1356
f 617 	606 	1317
f 606 	1306 	1317
f 606 	569 	1306
f 569 	1269 	1306
f 569 	381 	1269
f 381 	1079 	1269
f 381 	380 	1079
f 380 	1080 	1079
f 380 	379 	1080
f 379 	1081 	1080
f 379 	383 	1081
f 383 	1082 	1081
f 383 	382 	1082
f 382 	1083 	1082
f 382 	385 	1083
f 385 	1084 	1083
f 385 	384 	1084
f 384 	1085 	1084
f 384 	387 	1085
f 387 	1086 	1085
f 387 	386 	1086
f 386 	1087 	1086
f 386 	389 	1087
f 389 	1088 	1087
f 389 	388 	1088
f 388 	1089 	1088
f 388 	391 	1089
f 391 	1090 	1089
f 391 	390 	1090
f 390 	1091 	1090
f 390 	393 	1091
f 393 	1092 	1091
f 393 	392 	1092
f 392 	1093 	1092
f 392 	395 	1093
f 395 	1094 	1093
f 395 	394 	1094
f 394 	1095 	1094
f 394 	665 	1095
f 665 	1365 	1095
f 665 	398 	1365
f 398 	1096 	1365
f 398 	397 	1096
f 397 	1097 	1096
f 397 	396 	1097
f 396 	1098 	1097
f 396 	570 	1098
f 570 	1270 	1098
f 570 	592 	1270
f 592 	1292 	1270
f 592 	401 	1292
f 401 	1099 	1292
f 401 	400 	1099
f 400 	1100 	1099
f 400 	399 	1100
f 399 	1101 	1100
f 399 	403 	1101
f 403 	1102 	1101
f 403 	402 	1102
f 402 	1103 	1102
f 402 	405 	1103
f 405 	1104 	1103
f 405 	404 	1104
f 404 	1105 	1104
f 404 	407 	1105
f 407 	1106 	1105
f 407 	406 	1106
f 406 	1107 	1106
f 406 	409 	1107
f 409 	1108 	1107
f 409 	408 	1108
f 408 	1109 	1108
f 408 	411 	1109
f 411 	1110 	1109
f 411 	410 	1110
f 410 	1111 	1110
f 410 	413 	1111
f 413 	1112 	1111
f 413 	412 	1112
f 412 	1113 	1112
f 412 	415 	1113
f 415 	1114 	1113
f 415 	414 	1114
f 414 	1115 	1114
f 414 	417 	1115
f 417 	1116 	1115
f 417 	416 	1116
f 416 	1117 	1116
f 416 	419 	1117
f 419 	1118 	1117
f 419 	418 	1118
f 418 	1119 	1118
f 418 	675 	1119
f 675 	1375 	1119
f 675 	678 	1375
f 678 	1378 	1375
f 678 	680 	1378
f 680 	1380 	1378
f 680 	681 	1380
f 681 	1381 	1380
f 681 	683 	1381
f 683 	1383 	1381
f 683 	685 	1383
f 685 	1385 	1383
f 685 	687 	1385
f 687 	1387 	1385
f 687 	689 	1387
f 689 	1389 	1387
f 689 	691 	1389
f 691 	1391 	1389
f 691 	692 	1391
f 692 	1392 	1391
f 692 	694 	1392
f 694 	1394 	1392
f 694 	571 	1394
f 571 	1271 	1394
f 571 	422 	1271
f 422 	1120 	1271
f 422 	421 	1120
f 421 	1121 	1120
f 421 	420 	1121
f 420 	1122 	1121
f 420 	424 	1122
f 424 	1123 	1122
f 424 	423 	1123
f 423 	1124 	1123
f 423 	426 	1124
f 426 	1125 	1124
f 426 	425 	1125
f 425 	1126 	1125
f 425 	428 	1126
f 428 	1127 	1126
f 428 	427 	1127
f 427 	1128 	1127
f 427 	431 	1128
f 431 	1129 	1128
f 431 	430 	1129
f 430 	1130 	1129
f 430 	429 	1130
f 429 	1131 	1130
f 429 	433 	1131
f 433 	1132 	1131
f 433 	432 	1132
f 432 	1133 	1132
f 432 	435 	1133
f 435 	1134 	1133
f 435 	434 	1134
f 434 	1135 	1134
f 434 	437 	1135
f 437 	1136 	1135
f 437 	436 	1136
f 436 	1137 	1136
f 436 	439 	1137
f 439 	1138 	1137
f 439 	438 	1138
f 438 	1139 	1138
f 438 	572 	1139
f 572 	1272 	1139
f 572 	593 	1272
f 593 	1293 	1272
f 593 	607 	1293
f 607 	1307 	1293
f 607 	573 	1307
f 573 	1273 	1307
f 573 	442 	1273
f 442 	1140 	1273
f 442 	441 	1140
f 441 	1141 	1140
f 441 	440 	1141
f 440 	1142 	1141
f 440 	444 	1142
f 444 	1143 	1142
f 444 	443 	1143
f 443 	1144 	1143
f 443 	446 	1144
f 446 	1145 	1144
f 446 	445 	1145
f 445 	1146 	1145
f 445 	449 	1146
f 449 	1147 	1146
f 449 	448 	1147
f 448 	1148 	1147
f 448 	447 	1148
f 447 	1149 	1148
f 447 	451 	1149
f 451 	1150 	1149
f 451 	450 	1150
f 450 	1151 	1150
f 450 	453 	1151
f 453 	1152 	1151
f 453 	452 	1152
f 452 	1153 	1152
f 452 	455 	1153
f 455 	1154 	1153
f 455 	454 	1154
f 454 	1155 	1154
f 454 	626 	1155
f 626 	1326 	1155
f 626 	608 	1326
f 608 	1308 	1326
f 608 	574 	1308
f 574 	1274 	1308
f 574 	458 	1274
f 458 	1156 	1274
f 458 	457 	1156
f 457 	1157 	1156
f 457 	456 	1157
f 456 	1158 	1157
f 456 	594 	1158
f 594 	1294 	1158
f 594 	618 	1294
f 618 	1318 	1294
f 618 	627 	1318
f 627 	1327 	1318
f 627 	635 	1327
f 635 	1335 	1327
f 635 	595 	1335
f 595 	1295 	1335
f 595 	461 	1295
f 461 	1159 	1295
f 461 	460 	1159
f 460 	1160 	1159
f 460 	459 	1160
f 459 	1161 	1160
f 459 	463 	1161
f 463 	1162 	1161
f 463 	462 	1162
f 462 	1163 	1162
f 462 	465 	1163
f 465 	1164 	1163
f 465 	464 	1164
f 464 	1165 	1164
f 464 	467 	1165
f 467 	1166 	1165
f 467 	466 	1166
f 466 	1167 	1166
f 466 	596 	1167
f 596 	1296 	1167
f 596 	619 	1296
f 619 	1319 	1296
f 619 	700 	1319
f 700 	1400 	1319
f 700 	699 	1400
f 699 	1399 	1400
f 699 	697 	1399
f 697 	1397 	1399
f 697 	575 	1397
f 575 	1275 	1397
f 575 	470 	1275
f 470 	1168 	1275
f 470 	469 	1168
f 469 	1169 	1168
f 469 	468 	1169
f 468 	1170 	1169
f 468 	472 	1170
f 472 	1171 	1170
f 472 	471 	1171
f 471 	1172 	1171
f 471 	474 	1172
f 474 	1173 	1172
f 474 	473 	1173
f 473 	1174 	1173
f 473 	476 	1174
f 476 	1175 	1174
f 476 	475 	1175
f 475 	1176 	1175
f 475 	478 	1176
f 478 	1177 	1176
f 478 	477 	1177
f 477 	1178 	1177
f 477 	576 	1178
f 576 	1276 	1178
f 576 	481 	1276
f 481 	1179 	1276
f 481 	480 	1179
f 480 	1180 	1179
f 480 	479 	1180
f 479 	1181 	1180
f 479 	484 	1181
f 484 	1182 	1181
f 484 	483 	1182
f 483 	1183 	1182
f 483 	482 	1183
f 482 	1184 	1183
f 482 	486 	1184
f 486 	1185 	1184
f 486 	485 	1185
f 485 	1186 	1185
f 485 	488 	1186
f 488 	1187 	1186
f 488 	487 	1187
f 487 	1188 	1187
f 487 	490 	1188
f 490 	1189 	1188
f 490 	489 	1189
f 489 	1190 	1189
f 489 	493 	1190
f 493 	1191 	1190
f 493 	492 	1191
f 492 	1192 	1191
f 492 	491 	1192
f 491 	1193 	1192
f 491 	495 	1193
f 495 	1194 	1193
f 495 	494 	1194
f 494 	1195 	1194
f 494 	497 	1195
f 497 	1196 	1195
f 497 	496 	1196
f 496 	1197 	1196
f 496 	499 	1197
f 499 	1198 	1197
f 499 	498 	1198
f 498 	1199 	1198
f 498 	501 	1199
f 501 	1200 	1199
f 501 	500 	1200
f 500 	1201 	1200
f 500 	503 	1201
f 503 	1202 	1201
f 503 	502 	1202
f 502 	1203 	1202
f 502 	505 	1203
f 505 	1204 	1203
f 505 	504 	1204
f 504 	1205 	1204
f 504 	507 	1205
f 507 	1206 	1205
f 507 	506 	1206
f 506 	1207 	1206
f 506 	509 	1207
f 509 	1208 	1207
f 509 	508 	1208
f 508 	1209 	1208
f 508 	511 	1209
f 511 	1210 	1209
f 511 	510 	1210
f 510 	1211 	1210
f 510 	513 	1211
f 513 	1212 	1211
f 513 	512 	1212
f 512 	1213 	1212
f 512 	515 	1213
f 515 	1214 	1213
f 515 	514 	1214
f 514 	1215 	1214
f 514 	517 	1215
f 517 	1216 	1215
f 517 	516 	1216
f 516 	1217 	1216
f 516 	519 	1217
f 519 	1218 	1217
f 519 	518 	1218
f 518 	1219 	1218
f 518 	521 	1219
f 521 	1220 	1219
f 521 	520 	1220
f 520 	1221 	1220
f 520 	523 	1221
f 523 	1222 	1221
f 523 	522 	1222
f 522 	1223 	1222
f 522 	525 	1223
f 525 	1224 	1223
f 525 	524 	1224
f 524 	1225 	1224
f 524 	528 	1225
f 528 	1226 	1225
f 528 	527 	1226
f 527 	1227 	1226
f 527 	526 	1227
f 526 	1228 	1227
f 526 	577 	1228
f 577 	1277 	1228
f 577 	620 	1277
f 620 	1320 	1277
f 620 	660 	1320
f 660 	1360 	1320
f 660 	658 	1360
f 658 	1358 	1360
f 658 	657 	1358
f 657 	1357 	1358
f 657 	531 	1357
f 531 	1229 	1357
f 531 	530 	1229
f 530 	1230 	1229
f 530 	529 	1230
f 529 	1231 	1230
f 529 	533 	1231
f 533 	1232 	1231
f 533 	532 	1232
f 532 	1233 	1232
f 532 	535 	1233
f 535 	1234 	1233
f 535 	534 	1234
f 534 	1235 	1234
f 534 	537 	1235
f 537 	1236 	1235
f 537 	536 	1236
f 536 	1237 	1236
f 536 	539 	1237
f 539 	1238 	1237
f 539 	538 	1238
f 538 	1239 	1238
f 538 	541 	1239
f 541 	1240 	1239
f 541 	540 	1240
f 540 	1241 	1240
f 540 	543 	1241
f 543 	1242 	1241
f 543 	542 	1242
f 542 	1243 	1242
f 542 	628 	1243
f 628 	1328 	1243
f 628 	546 	1328
f 546 	1244 	1328
f 546 	545 	1244
f 545 	1245 	1244
f 545 	544 	1245
f 544 	1246 	1245
f 544 	654 	1246
f 654 	1354 	1246
f 654 	653 	1354
f 653 	1353 	1354
f 653 	3 	1353
f 3 	701 	1353
f 1401 	1402 	1403
f 1404 	1405 	1401
f 1406 	1407 	1404
f 1408 	1409 	1406
f 1410 	1411 	1412
f 1413 	1414 	1410
f 1415 	1416 	1417
f 1418 	1419 	1415
f 1420 	1421 	1418
f 1422 	1423 	1420
f 1424 	1425 	1422
f 1426 	1427 	1424
f 1428 	1429 	1430
f 1431 	1432 	1433
f 1434 	1435 	1431
f 1436 	1437 	1434
f 1438 	1439 	1436
f 1440 	1441 	1442
f 1443 	1444 	1440
f 1445 	1446 	1443
f 1447 	1448 	1445
f 1449 	1450 	1447
f 1451 	1452 	1449
f 1453 	1454 	1451
f 1455 	1456 	1453
f 1457 	1458 	1455
f 1459 	1460 	1457
f 1461 	1462 	1463
f 1464 	1465 	1461
f 1466 	1467 	1468
f 1469 	1470 	1466
f 1471 	1472 	1469
f 1473 	1474 	1471
f 1475 	1476 	1473
f 1477 	1478 	1475
f 1479 	1480 	1477
f 1481 	1482 	1483
f 1484 	1485 	1486
f 1487 	1488 	1484
f 1489 	1490 	1491
f 1492 	1493 	1489
f 1494 	1495 	1496
f 1497 	1498 	1494
f 1499 	1500 	1497
f 1501 	1502 	1499
f 1503 	1504 	1501
f 1505 	1506 	1507
f 1508 	1509 	1505
f 1510 	1511 	1508
f 1512 	1513 	1510
f 1514 	1515 	1512
f 1516 	1517 	1514
f 1518 	1519 	1516
f 1520 	1521 	1518
f 1522 	1523 	1520
f 1524 	1525 	1522
f 1526 	1527 	1524
f 1528 	1529 	1526
f 1530 	1531 	1528
f 1532 	1533 	1534
f 1535 	1536 	1537
f 1538 	1539 	1535
f 1540 	1541 	1538
f 1542 	1543 	1540
f 1544 	1545 	1542
f 1546 	1547 	1548
f 1549 	1550 	1546
f 1551 	1552 	1553
f 1554 	1555 	1556
f 1557 	1558 	1554
f 1559 	1560 	1557
f 1561 	1562 	1559
f 1563 	1564 	1565
f 1566 	1567 	1563
f 1568 	1569 	1566
f 1570 	1571 	1568
f 1572 	1573 	1574
f 1575 	1576 	1572
f 1577 	1578 	1579
f 1580 	1581 	1577
f 1582 	1583 	1580
f 1584 	1585 	1582
f 1586 	1587 	1588
f 1589 	1590 	1591
f 1592 	1593 	1594
f 1595 	1596 	1592
f 1597 	1598 	1599
f 1600 	1601 	1597
f 1602 	1603 	1600
f 1604 	1605 	1602
f 1606 	1607 	1604
f 1608 	1609 	1606
f 1610 	1611 	1608
f 1612 	1613 	1610
f 1614 	1615 	1612
f 1616 	1617 	1614
f 1618 	1619 	1620
f 1621 	1622 	1623
f 1624 	1625 	1621
f 1626 	1627 	1624
f 1628 	1629 	1626
f 1630 	1631 	1628
f 1632 	1633 	1634
f 1635 	1636 	1632
f 1637 	1638 	1635
f 1639 	1640 	1637
f 1641 	1642 	1639
f 1643 	1644 	1641
f 1645 	1646 	1647
f 1648 	1649 	1645
f 1650 	1651 	1648
f 1652 	1653 	1654
f 1655 	1656 	1652
f 1657 	1658 	1655
f 1659 	1660 	1657
f 1661 	1662 	1659
f 1663 	1664 	1661
f 1665 	1666 	1663
f 1667 	1668 	1665
f 1669 	1670 	1671
f 1672 	1673 	1674
f 1675 	1676 	1677
f 1678 	1679 	1680
f 1681 	1682 	1678
f 1683 	1684 	1681
f 1685 	1686 	1683
f 1687 	1688 	1685
f 1689 	1690 	1687
f 1691 	1692 	1689
f 1693 	1694 	1691
f 1695 	1696 	1697
f 1698 	1699 	1695
f 1700 	1701 	1698
f 1702 	1703 	1700
f 1704 	1705 	1706
f 1707 	1708 	1709
f 1710 	1711 	1707
f 1712 	1713 	1710
f 1714 	1715 	1712
f 1716 	1717 	1714
f 1718 	1719 	1716
f 1720 	1721 	1718
f 1722 	1723 	1720
f 1724 	1725 	1726
f 1727 	1728 	1724
f 1729 	1730 	1727
f 1731 	1732 	1729
f 1733 	1734 	1731
f 1735 	1736 	1733
f 1737 	1738 	1735
f 1739 	1740 	1737
f 1741 	1742 	1743
f 1744 	1745 	1741
f 1746 	1747 	1748
f 1749 	1750 	1751
f 1752 	1753 	1749
f 1754 	1755 	1752
f 1756 	1757 	1754
f 1758 	1759 	1756
f 1760 	1761 	1758
f 1762 	1763 	1760
f 1764 	1765 	1762
f 1766 	1767 	1764
f 1768 	1769 	1766
f 1770 	1771 	1772
f 1773 	1774 	1775
f 1776 	1777 	1778
f 1779 	1780 	1776
f 1781 	1782 	1779
f 1783 	1784 	1785
f 1786 	1787 	1788
f 1789 	1790 	1786
f 1791 	1792 	1789
f 1793 	1794 	1791
f 1795 	1796 	1793
f 1797 	1798 	1795
f 1799 	1800 	1797
f 1801 	1802 	1803
f 1804 	1805 	1801
f 1806 	1807 	1804
f 1808 	1809 	1806
f 1810 	1811 	1808
f 1812 	1813 	1810
f 1814 	1815 	1812
f 1816 	1817 	1814
f 1818 	1819 	1820
f 1821 	1822 	1818
f 1823 	1824 	1821
f 1825 	1826 	1827
f 1828 	1829 	1830
f 1831 	1832 	1833
f 1834 	1835 	1831
f 1836 	1837 	1838
f 1839 	1840 	1836
f 1841 	1842 	1839
f 1843 	1844 	1841
f 1845 	1846 	1843
f 1847 	1848 	1845
f 1849 	1850 	1851
f 1852 	1853 	1849
f 1854 	1855 	1852
f 1856 	1857 	1854
f 1858 	1859 	1860
f 1861 	1862 	1858
f 1863 	1864 	1861
f 1865 	1866 	1867
f 1868 	1869 	1870
f 1871 	1872 	1868
f 1873 	1874 	1875
f 1876 	1877 	1873
f 1878 	1879 	1876
f 1880 	1881 	1878
f 1882 	1883 	1880
f 1884 	1885 	1886
f 1887 	1888 	1884
f 1889 	1890 	1887
f 1891 	1892 	1893
f 1894 	1895 	1891
f 1896 	1897 	1898
f 1899 	1900 	1896
f 1901 	1902 	1899
f 1903 	1904 	1901
f 1905 	1906 	1903
f 1907 	1908 	1905
f 1909 	1910 	1907
f 1911 	1912 	1909
f 1913 	1914 	1915
f 1916 	1917 	1918
f 1919 	1920 	1921
f 1922 	1923 	1924
f 1925 	1926 	1922
f 1927 	1928 	1925
f 1929 	1930 	1927
f 1931 	1932 	1929
f 1933 	1934 	1935
f 1936 	1937 	1933
f 1938 	1939 	1936
f 1940 	1941 	1938
f 1942 	1943 	1940
f 1944 	1945 	1942
f 1946 	1947 	1944
f 1948 	1949 	1946
f 1950 	1951 	1948
f 1952 	1953 	1950
f 1954 	1955 	1956
f 1957 	1958 	1954
f 1959 	1960 	1957
f 1961 	1962 	1959
f 1963 	1964 	1961
f 1965 	1966 	1963
f 1967 	1968 	1965
f 1969 	1970 	1967
f 1971 	1972 	1973
f 1974 	1975 	1971
f 1976 	1977 	1978
f 1979 	1980 	1981
f 1982 	1983 	1984
f 1985 	1986 	1982
f 1987 	1988 	1985
f 1989 	1990 	1987
f 1991 	1992 	1989
f 1993 	1994 	1991
f 1995 	1996 	1993
f 1997 	1998 	1999
f 2000 	2001 	1997
f 2002 	2003 	2004
f 2005 	2006 	2002
f 2007 	2008 	2009
f 2010 	2011 	2007
f 2012 	2013 	2010
f 2014 	2015 	2016
f 2017 	2018 	2019
f 2020 	2021 	2022
f 2023 	2024 	2025
f 2026 	2027 	2023
f 2028 	2029 	2026
f 2030 	2031 	2028
f 2032 	2033 	2030
f 2034 	2035 	2036
f 2037 	2038 	2039
f 2040 	2041 	2037
f 2042 	2043 	2040
f 2044 	2045 	2042
f 2046 	2047 	2044
f 2048 	2049 	2050
f 2051 	2052 	2048
f 2053 	2054 	2051
f 2055 	2056 	2057
f 2058 	2059 	2060
f 2061 	2062 	2058
f 2063 	2064 	2061
f 2065 	2066 	2063
f 2067 	2068 	2069
f 2070 	2071 	2067
f 2072 	2073 	2070
f 2074 	2075 	2072
f 2076 	2077 	2074
f 2078 	2079 	2080
f 2081 	2082 	2078
f 2083 	2084 	2081
f 2085 	2086 	2083
f 2087 	2088 	2089
f 2090 	2091 	2087
f 2092 	2093 	2094
f 2095 	2096 	2092
f 2097 	2098 	2095
f 2099 	2100 	2097
f 2101 	2102 	2099
f 2103 	2101 	2101
f 2104 	2105 	2103
f 2106 	2107 	2104
f 2108 	2109 	2106
f 2110 	2111 	2112
f 2113 	2114 	2110
f 2115 	2116 	2113
f 2117 	2118 	2115
f 2119 	2120 	2117
f 2121 	2122 	2119
f 2123 	2124 	2121
f 2125 	2126 	2127
f 2128 	2129 	2130
f 2131 	2132 	2133
f 2134 	2135 	2131
f 2136 	2137 	2134
f 2138 	2139 	2136
f 2140 	2141 	2138
f 2142 	2143 	2144
f 2145 	2146 	2142
f 2147 	2148 	2145
f 2149 	2150 	2147
f 2151 	2152 	2149
f 2153 	2154 	2151
f 2155 	2156 	2153
f 2157 	2158 	2155
f 2159 	2160 	2157
f 2161 	2162 	2159
f 2163 	2164 	2161
f 2165 	2166 	2163
f 2167 	2168 	2165
f 2169 	2170 	2167
f 2171 	2172 	2169
f 2173 	2174 	2175
f 2176 	2177 	2178
f 2179 	2180 	2176
f 2181 	2182 	2179
f 1401 	1403 	2181
f 1406 	1404 	1401
f 2183 	1408 	1406
f 1410 	1412 	2184
f 2185 	1413 	1410
f 1418 	1415 	1417
f 1422 	1420 	1418
f 2186 	1426 	1424
f 1428 	1430 	2187
f 1431 	1433 	2188
f 1436 	1434 	1431
f 1442 	1438 	1436
f 1443 	1440 	1442
f 1447 	1445 	1443
f 1451 	1449 	1447
f 1457 	1455 	1453
f 2189 	1459 	1457
f 1464 	1461 	1463
f 1469 	1466 	1468
f 1475 	1473 	1471
f 1479 	1477 	1475
f 1481 	1483 	2190
f 1487 	1484 	1486
f 1489 	1491 	2191
f 2192 	1492 	1489
f 1494 	1496 	2192
f 1499 	1497 	1494
f 1503 	1501 	1499
f 1508 	1505 	1507
f 1512 	1510 	1508
f 1516 	1514 	1512
f 1520 	1518 	1516
f 1524 	1522 	1520
f 1528 	1526 	1524
f 2193 	1532 	1534
f 1538 	1535 	1537
f 1542 	1540 	1538
f 1548 	1544 	1542
f 1549 	1546 	1548
f 1551 	1553 	2194
f 1554 	1556 	2195
f 1559 	1557 	1554
f 1565 	1561 	1559
f 1566 	1563 	1565
f 1570 	1568 	1566
f 1575 	1572 	1574
f 1580 	1577 	1579
f 1584 	1582 	1580
f 1586 	1588 	2196
f 2197 	1589 	1591
f 1592 	1594 	2198
f 1599 	1595 	1592
f 1600 	1597 	1599
f 1604 	1602 	1600
f 1608 	1606 	1604
f 1612 	1610 	1608
f 1616 	1614 	1612
f 1618 	1620 	2199
f 1624 	1621 	1623
f 1628 	1626 	1624
f 1634 	1630 	1628
f 1635 	1632 	1634
f 1639 	1637 	1635
f 2200 	1643 	1641
f 1645 	1647 	2201
f 1650 	1648 	1645
f 1655 	1652 	1654
f 1659 	1657 	1655
f 1663 	1661 	1659
f 1667 	1665 	1663
f 1669 	1671 	2202
f 2203 	1672 	1674
f 1675 	1677 	2204
f 1678 	1680 	2205
f 1683 	1681 	1678
f 1687 	1685 	1683
f 1691 	1689 	1687
f 1697 	1693 	1691
f 1698 	1695 	1697
f 1702 	1700 	1698
f 1704 	1706 	2206
f 1712 	1710 	1707
f 1716 	1714 	1712
f 1722 	1720 	1718
f 1724 	1726 	2207
f 1729 	1727 	1724
f 1733 	1731 	1729
f 1737 	1735 	1733
f 2208 	1739 	1737
f 1741 	1743 	2209
f 2210 	1744 	1741
f 1746 	1748 	2210
f 1752 	1749 	1751
f 1756 	1754 	1752
f 1760 	1758 	1756
f 1764 	1762 	1760
f 1768 	1766 	1764
f 1770 	1772 	2211
f 1776 	1778 	2212
f 1781 	1779 	1776
f 1783 	1785 	2213
f 1789 	1786 	1788
f 1793 	1791 	1789
f 1797 	1795 	1793
f 2214 	1799 	1797
f 1804 	1801 	1803
f 1808 	1806 	1804
f 1812 	1810 	1808
f 1816 	1814 	1812
f 1818 	1820 	2215
f 1823 	1821 	1818
f 1833 	1828 	1830
f 1834 	1831 	1833
f 1839 	1836 	1838
f 1843 	1841 	1839
f 1847 	1845 	1843
f 1849 	1851 	1847
f 1854 	1852 	1849
f 1860 	1856 	1854
f 1861 	1858 	1860
f 2216 	1863 	1861
f 1865 	1867 	2217
f 1871 	1868 	1870
f 1876 	1873 	1875
f 1880 	1878 	1876
f 2218 	1882 	1880
f 1884 	1886 	2219
f 1889 	1887 	1884
f 1894 	1891 	1893
f 1899 	1896 	1898
f 1903 	1901 	1899
f 1907 	1905 	1903
f 1911 	1909 	1907
f 1913 	1915 	1911
f 2220 	1916 	1918
f 1919 	1921 	2221
f 1922 	1924 	2222
f 1927 	1925 	1922
f 1931 	1929 	1927
f 1936 	1933 	1935
f 1940 	1938 	1936
f 1944 	1942 	1940
f 1948 	1946 	1944
f 1952 	1950 	1948
f 1957 	1954 	1956
f 1961 	1959 	1957
f 1965 	1963 	1961
f 1969 	1967 	1965
f 1974 	1971 	1973
f 1976 	1978 	1974
f 1979 	1981 	2223
f 1985 	1982 	1984
f 1989 	1987 	1985
f 1995 	1993 	1991
f 2000 	1997 	1999
f 2002 	2004 	2000
f 2009 	2005 	2002
f 2010 	2007 	2009
f 2224 	2012 	2010
f 2014 	2016 	2225
f 2017 	2019 	2226
f 2020 	2022 	2227
f 2023 	2025 	2228
f 2028 	2026 	2023
f 2032 	2030 	2028
f 2034 	2036 	2229
f 2040 	2037 	2039
f 2044 	2042 	2040
f 2048 	2050 	2046
f 2053 	2051 	2048
f 2230 	2055 	2057
f 2058 	2060 	2231
f 2063 	2061 	2058
f 2232 	2065 	2063
f 2070 	2067 	2069
f 2074 	2072 	2070
f 2078 	2080 	2076
f 2083 	2081 	2078
f 2233 	2085 	2083
f 2090 	2087 	2089
f 2095 	2092 	2094
f 2099 	2097 	2095
f 2103 	2101 	2099
f 2106 	2104 	2103
f 2234 	2108 	2106
f 2113 	2110 	2112
f 2117 	2115 	2113
f 2123 	2121 	2119
f 2125 	2127 	2235
f 2134 	2131 	2133
f 2138 	2136 	2134
f 2144 	2140 	2138
f 2145 	2142 	2144
f 2149 	2147 	2145
f 2155 	2153 	2151
f 2159 	2157 	2155
f 2163 	2161 	2159
f 2167 	2165 	2163
f 2171 	2169 	2167
f 2173 	2175 	2236
f 2179 	2176 	2178
f 1401 	2181 	2179
f 2183 	1406 	1401
f 2185 	1410 	2184
f 1422 	1418 	1417
f 2237 	1428 	2187
f 1436 	1431 	2188
f 1443 	1442 	1436
f 1451 	1447 	1443
f 1464 	1463 	2189
f 1471 	1469 	1468
f 1479 	1475 	1471
f 2238 	1487 	1486
f 2192 	1489 	2191
f 1499 	1494 	2192
f 1507 	1503 	1499
f 1512 	1508 	1507
f 1520 	1516 	1512
f 1528 	1524 	1520
f 2193 	1534 	2239
f 1542 	1538 	1537
f 1549 	1548 	1542
f 2195 	1551 	2194
f 1559 	1554 	2195
f 1566 	1565 	1559
f 2240 	1570 	1566
f 2241 	1575 	1574
f 1584 	1580 	1579
f 2242 	1586 	2196
f 2197 	1591 	2243
f 1599 	1592 	2198
f 1604 	1600 	1599
f 1612 	1608 	1604
f 2244 	1616 	1612
f 1624 	1623 	2245
f 1634 	1628 	1624
f 1639 	1635 	1634
f 2246 	2200 	1641
f 1650 	1645 	2201
f 1659 	1655 	1654
f 1667 	1663 	1659
f 2247 	1669 	2202
f 2204 	2203 	1674
f 2248 	1675 	2204
f 1683 	1678 	2205
f 1691 	1687 	1683
f 1698 	1697 	1691
f 2249 	1702 	1698
f 2250 	1704 	2206
f 1712 	1707 	1709
f 1718 	1716 	1712
f 2251 	1722 	1718
f 1729 	1724 	2207
f 1737 	1733 	1729
f 2210 	1741 	2209
f 1751 	1746 	2210
f 1756 	1752 	1751
f 1764 	1760 	1756
f 2252 	1768 	1764
f 1781 	1776 	2212
f 1788 	1783 	2213
f 1797 	1793 	1789
f 2253 	2214 	1797
f 1804 	1803 	2253
f 1812 	1808 	1804
f 2254 	1816 	1812
f 1823 	1818 	2215
f 1834 	1833 	1830
f 1839 	1838 	2255
f 1847 	1843 	1839
f 1854 	1849 	1847
f 1861 	1860 	1854
f 2256 	2216 	1861
f 1870 	1865 	2217
f 1876 	1875 	2257
f 2218 	1880 	1876
f 1889 	1884 	2219
f 1894 	1893 	1889
f 1903 	1899 	1898
f 1911 	1907 	1903
f 2258 	1913 	1911
f 2259 	2220 	1918
f 2222 	1919 	2221
f 1927 	1922 	2222
f 1935 	1931 	1927
f 1944 	1940 	1936
f 1952 	1948 	1944
f 1961 	1957 	1956
f 1969 	1965 	1961
f 1976 	1974 	1973
f 1985 	1984 	2260
f 1991 	1989 	1985
f 2009 	2002 	2000
f 2224 	2010 	2009
f 2261 	2014 	2225
f 2227 	2017 	2226
f 2028 	2023 	2228
f 2229 	2032 	2028
f 2262 	2034 	2229
f 2040 	2039 	2263
f 2046 	2044 	2040
f 2053 	2048 	2046
f 2230 	2057 	2264
f 2063 	2058 	2231
f 2265 	2232 	2063
f 2074 	2070 	2069
f 2083 	2078 	2076
f 2266 	2090 	2089
f 2095 	2094 	2266
f 2103 	2099 	2095
f 2234 	2106 	2103
f 2117 	2113 	2112
f 2125 	2235 	2267
f 2134 	2133 	2268
f 2144 	2138 	2134
f 2149 	2145 	2144
f 2155 	2151 	2149
f 2163 	2159 	2155
f 2269 	2171 	2167
f 2270 	2173 	2236
f 1401 	2179 	2178
f 2184 	2183 	1401
f 1417 	2185 	2184
f 1424 	1422 	1417
f 1436 	2188 	2271
f 1453 	1451 	1443
f 2272 	1464 	2189
f 1471 	1468 	2272
f 2273 	1479 	1471
f 2238 	1486 	2274
f 1499 	2192 	2191
f 1512 	1507 	1499
f 1530 	1528 	1520
f 1542 	1537 	2275
f 2276 	1549 	1542
f 1559 	2195 	2194
f 2240 	1566 	1559
f 1579 	2241 	1574
f 2277 	1584 	1579
f 2198 	2197 	2243
f 1604 	1599 	2198
f 2244 	1612 	1604
f 1639 	1634 	1624
f 1654 	1650 	2201
f 1683 	2205 	2278
f 2206 	2249 	1698
f 1718 	1712 	1709
f 2208 	1737 	1729
f 2210 	2209 	2279
f 1756 	1751 	2210
f 1781 	2212 	2280
f 1789 	1788 	2213
f 1812 	1804 	2253
f 2281 	2254 	1812
f 1823 	2215 	2282
f 1839 	2255 	2283
f 1854 	1847 	1839
f 2256 	1861 	1854
f 1871 	1870 	2217
f 1876 	2257 	1871
f 2284 	2218 	1876
f 1903 	1898 	2285
f 2258 	1911 	1903
f 1927 	2222 	2221
f 1936 	1935 	1927
f 2286 	1952 	1944
f 1961 	1956 	2287
f 1973 	1969 	1961
f 2223 	1976 	1973
f 1985 	2260 	2288
f 1995 	1991 	1985
f 2009 	2000 	1999
f 2225 	2224 	2009
f 2289 	2261 	2225
f 2028 	2228 	2290
f 2046 	2040 	2263
f 2291 	2053 	2046
f 2230 	2264 	2292
f 2063 	2231 	2293
f 2069 	2265 	2063
f 2083 	2076 	2074
f 2095 	2266 	2089
f 2234 	2103 	2095
f 2117 	2112 	2234
f 2149 	2144 	2134
f 2163 	2155 	2149
f 2270 	2236 	2294
f 1401 	2178 	2270
f 1417 	2184 	1401
f 1436 	2271 	2295
f 1471 	2272 	2189
f 1512 	1499 	2191
f 2239 	1530 	1520
f 1574 	2240 	1559
f 2196 	2277 	1579
f 1604 	2198 	2243
f 2199 	2244 	1604
f 1683 	2278 	2248
f 2250 	2206 	1698
f 2251 	1718 	1709
f 1756 	2210 	2279
f 2213 	1781 	2280
f 2281 	1812 	2253
f 1823 	2282 	2296
f 2297 	2286 	1944
f 1985 	2288 	2298
f 2299 	1995 	1985
f 2028 	2290 	2300
f 2046 	2263 	2301
f 2302 	2230 	2292
f 2063 	2293 	2302
f 2074 	2069 	2063
f 2117 	2234 	2095
f 2167 	2163 	2149
f 1401 	2270 	2294
f 1424 	1417 	1401
f 2193 	2239 	1520
f 1604 	2243 	2242
f 1618 	2199 	1604
f 1683 	2248 	2204
f 2251 	1709 	2303
f 1789 	2213 	2280
f 2296 	2281 	2253
f 2304 	1823 	2296
f 2305 	2299 	1985
f 2063 	2302 	2292
f 2119 	2117 	2095
f 1401 	2294 	2269
f 2306 	2251 	2303
f 1789 	2280 	2307
f 2304 	2296 	2253
f 1401 	2269 	2167
f 2306 	2303 	2308
f 2304 	2253 	1797
f 1424 	1401 	2167
f 2309 	2304 	1797
f 1424 	2167 	2149
f 2310 	2309 	1797
f 2186 	1424 	2149
f 2310 	1797 	1789
f 2311 	2186 	2149
f 1827 	2310 	1789
f 2312 	2311 	2149
f 1825 	1827 	1789
f 2187 	2312 	2149
f 2313 	1825 	1789
f 2237 	2187 	2149
f 2313 	1789 	2307
f 2237 	2149 	2134
f 1830 	2313 	2307
f 2314 	2237 	2134
f 1834 	1830 	2307
f 2315 	2314 	2134
f 2316 	1834 	2307
f 2317 	2315 	2134
f 2283 	2316 	2307
f 2295 	2317 	2134
f 1839 	2283 	2307
f 2295 	2134 	2268
f 1839 	2307 	1773
f 1436 	2295 	2268
f 1839 	1773 	1775
f 1436 	2268 	2128
f 1854 	1839 	1775
f 1436 	2128 	2130
f 1854 	1775 	2318
f 1436 	2130 	2319
f 1854 	2318 	1770
f 1443 	1436 	2319
f 1854 	1770 	2211
f 1443 	2319 	2125
f 1854 	2211 	2320
f 1443 	2125 	2267
f 1854 	2320 	2321
f 1443 	2267 	2123
f 1854 	2321 	2252
f 1443 	2123 	2119
f 1854 	2252 	1764
f 1453 	1443 	2119
f 2256 	1854 	1764
f 1453 	2119 	2095
f 2256 	1764 	1756
f 1457 	1453 	2095
f 2322 	2256 	1756
f 1457 	2095 	2089
f 2323 	2322 	1756
f 1457 	2089 	2324
f 2325 	2323 	1756
f 1457 	2324 	2233
f 2325 	1756 	2279
f 2189 	1457 	2233
f 2217 	2325 	2279
f 1471 	2189 	2233
f 1871 	2217 	2279
f 1471 	2233 	2083
f 1871 	2279 	2208
f 2273 	1471 	2083
f 1876 	1871 	2208
f 2190 	2273 	2083
f 2284 	1876 	2208
f 2190 	2083 	2074
f 2284 	2208 	1729
f 1481 	2190 	2074
f 2326 	2284 	1729
f 2274 	1481 	2074
f 2327 	2326 	1729
f 2274 	2074 	2063
f 2328 	2327 	1729
f 2238 	2274 	2063
f 2219 	2328 	1729
f 2329 	2238 	2063
f 2219 	1729 	2207
f 2191 	2329 	2063
f 2219 	2207 	2330
f 2191 	2063 	2292
f 1889 	2219 	2330
f 1512 	2191 	2292
f 1889 	2330 	2306
f 1512 	2292 	2331
f 1889 	2306 	2308
f 1512 	2331 	2332
f 1889 	2308 	2333
f 1512 	2332 	2334
f 1889 	2333 	2250
f 1512 	2334 	2335
f 1894 	1889 	2250
f 1512 	2335 	2336
f 2285 	1894 	2250
f 1512 	2336 	2337
f 1903 	2285 	2250
f 1520 	1512 	2337
f 1903 	2250 	1698
f 1520 	2337 	2338
f 2258 	1903 	1698
f 1520 	2338 	2339
f 2340 	2258 	1698
f 1520 	2339 	2341
f 2340 	1698 	1691
f 1520 	2341 	2291
f 1918 	2340 	1691
f 1520 	2291 	2046
f 2259 	1918 	1691
f 2193 	1520 	2046
f 2342 	2259 	1691
f 2275 	2193 	2046
f 2221 	2342 	1691
f 2275 	2046 	2301
f 2221 	1691 	1683
f 2275 	2301 	2343
f 2221 	1683 	2204
f 1542 	2275 	2343
f 2221 	2204 	1674
f 1542 	2343 	2262
f 1927 	2221 	1674
f 1542 	2262 	2229
f 1927 	1674 	2344
f 1542 	2229 	2028
f 1927 	2344 	2247
f 2276 	1542 	2028
f 1927 	2247 	2202
f 2194 	2276 	2028
f 1936 	1927 	2202
f 2194 	2028 	2300
f 1936 	2202 	2345
f 1559 	2194 	2300
f 1936 	2345 	2346
f 1559 	2300 	2020
f 1936 	2346 	2347
f 1559 	2020 	2227
f 1936 	2347 	2348
f 1574 	1559 	2227
f 1936 	2348 	2349
f 1574 	2227 	2226
f 1936 	2349 	2350
f 1574 	2226 	2289
f 1936 	2350 	2351
f 1574 	2289 	2225
f 1936 	2351 	2352
f 1579 	1574 	2225
f 1944 	1936 	2352
f 2196 	1579 	2225
f 1944 	2352 	2353
f 2196 	2225 	2009
f 1944 	2353 	1667
f 2196 	2009 	1999
f 2297 	1944 	1667
f 2242 	2196 	1999
f 2297 	1667 	1659
f 1604 	2242 	1999
f 2297 	1659 	1654
f 1604 	1999 	2354
f 2355 	2297 	1654
f 1604 	2354 	2305
f 2287 	2355 	1654
f 1604 	2305 	1985
f 2287 	1654 	2201
f 1618 	1604 	1985
f 1961 	2287 	2201
f 2245 	1618 	1985
f 1961 	2201 	2356
f 2245 	1985 	2298
f 1961 	2356 	2357
f 2245 	2298 	2358
f 1961 	2357 	2359
f 1624 	2245 	2358
f 1961 	2359 	2360
f 1624 	2358 	1979
f 1973 	1961 	2360
f 1624 	1979 	2223
f 1973 	2360 	2361
f 1639 	1624 	2223
f 1973 	2361 	2246
f 1639 	2223 	1973
f 1973 	2246 	1641
f 1641 	1639 	1973
f 2362 	2363 	2364
f 2364 	2365 	2366
f 2366 	2367 	2368
f 2368 	2369 	2370
f 2371 	2372 	2373
f 2373 	2374 	2375
f 2376 	2377 	2378
f 2378 	2379 	2380
f 2380 	2381 	2382
f 2382 	2383 	2384
f 2384 	2385 	2386
f 2386 	2387 	2388
f 2389 	2390 	2391
f 2392 	2393 	2394
f 2394 	2395 	2396
f 2396 	2397 	2398
f 2398 	2399 	2400
f 2401 	2402 	2403
f 2403 	2404 	2405
f 2405 	2406 	2407
f 2407 	2408 	2409
f 2409 	2410 	2411
f 2411 	2412 	2413
f 2413 	2414 	2415
f 2415 	2416 	2417
f 2417 	2418 	2419
f 2419 	2420 	2421
f 2422 	2423 	2424
f 2424 	2425 	2426
f 2427 	2428 	2429
f 2429 	2430 	2431
f 2431 	2432 	2433
f 2433 	2434 	2435
f 2435 	2436 	2437
f 2437 	2438 	2439
f 2439 	2440 	2441
f 2442 	2443 	2444
f 2445 	2446 	2447
f 2447 	2448 	2449
f 2450 	2451 	2452
f 2452 	2453 	2454
f 2455 	2456 	2457
f 2457 	2458 	2459
f 2459 	2460 	2461
f 2461 	2462 	2463
f 2463 	2464 	2465
f 2466 	2467 	2468
f 2468 	2469 	2470
f 2470 	2471 	2472
f 2472 	2473 	2474
f 2474 	2475 	2476
f 2476 	2477 	2478
f 2478 	2479 	2480
f 2480 	2481 	2482
f 2482 	2483 	2484
f 2484 	2485 	2486
f 2486 	2487 	2488
f 2488 	2489 	2490
f 2490 	2491 	2492
f 2493 	2494 	2495
f 2496 	2497 	2498
f 2498 	2499 	2500
f 2500 	2501 	2502
f 2502 	2503 	2504
f 2504 	2505 	2506
f 2507 	2508 	2509
f 2509 	2510 	2511
f 2512 	2513 	2514
f 2515 	2516 	2517
f 2517 	2518 	2519
f 2519 	2520 	2521
f 2521 	2522 	2523
f 2524 	2525 	2526
f 2526 	2527 	2528
f 2528 	2529 	2530
f 2530 	2531 	2532
f 2533 	2534 	2535
f 2535 	2536 	2537
f 2538 	2539 	2540
f 2540 	2541 	2542
f 2542 	2543 	2544
f 2544 	2545 	2546
f 2547 	2548 	2549
f 2550 	2551 	2552
f 2553 	2554 	2555
f 2555 	2556 	2557
f 2558 	2559 	2560
f 2560 	2561 	2562
f 2562 	2563 	2564
f 2564 	2565 	2566
f 2566 	2567 	2568
f 2568 	2569 	2570
f 2570 	2571 	2572
f 2572 	2573 	2574
f 2574 	2575 	2576
f 2576 	2577 	2578
f 2579 	2580 	2581
f 2582 	2583 	2584
f 2584 	2585 	2586
f 2586 	2587 	2588
f 2588 	2589 	2590
f 2590 	2591 	2592
f 2593 	2594 	2595
f 2595 	2596 	2597
f 2597 	2598 	2599
f 2599 	2600 	2601
f 2601 	2602 	2603
f 2603 	2604 	2605
f 2606 	2607 	2608
f 2608 	2609 	2610
f 2610 	2611 	2612
f 2613 	2614 	2615
f 2615 	2616 	2617
f 2617 	2618 	2619
f 2619 	2620 	2621
f 2621 	2622 	2623
f 2623 	2624 	2625
f 2625 	2626 	2627
f 2627 	2628 	2629
f 2630 	2631 	2632
f 2633 	2634 	2635
f 2636 	2637 	2638
f 2639 	2640 	2641
f 2641 	2642 	2643
f 2643 	2644 	2645
f 2645 	2646 	2647
f 2647 	2648 	2649
f 2649 	2650 	2651
f 2651 	2652 	2653
f 2653 	2654 	2655
f 2656 	2657 	2658
f 2658 	2659 	2660
f 2660 	2661 	2662
f 2662 	2663 	2664
f 2665 	2666 	2667
f 2668 	2669 	2670
f 2670 	2671 	2672
f 2672 	2673 	2674
f 2674 	2675 	2676
f 2676 	2677 	2678
f 2678 	2679 	2680
f 2680 	2681 	2682
f 2682 	2683 	2684
f 2685 	2686 	2687
f 2687 	2688 	2689
f 2689 	2690 	2691
f 2691 	2692 	2693
f 2693 	2694 	2695
f 2695 	2696 	2697
f 2697 	2698 	2699
f 2699 	2700 	2701
f 2702 	2703 	2704
f 2704 	2705 	2706
f 2707 	2708 	2709
f 2710 	2711 	2712
f 2712 	2713 	2714
f 2714 	2715 	2716
f 2716 	2717 	2718
f 2718 	2719 	2720
f 2720 	2721 	2722
f 2722 	2723 	2724
f 2724 	2725 	2726
f 2726 	2727 	2728
f 2728 	2729 	2730
f 2731 	2732 	2733
f 2734 	2735 	2736
f 2737 	2738 	2739
f 2739 	2740 	2741
f 2741 	2742 	2743
f 2744 	2745 	2746
f 2747 	2748 	2749
f 2749 	2750 	2751
f 2751 	2752 	2753
f 2753 	2754 	2755
f 2755 	2756 	2757
f 2757 	2758 	2759
f 2759 	2760 	2761
f 2762 	2763 	2764
f 2764 	2765 	2766
f 2766 	2767 	2768
f 2768 	2769 	2770
f 2770 	2771 	2772
f 2772 	2773 	2774
f 2774 	2775 	2776
f 2776 	2777 	2778
f 2779 	2780 	2781
f 2781 	2782 	2783
f 2783 	2784 	2785
f 2786 	2787 	2788
f 2789 	2790 	2791
f 2792 	2793 	2794
f 2794 	2795 	2796
f 2797 	2798 	2799
f 2799 	2800 	2801
f 2801 	2802 	2803
f 2803 	2804 	2805
f 2805 	2806 	2807
f 2807 	2808 	2809
f 2810 	2811 	2812
f 2812 	2813 	2814
f 2814 	2815 	2816
f 2816 	2817 	2818
f 2819 	2820 	2821
f 2821 	2822 	2823
f 2823 	2824 	2825
f 2826 	2827 	2828
f 2829 	2830 	2831
f 2831 	2832 	2833
f 2834 	2835 	2836
f 2836 	2837 	2838
f 2838 	2839 	2840
f 2840 	2841 	2842
f 2842 	2843 	2844
f 2845 	2846 	2847
f 2847 	2848 	2849
f 2849 	2850 	2851
f 2852 	2853 	2854
f 2854 	2855 	2856
f 2857 	2858 	2859
f 2859 	2860 	2861
f 2861 	2862 	2863
f 2863 	2864 	2865
f 2865 	2866 	2867
f 2867 	2868 	2869
f 2869 	2870 	2871
f 2871 	2872 	2873
f 2874 	2875 	2876
f 2877 	2878 	2879
f 2880 	2881 	2882
f 2883 	2884 	2885
f 2885 	2886 	2887
f 2887 	2888 	2889
f 2889 	2890 	2891
f 2891 	2892 	2893
f 2894 	2895 	2896
f 2896 	2897 	2898
f 2898 	2899 	2900
f 2900 	2901 	2902
f 2902 	2903 	2904
f 2904 	2905 	2906
f 2906 	2907 	2908
f 2908 	2909 	2910
f 2910 	2911 	2912
f 2912 	2913 	2914
f 2915 	2916 	2917
f 2917 	2918 	2919
f 2919 	2920 	2921
f 2921 	2922 	2923
f 2923 	2924 	2925
f 2925 	2926 	2927
f 2927 	2928 	2929
f 2929 	2930 	2931
f 2932 	2933 	2934
f 2934 	2935 	2936
f 2937 	2938 	2939
f 2940 	2941 	2942
f 2943 	2944 	2945
f 2945 	2946 	2947
f 2947 	2948 	2949
f 2949 	2950 	2951
f 2951 	2952 	2953
f 2953 	2954 	2955
f 2955 	2956 	2957
f 2958 	2959 	2960
f 2960 	2961 	2962
f 2963 	2964 	2965
f 2965 	2966 	2967
f 2968 	2969 	2970
f 2970 	2971 	2972
f 2972 	2973 	2974
f 2975 	2976 	2977
f 2978 	2979 	2980
f 2981 	2982 	2983
f 2984 	2985 	2986
f 2986 	2987 	2988
f 2988 	2989 	2990
f 2990 	2991 	2992
f 2992 	2993 	2994
f 2995 	2996 	2997
f 2998 	2999 	3000
f 3000 	3001 	3002
f 3002 	3003 	3004
f 3004 	3005 	3006
f 3006 	3007 	3008
f 3009 	3010 	3011
f 3011 	3012 	3013
f 3013 	3014 	3015
f 3016 	3017 	3018
f 3019 	3020 	3021
f 3021 	3022 	3023
f 3023 	3024 	3025
f 3025 	3026 	3027
f 3028 	3029 	3030
f 3030 	3031 	3032
f 3032 	3033 	3034
f 3034 	3035 	3036
f 3036 	3037 	3038
f 3039 	3040 	3041
f 3041 	3042 	3043
f 3043 	3044 	3045
f 3045 	3046 	3047
f 3048 	3049 	3050
f 3050 	3051 	3052
f 3053 	3054 	3055
f 3055 	3056 	3057
f 3057 	3058 	3059
f 3059 	3060 	3061
f 3061 	3062 	3063
f 3064 	3065 	3066
f 3066 	3067 	3068
f 3068 	3069 	3070
f 3071 	3072 	3073
f 3073 	3074 	3075
f 3075 	3076 	3077
f 3077 	3078 	3079
f 3079 	3080 	3081
f 3081 	3082 	3083
f 3083 	3084 	3085
f 3086 	3087 	3088
f 3089 	3090 	3091
f 3092 	3093 	3094
f 3094 	3095 	3096
f 3096 	3097 	3098
f 3098 	3099 	3100
f 3100 	3101 	3102
f 3103 	3104 	3105
f 3105 	3106 	3107
f 3107 	3108 	3109
f 3109 	3110 	3111
f 3111 	3112 	3113
f 3113 	3114 	3115
f 3115 	3116 	3117
f 3117 	3118 	3119
f 3119 	3120 	3121
f 3121 	3122 	3123
f 3123 	3124 	3125
f 3125 	3126 	3127
f 3127 	3128 	3129
f 3129 	3130 	3131
f 3131 	3132 	3133
f 3134 	3135 	3136
f 3137 	3138 	3139
f 3139 	3140 	3141
f 3141 	3142 	3143
f 3143 	2362 	2364
f 2364 	2366 	2368
f 2368 	2370 	3144
f 3145 	2371 	2373
f 2373 	2375 	3146
f 2376 	2378 	2380
f 2380 	2382 	2384
f 2386 	2388 	3147
f 3148 	2389 	2391
f 3149 	2392 	2394
f 2394 	2396 	2398
f 2398 	2400 	2401
f 2401 	2403 	2405
f 2405 	2407 	2409
f 2409 	2411 	2413
f 2415 	2417 	2419
f 2419 	2421 	3150
f 2422 	2424 	2426
f 2427 	2429 	2431
f 2433 	2435 	2437
f 2437 	2439 	2441
f 3151 	2442 	2444
f 2445 	2447 	2449
f 3152 	2450 	2452
f 2452 	2454 	3153
f 3153 	2455 	2457
f 2457 	2459 	2461
f 2461 	2463 	2465
f 2466 	2468 	2470
f 2470 	2472 	2474
f 2474 	2476 	2478
f 2478 	2480 	2482
f 2482 	2484 	2486
f 2486 	2488 	2490
f 2493 	2495 	3154
f 2496 	2498 	2500
f 2500 	2502 	2504
f 2504 	2506 	2507
f 2507 	2509 	2511
f 3155 	2512 	2514
f 3156 	2515 	2517
f 2517 	2519 	2521
f 2521 	2523 	2524
f 2524 	2526 	2528
f 2528 	2530 	2532
f 2533 	2535 	2537
f 2538 	2540 	2542
f 2542 	2544 	2546
f 3157 	2547 	2549
f 2550 	2552 	3158
f 3159 	2553 	2555
f 2555 	2557 	2558
f 2558 	2560 	2562
f 2562 	2564 	2566
f 2566 	2568 	2570
f 2570 	2572 	2574
f 2574 	2576 	2578
f 3160 	2579 	2581
f 2582 	2584 	2586
f 2586 	2588 	2590
f 2590 	2592 	2593
f 2593 	2595 	2597
f 2597 	2599 	2601
f 2603 	2605 	3161
f 3162 	2606 	2608
f 2608 	2610 	2612
f 2613 	2615 	2617
f 2617 	2619 	2621
f 2621 	2623 	2625
f 2625 	2627 	2629
f 3163 	2630 	2632
f 2633 	2635 	3164
f 3165 	2636 	2638
f 3166 	2639 	2641
f 2641 	2643 	2645
f 2645 	2647 	2649
f 2649 	2651 	2653
f 2653 	2655 	2656
f 2656 	2658 	2660
f 2660 	2662 	2664
f 3167 	2665 	2667
f 2670 	2672 	2674
f 2674 	2676 	2678
f 2680 	2682 	2684
f 3168 	2685 	2687
f 2687 	2689 	2691
f 2691 	2693 	2695
f 2695 	2697 	2699
f 2699 	2701 	3169
f 3170 	2702 	2704
f 2704 	2706 	3171
f 3171 	2707 	2709
f 2710 	2712 	2714
f 2714 	2716 	2718
f 2718 	2720 	2722
f 2722 	2724 	2726
f 2726 	2728 	2730
f 3172 	2731 	2733
f 3173 	2737 	2739
f 2739 	2741 	2743
f 3174 	2744 	2746
f 2747 	2749 	2751
f 2751 	2753 	2755
f 2755 	2757 	2759
f 2759 	2761 	3175
f 2762 	2764 	2766
f 2766 	2768 	2770
f 2770 	2772 	2774
f 2774 	2776 	2778
f 3176 	2779 	2781
f 2781 	2783 	2785
f 2789 	2791 	2792
f 2792 	2794 	2796
f 2797 	2799 	2801
f 2801 	2803 	2805
f 2805 	2807 	2809
f 2809 	2810 	2812
f 2812 	2814 	2816
f 2816 	2818 	2819
f 2819 	2821 	2823
f 2823 	2825 	3177
f 3178 	2826 	2828
f 2829 	2831 	2833
f 2834 	2836 	2838
f 2838 	2840 	2842
f 2842 	2844 	3179
f 3180 	2845 	2847
f 2847 	2849 	2851
f 2852 	2854 	2856
f 2857 	2859 	2861
f 2861 	2863 	2865
f 2865 	2867 	2869
f 2869 	2871 	2873
f 2873 	2874 	2876
f 2877 	2879 	3181
f 3182 	2880 	2882
f 3183 	2883 	2885
f 2885 	2887 	2889
f 2889 	2891 	2893
f 2894 	2896 	2898
f 2898 	2900 	2902
f 2902 	2904 	2906
f 2906 	2908 	2910
f 2910 	2912 	2914
f 2915 	2917 	2919
f 2919 	2921 	2923
f 2923 	2925 	2927
f 2927 	2929 	2931
f 2932 	2934 	2936
f 2936 	2937 	2939
f 3184 	2940 	2942
f 2943 	2945 	2947
f 2947 	2949 	2951
f 2953 	2955 	2957
f 2958 	2960 	2962
f 2962 	2963 	2965
f 2965 	2967 	2968
f 2968 	2970 	2972
f 2972 	2974 	3185
f 3186 	2975 	2977
f 3187 	2978 	2980
f 3188 	2981 	2983
f 3189 	2984 	2986
f 2986 	2988 	2990
f 2990 	2992 	2994
f 3190 	2995 	2997
f 2998 	3000 	3002
f 3002 	3004 	3006
f 3008 	3009 	3011
f 3011 	3013 	3015
f 3016 	3018 	3191
f 3192 	3019 	3021
f 3021 	3023 	3025
f 3025 	3027 	3193
f 3028 	3030 	3032
f 3032 	3034 	3036
f 3038 	3039 	3041
f 3041 	3043 	3045
f 3045 	3047 	3194
f 3048 	3050 	3052
f 3053 	3055 	3057
f 3057 	3059 	3061
f 3061 	3063 	3064
f 3064 	3066 	3068
f 3068 	3070 	3195
f 3071 	3073 	3075
f 3075 	3077 	3079
f 3081 	3083 	3085
f 3196 	3086 	3088
f 3092 	3094 	3096
f 3096 	3098 	3100
f 3100 	3102 	3103
f 3103 	3105 	3107
f 3107 	3109 	3111
f 3113 	3115 	3117
f 3117 	3119 	3121
f 3121 	3123 	3125
f 3125 	3127 	3129
f 3129 	3131 	3133
f 3197 	3134 	3136
f 3137 	3139 	3141
f 3141 	3143 	2364
f 2364 	2368 	3144
f 3145 	2373 	3146
f 2376 	2380 	2384
f 3148 	2391 	3198
f 3149 	2394 	2398
f 2398 	2401 	2405
f 2405 	2409 	2413
f 3150 	2422 	2426
f 2427 	2431 	2433
f 2433 	2437 	2441
f 2445 	2449 	3199
f 3152 	2452 	3153
f 3153 	2457 	2461
f 2461 	2465 	2466
f 2466 	2470 	2474
f 2474 	2478 	2482
f 2482 	2486 	2490
f 3200 	2493 	3154
f 2496 	2500 	2504
f 2504 	2507 	2511
f 3155 	2514 	3156
f 3156 	2517 	2521
f 2521 	2524 	2528
f 2528 	2532 	3201
f 2533 	2537 	3202
f 2538 	2542 	2546
f 3157 	2549 	3203
f 3204 	2550 	3158
f 3159 	2555 	2558
f 2558 	2562 	2566
f 2566 	2570 	2574
f 2574 	2578 	3205
f 3206 	2582 	2586
f 2586 	2590 	2593
f 2593 	2597 	2601
f 2603 	3161 	3207
f 3162 	2608 	2612
f 2613 	2617 	2621
f 2621 	2625 	2629
f 3163 	2632 	3208
f 2633 	3164 	3165
f 3165 	2638 	3209
f 3166 	2641 	2645
f 2645 	2649 	2653
f 2653 	2656 	2660
f 2660 	2664 	3210
f 3167 	2667 	3211
f 2668 	2670 	2674
f 2674 	2678 	2680
f 2680 	2684 	3212
f 3168 	2687 	2691
f 2691 	2695 	2699
f 3170 	2704 	3171
f 3171 	2709 	2710
f 2710 	2714 	2718
f 2718 	2722 	2726
f 2726 	2730 	3213
f 3173 	2739 	2743
f 3174 	2746 	2747
f 2751 	2755 	2759
f 2759 	3175 	3214
f 3214 	2762 	2766
f 2766 	2770 	2774
f 2774 	2778 	3215
f 3176 	2781 	2785
f 2789 	2792 	2796
f 3216 	2797 	2801
f 2801 	2805 	2809
f 2809 	2812 	2816
f 2816 	2819 	2823
f 2823 	3177 	3217
f 3178 	2828 	2829
f 3218 	2834 	2838
f 2838 	2842 	3179
f 3180 	2847 	2851
f 2851 	2852 	2856
f 2857 	2861 	2865
f 2865 	2869 	2873
f 2873 	2876 	3219
f 2877 	3181 	3220
f 3182 	2882 	3183
f 3183 	2885 	2889
f 2889 	2893 	2894
f 2898 	2902 	2906
f 2906 	2910 	2914
f 2915 	2919 	2923
f 2923 	2927 	2931
f 2932 	2936 	2939
f 3221 	2943 	2947
f 2947 	2951 	2953
f 2962 	2965 	2968
f 2968 	2972 	3185
f 3186 	2977 	3222
f 3187 	2980 	3188
f 3189 	2986 	2990
f 2990 	2994 	3190
f 3190 	2997 	3223
f 3224 	2998 	3002
f 3002 	3006 	3008
f 3008 	3011 	3015
f 3225 	3016 	3191
f 3192 	3021 	3025
f 3025 	3193 	3226
f 3028 	3032 	3036
f 3038 	3041 	3045
f 3048 	3052 	3227
f 3227 	3053 	3057
f 3057 	3061 	3064
f 3064 	3068 	3195
f 3071 	3075 	3079
f 3228 	3196 	3088
f 3229 	3092 	3096
f 3096 	3100 	3103
f 3103 	3107 	3111
f 3111 	3113 	3117
f 3117 	3121 	3125
f 3129 	3133 	3230
f 3197 	3136 	3231
f 3137 	3141 	2364
f 2364 	3144 	3145
f 3145 	3146 	2376
f 2376 	2384 	2386
f 3232 	3149 	2398
f 2405 	2413 	2415
f 3150 	2426 	3233
f 3233 	2427 	2433
f 2433 	2441 	3234
f 3235 	2445 	3199
f 3152 	3153 	2461
f 2461 	2466 	2474
f 2482 	2490 	2492
f 3236 	2496 	2504
f 2504 	2511 	3237
f 3155 	3156 	2521
f 2521 	2528 	3201
f 2533 	3202 	2538
f 2538 	2546 	3238
f 3204 	3158 	3159
f 3159 	2558 	2566
f 2566 	2574 	3205
f 2586 	2593 	2601
f 3162 	2612 	2613
f 3239 	3166 	2645
f 2660 	3210 	3167
f 2668 	2674 	2680
f 2691 	2699 	3169
f 3240 	3170 	3171
f 3171 	2710 	2718
f 3241 	3173 	2743
f 3174 	2747 	2751
f 3214 	2766 	2774
f 2774 	3215 	3242
f 3243 	3176 	2785
f 3244 	3216 	2801
f 2801 	2809 	2816
f 2816 	2823 	3217
f 3178 	2829 	2833
f 2833 	3218 	2838
f 2838 	3179 	3245
f 3246 	2857 	2865
f 2865 	2873 	3219
f 3182 	3183 	2889
f 2889 	2894 	2898
f 2906 	2914 	3247
f 3248 	2915 	2923
f 2923 	2931 	2932
f 2932 	2939 	3184
f 3249 	3221 	2947
f 2947 	2953 	2957
f 2958 	2962 	2968
f 2968 	3185 	3186
f 3186 	3222 	3250
f 3251 	3189 	2990
f 3224 	3002 	3008
f 3008 	3015 	3252
f 3253 	3225 	3191
f 3254 	3192 	3025
f 3025 	3226 	3028
f 3036 	3038 	3045
f 3048 	3227 	3057
f 3057 	3064 	3195
f 3195 	3071 	3079
f 3096 	3103 	3111
f 3111 	3117 	3125
f 3255 	3197 	3231
f 3231 	3137 	2364
f 2364 	3145 	2376
f 3256 	3232 	2398
f 3150 	3233 	2433
f 3152 	2461 	2474
f 2482 	2492 	3200
f 2521 	3201 	2533
f 2538 	3238 	3157
f 3204 	3159 	2566
f 2566 	3205 	3160
f 3209 	3239 	2645
f 2660 	3167 	3211
f 2668 	2680 	3212
f 3240 	3171 	2718
f 3241 	2743 	3174
f 3214 	2774 	3242
f 3257 	3243 	2785
f 2906 	3247 	3258
f 3259 	3249 	2947
f 2947 	2957 	3260
f 3261 	3251 	2990
f 3262 	3224 	3008
f 3253 	3191 	3263
f 3263 	3254 	3025
f 3025 	3028 	3036
f 3057 	3195 	3079
f 3111 	3125 	3129
f 3255 	3231 	2364
f 2364 	2376 	2386
f 2482 	3200 	3154
f 3203 	3204 	2566
f 2566 	3160 	2581
f 3165 	3209 	2645
f 3264 	2668 	3212
f 3241 	3174 	2751
f 3214 	3242 	3257
f 3257 	2785 	3265
f 2947 	3260 	3266
f 3253 	3263 	3025
f 3057 	3079 	3081
f 3230 	3255 	2364
f 3264 	3212 	3267
f 3268 	3241 	2751
f 3214 	3257 	3265
f 3129 	3230 	2364
f 3269 	3264 	3267
f 2759 	3214 	3265
f 3129 	2364 	2386
f 2759 	3265 	3270
f 3111 	3129 	2386
f 2759 	3270 	3271
f 3111 	2386 	3147
f 2751 	2759 	3271
f 3111 	3147 	3272
f 2751 	3271 	2786
f 3111 	3272 	3273
f 2751 	2786 	2788
f 3111 	3273 	3148
f 2751 	2788 	3274
f 3111 	3148 	3198
f 3268 	2751 	3274
f 3096 	3111 	3198
f 3268 	3274 	2789
f 3096 	3198 	3275
f 3268 	2789 	2796
f 3096 	3275 	3276
f 3268 	2796 	3277
f 3096 	3276 	3278
f 3268 	3277 	3244
f 3096 	3278 	3256
f 3268 	3244 	2801
f 3229 	3096 	3256
f 2736 	3268 	2801
f 3229 	3256 	2398
f 2734 	2736 	2801
f 3091 	3229 	2398
f 2734 	2801 	2816
f 3089 	3091 	2398
f 3279 	2734 	2816
f 3280 	3089 	2398
f 2733 	3279 	2816
f 3280 	2398 	2405
f 3172 	2733 	2816
f 3088 	3280 	2405
f 3281 	3172 	2816
f 3228 	3088 	2405
f 3282 	3281 	2816
f 3085 	3228 	2405
f 3213 	3282 	2816
f 3081 	3085 	2405
f 2726 	3213 	2816
f 3081 	2405 	2415
f 2726 	2816 	3217
f 3057 	3081 	2415
f 2718 	2726 	3217
f 3057 	2415 	2419
f 2718 	3217 	3283
f 3048 	3057 	2419
f 2718 	3283 	3284
f 3285 	3048 	2419
f 2718 	3284 	3286
f 3194 	3285 	2419
f 3240 	2718 	3286
f 3194 	2419 	3150
f 3240 	3286 	3178
f 3194 	3150 	2433
f 3240 	3178 	2833
f 3045 	3194 	2433
f 3169 	3240 	2833
f 3045 	2433 	3234
f 3169 	2833 	2838
f 3045 	3234 	3151
f 3169 	2838 	3245
f 3036 	3045 	3151
f 2691 	3169 	3245
f 3036 	3151 	2444
f 2691 	3245 	3287
f 3036 	2444 	3235
f 2691 	3287 	3288
f 3025 	3036 	3235
f 2691 	3288 	3289
f 3025 	3235 	3199
f 2691 	3289 	3180
f 3025 	3199 	3290
f 3168 	2691 	3180
f 3025 	3290 	3152
f 3291 	3168 	3180
f 3253 	3025 	3152
f 3291 	3180 	2851
f 3253 	3152 	2474
f 3267 	3291 	2851
f 3292 	3253 	2474
f 3269 	3267 	2851
f 3293 	3292 	2474
f 3294 	3269 	2851
f 3295 	3293 	2474
f 3211 	3294 	2851
f 3296 	3295 	2474
f 3211 	2851 	2856
f 3297 	3296 	2474
f 3211 	2856 	3246
f 3298 	3297 	2474
f 3211 	3246 	2865
f 3298 	2474 	2482
f 2660 	3211 	2865
f 3299 	3298 	2482
f 2660 	2865 	3219
f 3300 	3299 	2482
f 2660 	3219 	3301
f 3302 	3300 	2482
f 2653 	2660 	3301
f 3252 	3302 	2482
f 2653 	3301 	2877
f 3008 	3252 	2482
f 2653 	2877 	3220
f 3008 	2482 	3154
f 2653 	3220 	3303
f 3008 	3154 	3236
f 2653 	3303 	3182
f 3262 	3008 	3236
f 2645 	2653 	3182
f 3304 	3262 	3236
f 3165 	2645 	3182
f 3304 	3236 	2504
f 2633 	3165 	3182
f 3223 	3304 	2504
f 2633 	3182 	2889
f 3190 	3223 	2504
f 3305 	2633 	2889
f 2990 	3190 	2504
f 3208 	3305 	2889
f 2990 	2504 	3237
f 3163 	3208 	2889
f 2990 	3237 	3155
f 3163 	2889 	2898
f 3261 	2990 	3155
f 3306 	3163 	2898
f 3261 	3155 	2521
f 3307 	3306 	2898
f 2983 	3261 	2521
f 3308 	3307 	2898
f 3188 	2983 	2521
f 3309 	3308 	2898
f 3188 	2521 	2533
f 3310 	3309 	2898
f 3187 	3188 	2533
f 3311 	3310 	2898
f 3250 	3187 	2533
f 3312 	3311 	2898
f 3186 	3250 	2533
f 3313 	3312 	2898
f 3186 	2533 	2538
f 3313 	2898 	2906
f 3186 	2538 	3157
f 3314 	3313 	2906
f 2968 	3186 	3157
f 2629 	3314 	2906
f 2958 	2968 	3157
f 2629 	2906 	3258
f 2958 	3157 	3203
f 2621 	2629 	3258
f 2958 	3203 	2566
f 2613 	2621 	3258
f 3315 	2958 	2566
f 2613 	3258 	3316
f 3266 	3315 	2566
f 2613 	3316 	3248
f 2947 	3266 	2566
f 3162 	2613 	3248
f 2947 	2566 	2581
f 3162 	3248 	2923
f 2947 	2581 	3206
f 3317 	3162 	2923
f 3259 	2947 	3206
f 3318 	3317 	2923
f 3319 	3259 	3206
f 3320 	3318 	2923
f 3319 	3206 	2586
f 3321 	3320 	2923
f 2942 	3319 	2586
f 3321 	2923 	2932
f 3184 	2942 	2586
f 3322 	3321 	2932
f 3184 	2586 	2601
f 3207 	3322 	2932
f 2932 	3184 	2601
f 2603 	3207 	2932
f 2932 	2601 	2603
f 1401 	1405 	2364
f 1405 	2365 	2364
f 1405 	1404 	2365
f 1404 	2366 	2365
f 1404 	1407 	2366
f 1407 	2367 	2366
f 1407 	1406 	2367
f 1406 	2368 	2367
f 1406 	1409 	2368
f 1409 	2369 	2368
f 1409 	1408 	2369
f 1408 	2370 	2369
f 1408 	2183 	2370
f 2183 	3144 	2370
f 2183 	2184 	3144
f 2184 	3145 	3144
f 2184 	1412 	3145
f 1412 	2371 	3145
f 1412 	1411 	2371
f 1411 	2372 	2371
f 1411 	1410 	2372
f 1410 	2373 	2372
f 1410 	1414 	2373
f 1414 	2374 	2373
f 1414 	1413 	2374
f 1413 	2375 	2374
f 1413 	2185 	2375
f 2185 	3146 	2375
f 2185 	1417 	3146
f 1417 	2376 	3146
f 1417 	1416 	2376
f 1416 	2377 	2376
f 1416 	1415 	2377
f 1415 	2378 	2377
f 1415 	1419 	2378
f 1419 	2379 	2378
f 1419 	1418 	2379
f 1418 	2380 	2379
f 1418 	1421 	2380
f 1421 	2381 	2380
f 1421 	1420 	2381
f 1420 	2382 	2381
f 1420 	1423 	2382
f 1423 	2383 	2382
f 1423 	1422 	2383
f 1422 	2384 	2383
f 1422 	1425 	2384
f 1425 	2385 	2384
f 1425 	1424 	2385
f 1424 	2386 	2385
f 1424 	1427 	2386
f 1427 	2387 	2386
f 1427 	1426 	2387
f 1426 	2388 	2387
f 1426 	2186 	2388
f 2186 	3147 	2388
f 2186 	2311 	3147
f 2311 	3272 	3147
f 2311 	2312 	3272
f 2312 	3273 	3272
f 2312 	2187 	3273
f 2187 	3148 	3273
f 2187 	1430 	3148
f 1430 	2389 	3148
f 1430 	1429 	2389
f 1429 	2390 	2389
f 1429 	1428 	2390
f 1428 	2391 	2390
f 1428 	2237 	2391
f 2237 	3198 	2391
f 2237 	2314 	3198
f 2314 	3275 	3198
f 2314 	2315 	3275
f 2315 	3276 	3275
f 2315 	2317 	3276
f 2317 	3278 	3276
f 2317 	2295 	3278
f 2295 	3256 	3278
f 2295 	2271 	3256
f 2271 	3232 	3256
f 2271 	2188 	3232
f 2188 	3149 	3232
f 2188 	1433 	3149
f 1433 	2392 	3149
f 1433 	1432 	2392
f 1432 	2393 	2392
f 1432 	1431 	2393
f 1431 	2394 	2393
f 1431 	1435 	2394
f 1435 	2395 	2394
f 1435 	1434 	2395
f 1434 	2396 	2395
f 1434 	1437 	2396
f 1437 	2397 	2396
f 1437 	1436 	2397
f 1436 	2398 	2397
f 1436 	1439 	2398
f 1439 	2399 	2398
f 1439 	1438 	2399
f 1438 	2400 	2399
f 1438 	1442 	2400
f 1442 	2401 	2400
f 1442 	1441 	2401
f 1441 	2402 	2401
f 1441 	1440 	2402
f 1440 	2403 	2402
f 1440 	1444 	2403
f 1444 	2404 	2403
f 1444 	1443 	2404
f 1443 	2405 	2404
f 1443 	1446 	2405
f 1446 	2406 	2405
f 1446 	1445 	2406
f 1445 	2407 	2406
f 1445 	1448 	2407
f 1448 	2408 	2407
f 1448 	1447 	2408
f 1447 	2409 	2408
f 1447 	1450 	2409
f 1450 	2410 	2409
f 1450 	1449 	2410
f 1449 	2411 	2410
f 1449 	1452 	2411
f 1452 	2412 	2411
f 1452 	1451 	2412
f 1451 	2413 	2412
f 1451 	1454 	2413
f 1454 	2414 	2413
f 1454 	1453 	2414
f 1453 	2415 	2414
f 1453 	1456 	2415
f 1456 	2416 	2415
f 1456 	1455 	2416
f 1455 	2417 	2416
f 1455 	1458 	2417
f 1458 	2418 	2417
f 1458 	1457 	2418
f 1457 	2419 	2418
f 1457 	1460 	2419
f 1460 	2420 	2419
f 1460 	1459 	2420
f 1459 	2421 	2420
f 1459 	2189 	2421
f 2189 	3150 	2421
f 2189 	1463 	3150
f 1463 	2422 	3150
f 1463 	1462 	2422
f 1462 	2423 	2422
f 1462 	1461 	2423
f 1461 	2424 	2423
f 1461 	1465 	2424
f 1465 	2425 	2424
f 1465 	1464 	2425
f 1464 	2426 	2425
f 1464 	2272 	2426
f 2272 	3233 	2426
f 2272 	1468 	3233
f 1468 	2427 	3233
f 1468 	1467 	2427
f 1467 	2428 	2427
f 1467 	1466 	2428
f 1466 	2429 	2428
f 1466 	1470 	2429
f 1470 	2430 	2429
f 1470 	1469 	2430
f 1469 	2431 	2430
f 1469 	1472 	2431
f 1472 	2432 	2431
f 1472 	1471 	2432
f 1471 	2433 	2432
f 1471 	1474 	2433
f 1474 	2434 	2433
f 1474 	1473 	2434
f 1473 	2435 	2434
f 1473 	1476 	2435
f 1476 	2436 	2435
f 1476 	1475 	2436
f 1475 	2437 	2436
f 1475 	1478 	2437
f 1478 	2438 	2437
f 1478 	1477 	2438
f 1477 	2439 	2438
f 1477 	1480 	2439
f 1480 	2440 	2439
f 1480 	1479 	2440
f 1479 	2441 	2440
f 1479 	2273 	2441
f 2273 	3234 	2441
f 2273 	2190 	3234
f 2190 	3151 	3234
f 2190 	1483 	3151
f 1483 	2442 	3151
f 1483 	1482 	2442
f 1482 	2443 	2442
f 1482 	1481 	2443
f 1481 	2444 	2443
f 1481 	2274 	2444
f 2274 	3235 	2444
f 2274 	1486 	3235
f 1486 	2445 	3235
f 1486 	1485 	2445
f 1485 	2446 	2445
f 1485 	1484 	2446
f 1484 	2447 	2446
f 1484 	1488 	2447
f 1488 	2448 	2447
f 1488 	1487 	2448
f 1487 	2449 	2448
f 1487 	2238 	2449
f 2238 	3199 	2449
f 2238 	2329 	3199
f 2329 	3290 	3199
f 2329 	2191 	3290
f 2191 	3152 	3290
f 2191 	1491 	3152
f 1491 	2450 	3152
f 1491 	1490 	2450
f 1490 	2451 	2450
f 1490 	1489 	2451
f 1489 	2452 	2451
f 1489 	1493 	2452
f 1493 	2453 	2452
f 1493 	1492 	2453
f 1492 	2454 	2453
f 1492 	2192 	2454
f 2192 	3153 	2454
f 2192 	1496 	3153
f 1496 	2455 	3153
f 1496 	1495 	2455
f 1495 	2456 	2455
f 1495 	1494 	2456
f 1494 	2457 	2456
f 1494 	1498 	2457
f 1498 	2458 	2457
f 1498 	1497 	2458
f 1497 	2459 	2458
f 1497 	1500 	2459
f 1500 	2460 	2459
f 1500 	1499 	2460
f 1499 	2461 	2460
f 1499 	1502 	2461
f 1502 	2462 	2461
f 1502 	1501 	2462
f 1501 	2463 	2462
f 1501 	1504 	2463
f 1504 	2464 	2463
f 1504 	1503 	2464
f 1503 	2465 	2464
f 1503 	1507 	2465
f 1507 	2466 	2465
f 1507 	1506 	2466
f 1506 	2467 	2466
f 1506 	1505 	2467
f 1505 	2468 	2467
f 1505 	1509 	2468
f 1509 	2469 	2468
f 1509 	1508 	2469
f 1508 	2470 	2469
f 1508 	1511 	2470
f 1511 	2471 	2470
f 1511 	1510 	2471
f 1510 	2472 	2471
f 1510 	1513 	2472
f 1513 	2473 	2472
f 1513 	1512 	2473
f 1512 	2474 	2473
f 1512 	1515 	2474
f 1515 	2475 	2474
f 1515 	1514 	2475
f 1514 	2476 	2475
f 1514 	1517 	2476
f 1517 	2477 	2476
f 1517 	1516 	2477
f 1516 	2478 	2477
f 1516 	1519 	2478
f 1519 	2479 	2478
f 1519 	1518 	2479
f 1518 	2480 	2479
f 1518 	1521 	2480
f 1521 	2481 	2480
f 1521 	1520 	2481
f 1520 	2482 	2481
f 1520 	1523 	2482
f 1523 	2483 	2482
f 1523 	1522 	2483
f 1522 	2484 	2483
f 1522 	1525 	2484
f 1525 	2485 	2484
f 1525 	1524 	2485
f 1524 	2486 	2485
f 1524 	1527 	2486
f 1527 	2487 	2486
f 1527 	1526 	2487
f 1526 	2488 	2487
f 1526 	1529 	2488
f 1529 	2489 	2488
f 1529 	1528 	2489
f 1528 	2490 	2489
f 1528 	1531 	2490
f 1531 	2491 	2490
f 1531 	1530 	2491
f 1530 	2492 	2491
f 1530 	2239 	2492
f 2239 	3200 	2492
f 2239 	1534 	3200
f 1534 	2493 	3200
f 1534 	1533 	2493
f 1533 	2494 	2493
f 1533 	1532 	2494
f 1532 	2495 	2494
f 1532 	2193 	2495
f 2193 	3154 	2495
f 2193 	2275 	3154
f 2275 	3236 	3154
f 2275 	1537 	3236
f 1537 	2496 	3236
f 1537 	1536 	2496
f 1536 	2497 	2496
f 1536 	1535 	2497
f 1535 	2498 	2497
f 1535 	1539 	2498
f 1539 	2499 	2498
f 1539 	1538 	2499
f 1538 	2500 	2499
f 1538 	1541 	2500
f 1541 	2501 	2500
f 1541 	1540 	2501
f 1540 	2502 	2501
f 1540 	1543 	2502
f 1543 	2503 	2502
f 1543 	1542 	2503
f 1542 	2504 	2503
f 1542 	1545 	2504
f 1545 	2505 	2504
f 1545 	1544 	2505
f 1544 	2506 	2505
f 1544 	1548 	2506
f 1548 	2507 	2506
f 1548 	1547 	2507
f 1547 	2508 	2507
f 1547 	1546 	2508
f 1546 	2509 	2508
f 1546 	1550 	2509
f 1550 	2510 	2509
f 1550 	1549 	2510
f 1549 	2511 	2510
f 1549 	2276 	2511
f 2276 	3237 	2511
f 2276 	2194 	3237
f 2194 	3155 	3237
f 2194 	1553 	3155
f 1553 	2512 	3155
f 1553 	1552 	2512
f 1552 	2513 	2512
f 1552 	1551 	2513
f 1551 	2514 	2513
f 1551 	2195 	2514
f 2195 	3156 	2514
f 2195 	1556 	3156
f 1556 	2515 	3156
f 1556 	1555 	2515
f 1555 	2516 	2515
f 1555 	1554 	2516
f 1554 	2517 	2516
f 1554 	1558 	2517
f 1558 	2518 	2517
f 1558 	1557 	2518
f 1557 	2519 	2518
f 1557 	1560 	2519
f 1560 	2520 	2519
f 1560 	1559 	2520
f 1559 	2521 	2520
f 1559 	1562 	2521
f 1562 	2522 	2521
f 1562 	1561 	2522
f 1561 	2523 	2522
f 1561 	1565 	2523
f 1565 	2524 	2523
f 1565 	1564 	2524
f 1564 	2525 	2524
f 1564 	1563 	2525
f 1563 	2526 	2525
f 1563 	1567 	2526
f 1567 	2527 	2526
f 1567 	1566 	2527
f 1566 	2528 	2527
f 1566 	1569 	2528
f 1569 	2529 	2528
f 1569 	1568 	2529
f 1568 	2530 	2529
f 1568 	1571 	2530
f 1571 	2531 	2530
f 1571 	1570 	2531
f 1570 	2532 	2531
f 1570 	2240 	2532
f 2240 	3201 	2532
f 2240 	1574 	3201
f 1574 	2533 	3201
f 1574 	1573 	2533
f 1573 	2534 	2533
f 1573 	1572 	2534
f 1572 	2535 	2534
f 1572 	1576 	2535
f 1576 	2536 	2535
f 1576 	1575 	2536
f 1575 	2537 	2536
f 1575 	2241 	2537
f 2241 	3202 	2537
f 2241 	1579 	3202
f 1579 	2538 	3202
f 1579 	1578 	2538
f 1578 	2539 	2538
f 1578 	1577 	2539
f 1577 	2540 	2539
f 1577 	1581 	2540
f 1581 	2541 	2540
f 1581 	1580 	2541
f 1580 	2542 	2541
f 1580 	1583 	2542
f 1583 	2543 	2542
f 1583 	1582 	2543
f 1582 	2544 	2543
f 1582 	1585 	2544
f 1585 	2545 	2544
f 1585 	1584 	2545
f 1584 	2546 	2545
f 1584 	2277 	2546
f 2277 	3238 	2546
f 2277 	2196 	3238
f 2196 	3157 	3238
f 2196 	1588 	3157
f 1588 	2547 	3157
f 1588 	1587 	2547
f 1587 	2548 	2547
f 1587 	1586 	2548
f 1586 	2549 	2548
f 1586 	2242 	2549
f 2242 	3203 	2549
f 2242 	2243 	3203
f 2243 	3204 	3203
f 2243 	1591 	3204
f 1591 	2550 	3204
f 1591 	1590 	2550
f 1590 	2551 	2550
f 1590 	1589 	2551
f 1589 	2552 	2551
f 1589 	2197 	2552
f 2197 	3158 	2552
f 2197 	2198 	3158
f 2198 	3159 	3158
f 2198 	1594 	3159
f 1594 	2553 	3159
f 1594 	1593 	2553
f 1593 	2554 	2553
f 1593 	1592 	2554
f 1592 	2555 	2554
f 1592 	1596 	2555
f 1596 	2556 	2555
f 1596 	1595 	2556
f 1595 	2557 	2556
f 1595 	1599 	2557
f 1599 	2558 	2557
f 1599 	1598 	2558
f 1598 	2559 	2558
f 1598 	1597 	2559
f 1597 	2560 	2559
f 1597 	1601 	2560
f 1601 	2561 	2560
f 1601 	1600 	2561
f 1600 	2562 	2561
f 1600 	1603 	2562
f 1603 	2563 	2562
f 1603 	1602 	2563
f 1602 	2564 	2563
f 1602 	1605 	2564
f 1605 	2565 	2564
f 1605 	1604 	2565
f 1604 	2566 	2565
f 1604 	1607 	2566
f 1607 	2567 	2566
f 1607 	1606 	2567
f 1606 	2568 	2567
f 1606 	1609 	2568
f 1609 	2569 	2568
f 1609 	1608 	2569
f 1608 	2570 	2569
f 1608 	1611 	2570
f 1611 	2571 	2570
f 1611 	1610 	2571
f 1610 	2572 	2571
f 1610 	1613 	2572
f 1613 	2573 	2572
f 1613 	1612 	2573
f 1612 	2574 	2573
f 1612 	1615 	2574
f 1615 	2575 	2574
f 1615 	1614 	2575
f 1614 	2576 	2575
f 1614 	1617 	2576
f 1617 	2577 	2576
f 1617 	1616 	2577
f 1616 	2578 	2577
f 1616 	2244 	2578
f 2244 	3205 	2578
f 2244 	2199 	3205
f 2199 	3160 	3205
f 2199 	1620 	3160
f 1620 	2579 	3160
f 1620 	1619 	2579
f 1619 	2580 	2579
f 1619 	1618 	2580
f 1618 	2581 	2580
f 1618 	2245 	2581
f 2245 	3206 	2581
f 2245 	1623 	3206
f 1623 	2582 	3206
f 1623 	1622 	2582
f 1622 	2583 	2582
f 1622 	1621 	2583
f 1621 	2584 	2583
f 1621 	1625 	2584
f 1625 	2585 	2584
f 1625 	1624 	2585
f 1624 	2586 	2585
f 1624 	1627 	2586
f 1627 	2587 	2586
f 1627 	1626 	2587
f 1626 	2588 	2587
f 1626 	1629 	2588
f 1629 	2589 	2588
f 1629 	1628 	2589
f 1628 	2590 	2589
f 1628 	1631 	2590
f 1631 	2591 	2590
f 1631 	1630 	2591
f 1630 	2592 	2591
f 1630 	1634 	2592
f 1634 	2593 	2592
f 1634 	1633 	2593
f 1633 	2594 	2593
f 1633 	1632 	2594
f 1632 	2595 	2594
f 1632 	1636 	2595
f 1636 	2596 	2595
f 1636 	1635 	2596
f 1635 	2597 	2596
f 1635 	1638 	2597
f 1638 	2598 	2597
f 1638 	1637 	2598
f 1637 	2599 	2598
f 1637 	1640 	2599
f 1640 	2600 	2599
f 1640 	1639 	2600
f 1639 	2601 	2600
f 1639 	1642 	2601
f 1642 	2602 	2601
f 1642 	1641 	2602
f 1641 	2603 	2602
f 1641 	1644 	2603
f 1644 	2604 	2603
f 1644 	1643 	2604
f 1643 	2605 	2604
f 1643 	2200 	2605
f 2200 	3161 	2605
f 2200 	2246 	3161
f 2246 	3207 	3161
f 2246 	2361 	3207
f 2361 	3322 	3207
f 2361 	2360 	3322
f 2360 	3321 	3322
f 2360 	2359 	3321
f 2359 	3320 	3321
f 2359 	2357 	3320
f 2357 	3318 	3320
f 2357 	2356 	3318
f 2356 	3317 	3318
f 2356 	2201 	3317
f 2201 	3162 	3317
f 2201 	1647 	3162
f 1647 	2606 	3162
f 1647 	1646 	2606
f 1646 	2607 	2606
f 1646 	1645 	2607
f 1645 	2608 	2607
f 1645 	1649 	2608
f 1649 	2609 	2608
f 1649 	1648 	2609
f 1648 	2610 	2609
f 1648 	1651 	2610
f 1651 	2611 	2610
f 1651 	1650 	2611
f 1650 	2612 	2611
f 1650 	1654 	2612
f 1654 	2613 	2612
f 1654 	1653 	2613
f 1653 	2614 	2613
f 1653 	1652 	2614
f 1652 	2615 	2614
f 1652 	1656 	2615
f 1656 	2616 	2615
f 1656 	1655 	2616
f 1655 	2617 	2616
f 1655 	1658 	2617
f 1658 	2618 	2617
f 1658 	1657 	2618
f 1657 	2619 	2618
f 1657 	1660 	2619
f 1660 	2620 	2619
f 1660 	1659 	2620
f 1659 	2621 	2620
f 1659 	1662 	2621
f 1662 	2622 	2621
f 1662 	1661 	2622
f 1661 	2623 	2622
f 1661 	1664 	2623
f 1664 	2624 	2623
f 1664 	1663 	2624
f 1663 	2625 	2624
f 1663 	1666 	2625
f 1666 	2626 	2625
f 1666 	1665 	2626
f 1665 	2627 	2626
f 1665 	1668 	2627
f 1668 	2628 	2627
f 1668 	1667 	2628
f 1667 	2629 	2628
f 1667 	2353 	2629
f 2353 	3314 	2629
f 2353 	2352 	3314
f 2352 	3313 	3314
f 2352 	2351 	3313
f 2351 	3312 	3313
f 2351 	2350 	3312
f 2350 	3311 	3312
f 2350 	2349 	3311
f 2349 	3310 	3311
f 2349 	2348 	3310
f 2348 	3309 	3310
f 2348 	2347 	3309
f 2347 	3308 	3309
f 2347 	2346 	3308
f 2346 	3307 	3308
f 2346 	2345 	3307
f 2345 	3306 	3307
f 2345 	2202 	3306
f 2202 	3163 	3306
f 2202 	1671 	3163
f 1671 	2630 	3163
f 1671 	1670 	2630
f 1670 	2631 	2630
f 1670 	1669 	2631
f 1669 	2632 	2631
f 1669 	2247 	2632
f 2247 	3208 	2632
f 2247 	2344 	3208
f 2344 	3305 	3208
f 2344 	1674 	3305
f 1674 	2633 	3305
f 1674 	1673 	2633
f 1673 	2634 	2633
f 1673 	1672 	2634
f 1672 	2635 	2634
f 1672 	2203 	2635
f 2203 	3164 	2635
f 2203 	2204 	3164
f 2204 	3165 	3164
f 2204 	1677 	3165
f 1677 	2636 	3165
f 1677 	1676 	2636
f 1676 	2637 	2636
f 1676 	1675 	2637
f 1675 	2638 	2637
f 1675 	2248 	2638
f 2248 	3209 	2638
f 2248 	2278 	3209
f 2278 	3239 	3209
f 2278 	2205 	3239
f 2205 	3166 	3239
f 2205 	1680 	3166
f 1680 	2639 	3166
f 1680 	1679 	2639
f 1679 	2640 	2639
f 1679 	1678 	2640
f 1678 	2641 	2640
f 1678 	1682 	2641
f 1682 	2642 	2641
f 1682 	1681 	2642
f 1681 	2643 	2642
f 1681 	1684 	2643
f 1684 	2644 	2643
f 1684 	1683 	2644
f 1683 	2645 	2644
f 1683 	1686 	2645
f 1686 	2646 	2645
f 1686 	1685 	2646
f 1685 	2647 	2646
f 1685 	1688 	2647
f 1688 	2648 	2647
f 1688 	1687 	2648
f 1687 	2649 	2648
f 1687 	1690 	2649
f 1690 	2650 	2649
f 1690 	1689 	2650
f 1689 	2651 	2650
f 1689 	1692 	2651
f 1692 	2652 	2651
f 1692 	1691 	2652
f 1691 	2653 	2652
f 1691 	1694 	2653
f 1694 	2654 	2653
f 1694 	1693 	2654
f 1693 	2655 	2654
f 1693 	1697 	2655
f 1697 	2656 	2655
f 1697 	1696 	2656
f 1696 	2657 	2656
f 1696 	1695 	2657
f 1695 	2658 	2657
f 1695 	1699 	2658
f 1699 	2659 	2658
f 1699 	1698 	2659
f 1698 	2660 	2659
f 1698 	1701 	2660
f 1701 	2661 	2660
f 1701 	1700 	2661
f 1700 	2662 	2661
f 1700 	1703 	2662
f 1703 	2663 	2662
f 1703 	1702 	2663
f 1702 	2664 	2663
f 1702 	2249 	2664
f 2249 	3210 	2664
f 2249 	2206 	3210
f 2206 	3167 	3210
f 2206 	1706 	3167
f 1706 	2665 	3167
f 1706 	1705 	2665
f 1705 	2666 	2665
f 1705 	1704 	2666
f 1704 	2667 	2666
f 1704 	2250 	2667
f 2250 	3211 	2667
f 2250 	2333 	3211
f 2333 	3294 	3211
f 2333 	2308 	3294
f 2308 	3269 	3294
f 2308 	2303 	3269
f 2303 	3264 	3269
f 2303 	1709 	3264
f 1709 	2668 	3264
f 1709 	1708 	2668
f 1708 	2669 	2668
f 1708 	1707 	2669
f 1707 	2670 	2669
f 1707 	1711 	2670
f 1711 	2671 	2670
f 1711 	1710 	2671
f 1710 	2672 	2671
f 1710 	1713 	2672
f 1713 	2673 	2672
f 1713 	1712 	2673
f 1712 	2674 	2673
f 1712 	1715 	2674
f 1715 	2675 	2674
f 1715 	1714 	2675
f 1714 	2676 	2675
f 1714 	1717 	2676
f 1717 	2677 	2676
f 1717 	1716 	2677
f 1716 	2678 	2677
f 1716 	1719 	2678
f 1719 	2679 	2678
f 1719 	1718 	2679
f 1718 	2680 	2679
f 1718 	1721 	2680
f 1721 	2681 	2680
f 1721 	1720 	2681
f 1720 	2682 	2681
f 1720 	1723 	2682
f 1723 	2683 	2682
f 1723 	1722 	2683
f 1722 	2684 	2683
f 1722 	2251 	2684
f 2251 	3212 	2684
f 2251 	2306 	3212
f 2306 	3267 	3212
f 2306 	2330 	3267
f 2330 	3291 	3267
f 2330 	2207 	3291
f 2207 	3168 	3291
f 2207 	1726 	3168
f 1726 	2685 	3168
f 1726 	1725 	2685
f 1725 	2686 	2685
f 1725 	1724 	2686
f 1724 	2687 	2686
f 1724 	1728 	2687
f 1728 	2688 	2687
f 1728 	1727 	2688
f 1727 	2689 	2688
f 1727 	1730 	2689
f 1730 	2690 	2689
f 1730 	1729 	2690
f 1729 	2691 	2690
f 1729 	1732 	2691
f 1732 	2692 	2691
f 1732 	1731 	2692
f 1731 	2693 	2692
f 1731 	1734 	2693
f 1734 	2694 	2693
f 1734 	1733 	2694
f 1733 	2695 	2694
f 1733 	1736 	2695
f 1736 	2696 	2695
f 1736 	1735 	2696
f 1735 	2697 	2696
f 1735 	1738 	2697
f 1738 	2698 	2697
f 1738 	1737 	2698
f 1737 	2699 	2698
f 1737 	1740 	2699
f 1740 	2700 	2699
f 1740 	1739 	2700
f 1739 	2701 	2700
f 1739 	2208 	2701
f 2208 	3169 	2701
f 2208 	2279 	3169
f 2279 	3240 	3169
f 2279 	2209 	3240
f 2209 	3170 	3240
f 2209 	1743 	3170
f 1743 	2702 	3170
f 1743 	1742 	2702
f 1742 	2703 	2702
f 1742 	1741 	2703
f 1741 	2704 	2703
f 1741 	1745 	2704
f 1745 	2705 	2704
f 1745 	1744 	2705
f 1744 	2706 	2705
f 1744 	2210 	2706
f 2210 	3171 	2706
f 2210 	1748 	3171
f 1748 	2707 	3171
f 1748 	1747 	2707
f 1747 	2708 	2707
f 1747 	1746 	2708
f 1746 	2709 	2708
f 1746 	1751 	2709
f 1751 	2710 	2709
f 1751 	1750 	2710
f 1750 	2711 	2710
f 1750 	1749 	2711
f 1749 	2712 	2711
f 1749 	1753 	2712
f 1753 	2713 	2712
f 1753 	1752 	2713
f 1752 	2714 	2713
f 1752 	1755 	2714
f 1755 	2715 	2714
f 1755 	1754 	2715
f 1754 	2716 	2715
f 1754 	1757 	2716
f 1757 	2717 	2716
f 1757 	1756 	2717
f 1756 	2718 	2717
f 1756 	1759 	2718
f 1759 	2719 	2718
f 1759 	1758 	2719
f 1758 	2720 	2719
f 1758 	1761 	2720
f 1761 	2721 	2720
f 1761 	1760 	2721
f 1760 	2722 	2721
f 1760 	1763 	2722
f 1763 	2723 	2722
f 1763 	1762 	2723
f 1762 	2724 	2723
f 1762 	1765 	2724
f 1765 	2725 	2724
f 1765 	1764 	2725
f 1764 	2726 	2725
f 1764 	1767 	2726
f 1767 	2727 	2726
f 1767 	1766 	2727
f 1766 	2728 	2727
f 1766 	1769 	2728
f 1769 	2729 	2728
f 1769 	1768 	2729
f 1768 	2730 	2729
f 1768 	2252 	2730
f 2252 	3213 	2730
f 2252 	2321 	3213
f 2321 	3282 	3213
f 2321 	2320 	3282
f 2320 	3281 	3282
f 2320 	2211 	3281
f 2211 	3172 	3281
f 2211 	1772 	3172
f 1772 	2731 	3172
f 1772 	1771 	2731
f 1771 	2732 	2731
f 1771 	1770 	2732
f 1770 	2733 	2732
f 1770 	2318 	2733
f 2318 	3279 	2733
f 2318 	1775 	3279
f 1775 	2734 	3279
f 1775 	1774 	2734
f 1774 	2735 	2734
f 1774 	1773 	2735
f 1773 	2736 	2735
f 1773 	2307 	2736
f 2307 	3268 	2736
f 2307 	2280 	3268
f 2280 	3241 	3268
f 2280 	2212 	3241
f 2212 	3173 	3241
f 2212 	1778 	3173
f 1778 	2737 	3173
f 1778 	1777 	2737
f 1777 	2738 	2737
f 1777 	1776 	2738
f 1776 	2739 	2738
f 1776 	1780 	2739
f 1780 	2740 	2739
f 1780 	1779 	2740
f 1779 	2741 	2740
f 1779 	1782 	2741
f 1782 	2742 	2741
f 1782 	1781 	2742
f 1781 	2743 	2742
f 1781 	2213 	2743
f 2213 	3174 	2743
f 2213 	1785 	3174
f 1785 	2744 	3174
f 1785 	1784 	2744
f 1784 	2745 	2744
f 1784 	1783 	2745
f 1783 	2746 	2745
f 1783 	1788 	2746
f 1788 	2747 	2746
f 1788 	1787 	2747
f 1787 	2748 	2747
f 1787 	1786 	2748
f 1786 	2749 	2748
f 1786 	1790 	2749
f 1790 	2750 	2749
f 1790 	1789 	2750
f 1789 	2751 	2750
f 1789 	1792 	2751
f 1792 	2752 	2751
f 1792 	1791 	2752
f 1791 	2753 	2752
f 1791 	1794 	2753
f 1794 	2754 	2753
f 1794 	1793 	2754
f 1793 	2755 	2754
f 1793 	1796 	2755
f 1796 	2756 	2755
f 1796 	1795 	2756
f 1795 	2757 	2756
f 1795 	1798 	2757
f 1798 	2758 	2757
f 1798 	1797 	2758
f 1797 	2759 	2758
f 1797 	1800 	2759
f 1800 	2760 	2759
f 1800 	1799 	2760
f 1799 	2761 	2760
f 1799 	2214 	2761
f 2214 	3175 	2761
f 2214 	2253 	3175
f 2253 	3214 	3175
f 2253 	1803 	3214
f 1803 	2762 	3214
f 1803 	1802 	2762
f 1802 	2763 	2762
f 1802 	1801 	2763
f 1801 	2764 	2763
f 1801 	1805 	2764
f 1805 	2765 	2764
f 1805 	1804 	2765
f 1804 	2766 	2765
f 1804 	1807 	2766
f 1807 	2767 	2766
f 1807 	1806 	2767
f 1806 	2768 	2767
f 1806 	1809 	2768
f 1809 	2769 	2768
f 1809 	1808 	2769
f 1808 	2770 	2769
f 1808 	1811 	2770
f 1811 	2771 	2770
f 1811 	1810 	2771
f 1810 	2772 	2771
f 1810 	1813 	2772
f 1813 	2773 	2772
f 1813 	1812 	2773
f 1812 	2774 	2773
f 1812 	1815 	2774
f 1815 	2775 	2774
f 1815 	1814 	2775
f 1814 	2776 	2775
f 1814 	1817 	2776
f 1817 	2777 	2776
f 1817 	1816 	2777
f 1816 	2778 	2777
f 1816 	2254 	2778
f 2254 	3215 	2778
f 2254 	2281 	3215
f 2281 	3242 	3215
f 2281 	2296 	3242
f 2296 	3257 	3242
f 2296 	2282 	3257
f 2282 	3243 	3257
f 2282 	2215 	3243
f 2215 	3176 	3243
f 2215 	1820 	3176
f 1820 	2779 	3176
f 1820 	1819 	2779
f 1819 	2780 	2779
f 1819 	1818 	2780
f 1818 	2781 	2780
f 1818 	1822 	2781
f 1822 	2782 	2781
f 1822 	1821 	2782
f 1821 	2783 	2782
f 1821 	1824 	2783
f 1824 	2784 	2783
f 1824 	1823 	2784
f 1823 	2785 	2784
f 1823 	2304 	2785
f 2304 	3265 	2785
f 2304 	2309 	3265
f 2309 	3270 	3265
f 2309 	2310 	3270
f 2310 	3271 	3270
f 2310 	1827 	3271
f 1827 	2786 	3271
f 1827 	1826 	2786
f 1826 	2787 	2786
f 1826 	1825 	2787
f 1825 	2788 	2787
f 1825 	2313 	2788
f 2313 	3274 	2788
f 2313 	1830 	3274
f 1830 	2789 	3274
f 1830 	1829 	2789
f 1829 	2790 	2789
f 1829 	1828 	2790
f 1828 	2791 	2790
f 1828 	1833 	2791
f 1833 	2792 	2791
f 1833 	1832 	2792
f 1832 	2793 	2792
f 1832 	1831 	2793
f 1831 	2794 	2793
f 1831 	1835 	2794
f 1835 	2795 	2794
f 1835 	1834 	2795
f 1834 	2796 	2795
f 1834 	2316 	2796
f 2316 	3277 	2796
f 2316 	2283 	3277
f 2283 	3244 	3277
f 2283 	2255 	3244
f 2255 	3216 	3244
f 2255 	1838 	3216
f 1838 	2797 	3216
f 1838 	1837 	2797
f 1837 	2798 	2797
f 1837 	1836 	2798
f 1836 	2799 	2798
f 1836 	1840 	2799
f 1840 	2800 	2799
f 1840 	1839 	2800
f 1839 	2801 	2800
f 1839 	1842 	2801
f 1842 	2802 	2801
f 1842 	1841 	2802
f 1841 	2803 	2802
f 1841 	1844 	2803
f 1844 	2804 	2803
f 1844 	1843 	2804
f 1843 	2805 	2804
f 1843 	1846 	2805
f 1846 	2806 	2805
f 1846 	1845 	2806
f 1845 	2807 	2806
f 1845 	1848 	2807
f 1848 	2808 	2807
f 1848 	1847 	2808
f 1847 	2809 	2808
f 1847 	1851 	2809
f 1851 	2810 	2809
f 1851 	1850 	2810
f 1850 	2811 	2810
f 1850 	1849 	2811
f 1849 	2812 	2811
f 1849 	1853 	2812
f 1853 	2813 	2812
f 1853 	1852 	2813
f 1852 	2814 	2813
f 1852 	1855 	2814
f 1855 	2815 	2814
f 1855 	1854 	2815
f 1854 	2816 	2815
f 1854 	1857 	2816
f 1857 	2817 	2816
f 1857 	1856 	2817
f 1856 	2818 	2817
f 1856 	1860 	2818
f 1860 	2819 	2818
f 1860 	1859 	2819
f 1859 	2820 	2819
f 1859 	1858 	2820
f 1858 	2821 	2820
f 1858 	1862 	2821
f 1862 	2822 	2821
f 1862 	1861 	2822
f 1861 	2823 	2822
f 1861 	1864 	2823
f 1864 	2824 	2823
f 1864 	1863 	2824
f 1863 	2825 	2824
f 1863 	2216 	2825
f 2216 	3177 	2825
f 2216 	2256 	3177
f 2256 	3217 	3177
f 2256 	2322 	3217
f 2322 	3283 	3217
f 2322 	2323 	3283
f 2323 	3284 	3283
f 2323 	2325 	3284
f 2325 	3286 	3284
f 2325 	2217 	3286
f 2217 	3178 	3286
f 2217 	1867 	3178
f 1867 	2826 	3178
f 1867 	1866 	2826
f 1866 	2827 	2826
f 1866 	1865 	2827
f 1865 	2828 	2827
f 1865 	1870 	2828
f 1870 	2829 	2828
f 1870 	1869 	2829
f 1869 	2830 	2829
f 1869 	1868 	2830
f 1868 	2831 	2830
f 1868 	1872 	2831
f 1872 	2832 	2831
f 1872 	1871 	2832
f 1871 	2833 	2832
f 1871 	2257 	2833
f 2257 	3218 	2833
f 2257 	1875 	3218
f 1875 	2834 	3218
f 1875 	1874 	2834
f 1874 	2835 	2834
f 1874 	1873 	2835
f 1873 	2836 	2835
f 1873 	1877 	2836
f 1877 	2837 	2836
f 1877 	1876 	2837
f 1876 	2838 	2837
f 1876 	1879 	2838
f 1879 	2839 	2838
f 1879 	1878 	2839
f 1878 	2840 	2839
f 1878 	1881 	2840
f 1881 	2841 	2840
f 1881 	1880 	2841
f 1880 	2842 	2841
f 1880 	1883 	2842
f 1883 	2843 	2842
f 1883 	1882 	2843
f 1882 	2844 	2843
f 1882 	2218 	2844
f 2218 	3179 	2844
f 2218 	2284 	3179
f 2284 	3245 	3179
f 2284 	2326 	3245
f 2326 	3287 	3245
f 2326 	2327 	3287
f 2327 	3288 	3287
f 2327 	2328 	3288
f 2328 	3289 	3288
f 2328 	2219 	3289
f 2219 	3180 	3289
f 2219 	1886 	3180
f 1886 	2845 	3180
f 1886 	1885 	2845
f 1885 	2846 	2845
f 1885 	1884 	2846
f 1884 	2847 	2846
f 1884 	1888 	2847
f 1888 	2848 	2847
f 1888 	1887 	2848
f 1887 	2849 	2848
f 1887 	1890 	2849
f 1890 	2850 	2849
f 1890 	1889 	2850
f 1889 	2851 	2850
f 1889 	1893 	2851
f 1893 	2852 	2851
f 1893 	1892 	2852
f 1892 	2853 	2852
f 1892 	1891 	2853
f 1891 	2854 	2853
f 1891 	1895 	2854
f 1895 	2855 	2854
f 1895 	1894 	2855
f 1894 	2856 	2855
f 1894 	2285 	2856
f 2285 	3246 	2856
f 2285 	1898 	3246
f 1898 	2857 	3246
f 1898 	1897 	2857
f 1897 	2858 	2857
f 1897 	1896 	2858
f 1896 	2859 	2858
f 1896 	1900 	2859
f 1900 	2860 	2859
f 1900 	1899 	2860
f 1899 	2861 	2860
f 1899 	1902 	2861
f 1902 	2862 	2861
f 1902 	1901 	2862
f 1901 	2863 	2862
f 1901 	1904 	2863
f 1904 	2864 	2863
f 1904 	1903 	2864
f 1903 	2865 	2864
f 1903 	1906 	2865
f 1906 	2866 	2865
f 1906 	1905 	2866
f 1905 	2867 	2866
f 1905 	1908 	2867
f 1908 	2868 	2867
f 1908 	1907 	2868
f 1907 	2869 	2868
f 1907 	1910 	2869
f 1910 	2870 	2869
f 1910 	1909 	2870
f 1909 	2871 	2870
f 1909 	1912 	2871
f 1912 	2872 	2871
f 1912 	1911 	2872
f 1911 	2873 	2872
f 1911 	1915 	2873
f 1915 	2874 	2873
f 1915 	1914 	2874
f 1914 	2875 	2874
f 1914 	1913 	2875
f 1913 	2876 	2875
f 1913 	2258 	2876
f 2258 	3219 	2876
f 2258 	2340 	3219
f 2340 	3301 	3219
f 2340 	1918 	3301
f 1918 	2877 	3301
f 1918 	1917 	2877
f 1917 	2878 	2877
f 1917 	1916 	2878
f 1916 	2879 	2878
f 1916 	2220 	2879
f 2220 	3181 	2879
f 2220 	2259 	3181
f 2259 	3220 	3181
f 2259 	2342 	3220
f 2342 	3303 	3220
f 2342 	2221 	3303
f 2221 	3182 	3303
f 2221 	1921 	3182
f 1921 	2880 	3182
f 1921 	1920 	2880
f 1920 	2881 	2880
f 1920 	1919 	2881
f 1919 	2882 	2881
f 1919 	2222 	2882
f 2222 	3183 	2882
f 2222 	1924 	3183
f 1924 	2883 	3183
f 1924 	1923 	2883
f 1923 	2884 	2883
f 1923 	1922 	2884
f 1922 	2885 	2884
f 1922 	1926 	2885
f 1926 	2886 	2885
f 1926 	1925 	2886
f 1925 	2887 	2886
f 1925 	1928 	2887
f 1928 	2888 	2887
f 1928 	1927 	2888
f 1927 	2889 	2888
f 1927 	1930 	2889
f 1930 	2890 	2889
f 1930 	1929 	2890
f 1929 	2891 	2890
f 1929 	1932 	2891
f 1932 	2892 	2891
f 1932 	1931 	2892
f 1931 	2893 	2892
f 1931 	1935 	2893
f 1935 	2894 	2893
f 1935 	1934 	2894
f 1934 	2895 	2894
f 1934 	1933 	2895
f 1933 	2896 	2895
f 1933 	1937 	2896
f 1937 	2897 	2896
f 1937 	1936 	2897
f 1936 	2898 	2897
f 1936 	1939 	2898
f 1939 	2899 	2898
f 1939 	1938 	2899
f 1938 	2900 	2899
f 1938 	1941 	2900
f 1941 	2901 	2900
f 1941 	1940 	2901
f 1940 	2902 	2901
f 1940 	1943 	2902
f 1943 	2903 	2902
f 1943 	1942 	2903
f 1942 	2904 	2903
f 1942 	1945 	2904
f 1945 	2905 	2904
f 1945 	1944 	2905
f 1944 	2906 	2905
f 1944 	1947 	2906
f 1947 	2907 	2906
f 1947 	1946 	2907
f 1946 	2908 	2907
f 1946 	1949 	2908
f 1949 	2909 	2908
f 1949 	1948 	2909
f 1948 	2910 	2909
f 1948 	1951 	2910
f 1951 	2911 	2910
f 1951 	1950 	2911
f 1950 	2912 	2911
f 1950 	1953 	2912
f 1953 	2913 	2912
f 1953 	1952 	2913
f 1952 	2914 	2913
f 1952 	2286 	2914
f 2286 	3247 	2914
f 2286 	2297 	3247
f 2297 	3258 	3247
f 2297 	2355 	3258
f 2355 	3316 	3258
f 2355 	2287 	3316
f 2287 	3248 	3316
f 2287 	1956 	3248
f 1956 	2915 	3248
f 1956 	1955 	2915
f 1955 	2916 	2915
f 1955 	1954 	2916
f 1954 	2917 	2916
f 1954 	1958 	2917
f 1958 	2918 	2917
f 1958 	1957 	2918
f 1957 	2919 	2918
f 1957 	1960 	2919
f 1960 	2920 	2919
f 1960 	1959 	2920
f 1959 	2921 	2920
f 1959 	1962 	2921
f 1962 	2922 	2921
f 1962 	1961 	2922
f 1961 	2923 	2922
f 1961 	1964 	2923
f 1964 	2924 	2923
f 1964 	1963 	2924
f 1963 	2925 	2924
f 1963 	1966 	2925
f 1966 	2926 	2925
f 1966 	1965 	2926
f 1965 	2927 	2926
f 1965 	1968 	2927
f 1968 	2928 	2927
f 1968 	1967 	2928
f 1967 	2929 	2928
f 1967 	1970 	2929
f 1970 	2930 	2929
f 1970 	1969 	2930
f 1969 	2931 	2930
f 1969 	1973 	2931
f 1973 	2932 	2931
f 1973 	1972 	2932
f 1972 	2933 	2932
f 1972 	1971 	2933
f 1971 	2934 	2933
f 1971 	1975 	2934
f 1975 	2935 	2934
f 1975 	1974 	2935
f 1974 	2936 	2935
f 1974 	1978 	2936
f 1978 	2937 	2936
f 1978 	1977 	2937
f 1977 	2938 	2937
f 1977 	1976 	2938
f 1976 	2939 	2938
f 1976 	2223 	2939
f 2223 	3184 	2939
f 2223 	1981 	3184
f 1981 	2940 	3184
f 1981 	1980 	2940
f 1980 	2941 	2940
f 1980 	1979 	2941
f 1979 	2942 	2941
f 1979 	2358 	2942
f 2358 	3319 	2942
f 2358 	2298 	3319
f 2298 	3259 	3319
f 2298 	2288 	3259
f 2288 	3249 	3259
f 2288 	2260 	3249
f 2260 	3221 	3249
f 2260 	1984 	3221
f 1984 	2943 	3221
f 1984 	1983 	2943
f 1983 	2944 	2943
f 1983 	1982 	2944
f 1982 	2945 	2944
f 1982 	1986 	2945
f 1986 	2946 	2945
f 1986 	1985 	2946
f 1985 	2947 	2946
f 1985 	1988 	2947
f 1988 	2948 	2947
f 1988 	1987 	2948
f 1987 	2949 	2948
f 1987 	1990 	2949
f 1990 	2950 	2949
f 1990 	1989 	2950
f 1989 	2951 	2950
f 1989 	1992 	2951
f 1992 	2952 	2951
f 1992 	1991 	2952
f 1991 	2953 	2952
f 1991 	1994 	2953
f 1994 	2954 	2953
f 1994 	1993 	2954
f 1993 	2955 	2954
f 1993 	1996 	2955
f 1996 	2956 	2955
f 1996 	1995 	2956
f 1995 	2957 	2956
f 1995 	2299 	2957
f 2299 	3260 	2957
f 2299 	2305 	3260
f 2305 	3266 	3260
f 2305 	2354 	3266
f 2354 	3315 	3266
f 2354 	1999 	3315
f 1999 	2958 	3315
f 1999 	1998 	2958
f 1998 	2959 	2958
f 1998 	1997 	2959
f 1997 	2960 	2959
f 1997 	2001 	2960
f 2001 	2961 	2960
f 2001 	2000 	2961
f 2000 	2962 	2961
f 2000 	2004 	2962
f 2004 	2963 	2962
f 2004 	2003 	2963
f 2003 	2964 	2963
f 2003 	2002 	2964
f 2002 	2965 	2964
f 2002 	2006 	2965
f 2006 	2966 	2965
f 2006 	2005 	2966
f 2005 	2967 	2966
f 2005 	2009 	2967
f 2009 	2968 	2967
f 2009 	2008 	2968
f 2008 	2969 	2968
f 2008 	2007 	2969
f 2007 	2970 	2969
f 2007 	2011 	2970
f 2011 	2971 	2970
f 2011 	2010 	2971
f 2010 	2972 	2971
f 2010 	2013 	2972
f 2013 	2973 	2972
f 2013 	2012 	2973
f 2012 	2974 	2973
f 2012 	2224 	2974
f 2224 	3185 	2974
f 2224 	2225 	3185
f 2225 	3186 	3185
f 2225 	2016 	3186
f 2016 	2975 	3186
f 2016 	2015 	2975
f 2015 	2976 	2975
f 2015 	2014 	2976
f 2014 	2977 	2976
f 2014 	2261 	2977
f 2261 	3222 	2977
f 2261 	2289 	3222
f 2289 	3250 	3222
f 2289 	2226 	3250
f 2226 	3187 	3250
f 2226 	2019 	3187
f 2019 	2978 	3187
f 2019 	2018 	2978
f 2018 	2979 	2978
f 2018 	2017 	2979
f 2017 	2980 	2979
f 2017 	2227 	2980
f 2227 	3188 	2980
f 2227 	2022 	3188
f 2022 	2981 	3188
f 2022 	2021 	2981
f 2021 	2982 	2981
f 2021 	2020 	2982
f 2020 	2983 	2982
f 2020 	2300 	2983
f 2300 	3261 	2983
f 2300 	2290 	3261
f 2290 	3251 	3261
f 2290 	2228 	3251
f 2228 	3189 	3251
f 2228 	2025 	3189
f 2025 	2984 	3189
f 2025 	2024 	2984
f 2024 	2985 	2984
f 2024 	2023 	2985
f 2023 	2986 	2985
f 2023 	2027 	2986
f 2027 	2987 	2986
f 2027 	2026 	2987
f 2026 	2988 	2987
f 2026 	2029 	2988
f 2029 	2989 	2988
f 2029 	2028 	2989
f 2028 	2990 	2989
f 2028 	2031 	2990
f 2031 	2991 	2990
f 2031 	2030 	2991
f 2030 	2992 	2991
f 2030 	2033 	2992
f 2033 	2993 	2992
f 2033 	2032 	2993
f 2032 	2994 	2993
f 2032 	2229 	2994
f 2229 	3190 	2994
f 2229 	2036 	3190
f 2036 	2995 	3190
f 2036 	2035 	2995
f 2035 	2996 	2995
f 2035 	2034 	2996
f 2034 	2997 	2996
f 2034 	2262 	2997
f 2262 	3223 	2997
f 2262 	2343 	3223
f 2343 	3304 	3223
f 2343 	2301 	3304
f 2301 	3262 	3304
f 2301 	2263 	3262
f 2263 	3224 	3262
f 2263 	2039 	3224
f 2039 	2998 	3224
f 2039 	2038 	2998
f 2038 	2999 	2998
f 2038 	2037 	2999
f 2037 	3000 	2999
f 2037 	2041 	3000
f 2041 	3001 	3000
f 2041 	2040 	3001
f 2040 	3002 	3001
f 2040 	2043 	3002
f 2043 	3003 	3002
f 2043 	2042 	3003
f 2042 	3004 	3003
f 2042 	2045 	3004
f 2045 	3005 	3004
f 2045 	2044 	3005
f 2044 	3006 	3005
f 2044 	2047 	3006
f 2047 	3007 	3006
f 2047 	2046 	3007
f 2046 	3008 	3007
f 2046 	2050 	3008
f 2050 	3009 	3008
f 2050 	2049 	3009
f 2049 	3010 	3009
f 2049 	2048 	3010
f 2048 	3011 	3010
f 2048 	2052 	3011
f 2052 	3012 	3011
f 2052 	2051 	3012
f 2051 	3013 	3012
f 2051 	2054 	3013
f 2054 	3014 	3013
f 2054 	2053 	3014
f 2053 	3015 	3014
f 2053 	2291 	3015
f 2291 	3252 	3015
f 2291 	2341 	3252
f 2341 	3302 	3252
f 2341 	2339 	3302
f 2339 	3300 	3302
f 2339 	2338 	3300
f 2338 	3299 	3300
f 2338 	2337 	3299
f 2337 	3298 	3299
f 2337 	2336 	3298
f 2336 	3297 	3298
f 2336 	2335 	3297
f 2335 	3296 	3297
f 2335 	2334 	3296
f 2334 	3295 	3296
f 2334 	2332 	3295
f 2332 	3293 	3295
f 2332 	2331 	3293
f 2331 	3292 	3293
f 2331 	2292 	3292
f 2292 	3253 	3292
f 2292 	2264 	3253
f 2264 	3225 	3253
f 2264 	2057 	3225
f 2057 	3016 	3225
f 2057 	2056 	3016
f 2056 	3017 	3016
f 2056 	2055 	3017
f 2055 	3018 	3017
f 2055 	2230 	3018
f 2230 	3191 	3018
f 2230 	2302 	3191
f 2302 	3263 	3191
f 2302 	2293 	3263
f 2293 	3254 	3263
f 2293 	2231 	3254
f 2231 	3192 	3254
f 2231 	2060 	3192
f 2060 	3019 	3192
f 2060 	2059 	3019
f 2059 	3020 	3019
f 2059 	2058 	3020
f 2058 	3021 	3020
f 2058 	2062 	3021
f 2062 	3022 	3021
f 2062 	2061 	3022
f 2061 	3023 	3022
f 2061 	2064 	3023
f 2064 	3024 	3023
f 2064 	2063 	3024
f 2063 	3025 	3024
f 2063 	2066 	3025
f 2066 	3026 	3025
f 2066 	2065 	3026
f 2065 	3027 	3026
f 2065 	2232 	3027
f 2232 	3193 	3027
f 2232 	2265 	3193
f 2265 	3226 	3193
f 2265 	2069 	3226
f 2069 	3028 	3226
f 2069 	2068 	3028
f 2068 	3029 	3028
f 2068 	2067 	3029
f 2067 	3030 	3029
f 2067 	2071 	3030
f 2071 	3031 	3030
f 2071 	2070 	3031
f 2070 	3032 	3031
f 2070 	2073 	3032
f 2073 	3033 	3032
f 2073 	2072 	3033
f 2072 	3034 	3033
f 2072 	2075 	3034
f 2075 	3035 	3034
f 2075 	2074 	3035
f 2074 	3036 	3035
f 2074 	2077 	3036
f 2077 	3037 	3036
f 2077 	2076 	3037
f 2076 	3038 	3037
f 2076 	2080 	3038
f 2080 	3039 	3038
f 2080 	2079 	3039
f 2079 	3040 	3039
f 2079 	2078 	3040
f 2078 	3041 	3040
f 2078 	2082 	3041
f 2082 	3042 	3041
f 2082 	2081 	3042
f 2081 	3043 	3042
f 2081 	2084 	3043
f 2084 	3044 	3043
f 2084 	2083 	3044
f 2083 	3045 	3044
f 2083 	2086 	3045
f 2086 	3046 	3045
f 2086 	2085 	3046
f 2085 	3047 	3046
f 2085 	2233 	3047
f 2233 	3194 	3047
f 2233 	2324 	3194
f 2324 	3285 	3194
f 2324 	2089 	3285
f 2089 	3048 	3285
f 2089 	2088 	3048
f 2088 	3049 	3048
f 2088 	2087 	3049
f 2087 	3050 	3049
f 2087 	2091 	3050
f 2091 	3051 	3050
f 2091 	2090 	3051
f 2090 	3052 	3051
f 2090 	2266 	3052
f 2266 	3227 	3052
f 2266 	2094 	3227
f 2094 	3053 	3227
f 2094 	2093 	3053
f 2093 	3054 	3053
f 2093 	2092 	3054
f 2092 	3055 	3054
f 2092 	2096 	3055
f 2096 	3056 	3055
f 2096 	2095 	3056
f 2095 	3057 	3056
f 2095 	2098 	3057
f 2098 	3058 	3057
f 2098 	2097 	3058
f 2097 	3059 	3058
f 2097 	2100 	3059
f 2100 	3060 	3059
f 2100 	2099 	3060
f 2099 	3061 	3060
f 2099 	2102 	3061
f 2102 	3062 	3061
f 2102 	2101 	3062
f 2101 	3063 	3062
f 2101 	3063 	3063
f 2101 	2103 	3063
f 2103 	3064 	3063
f 2103 	2105 	3064
f 2105 	3065 	3064
f 2105 	2104 	3065
f 2104 	3066 	3065
f 2104 	2107 	3066
f 2107 	3067 	3066
f 2107 	2106 	3067
f 2106 	3068 	3067
f 2106 	2109 	3068
f 2109 	3069 	3068
f 2109 	2108 	3069
f 2108 	3070 	3069
f 2108 	2234 	3070
f 2234 	3195 	3070
f 2234 	2112 	3195
f 2112 	3071 	3195
f 2112 	2111 	3071
f 2111 	3072 	3071
f 2111 	2110 	3072
f 2110 	3073 	3072
f 2110 	2114 	3073
f 2114 	3074 	3073
f 2114 	2113 	3074
f 2113 	3075 	3074
f 2113 	2116 	3075
f 2116 	3076 	3075
f 2116 	2115 	3076
f 2115 	3077 	3076
f 2115 	2118 	3077
f 2118 	3078 	3077
f 2118 	2117 	3078
f 2117 	3079 	3078
f 2117 	2120 	3079
f 2120 	3080 	3079
f 2120 	2119 	3080
f 2119 	3081 	3080
f 2119 	2122 	3081
f 2122 	3082 	3081
f 2122 	2121 	3082
f 2121 	3083 	3082
f 2121 	2124 	3083
f 2124 	3084 	3083
f 2124 	2123 	3084
f 2123 	3085 	3084
f 2123 	2267 	3085
f 2267 	3228 	3085
f 2267 	2235 	3228
f 2235 	3196 	3228
f 2235 	2127 	3196
f 2127 	3086 	3196
f 2127 	2126 	3086
f 2126 	3087 	3086
f 2126 	2125 	3087
f 2125 	3088 	3087
f 2125 	2319 	3088
f 2319 	3280 	3088
f 2319 	2130 	3280
f 2130 	3089 	3280
f 2130 	2129 	3089
f 2129 	3090 	3089
f 2129 	2128 	3090
f 2128 	3091 	3090
f 2128 	2268 	3091
f 2268 	3229 	3091
f 2268 	2133 	3229
f 2133 	3092 	3229
f 2133 	2132 	3092
f 2132 	3093 	3092
f 2132 	2131 	3093
f 2131 	3094 	3093
f 2131 	2135 	3094
f 2135 	3095 	3094
f 2135 	2134 	3095
f 2134 	3096 	3095
f 2134 	2137 	3096
f 2137 	3097 	3096
f 2137 	2136 	3097
f 2136 	3098 	3097
f 2136 	2139 	3098
f 2139 	3099 	3098
f 2139 	2138 	3099
f 2138 	3100 	3099
f 2138 	2141 	3100
f 2141 	3101 	3100
f 2141 	2140 	3101
f 2140 	3102 	3101
f 2140 	2144 	3102
f 2144 	3103 	3102
f 2144 	2143 	3103
f 2143 	3104 	3103
f 2143 	2142 	3104
f 2142 	3105 	3104
f 2142 	2146 	3105
f 2146 	3106 	3105
f 2146 	2145 	3106
f 2145 	3107 	3106
f 2145 	2148 	3107
f 2148 	3108 	3107
f 2148 	2147 	3108
f 2147 	3109 	3108
f 2147 	2150 	3109
f 2150 	3110 	3109
f 2150 	2149 	3110
f 2149 	3111 	3110
f 2149 	2152 	3111
f 2152 	3112 	3111
f 2152 	2151 	3112
f 2151 	3113 	3112
f 2151 	2154 	3113
f 2154 	3114 	3113
f 2154 	2153 	3114
f 2153 	3115 	3114
f 2153 	2156 	3115
f 2156 	3116 	3115
f 2156 	2155 	3116
f 2155 	3117 	3116
f 2155 	2158 	3117
f 2158 	3118 	3117
f 2158 	2157 	3118
f 2157 	3119 	3118
f 2157 	2160 	3119
f 2160 	3120 	3119
f 2160 	2159 	3120
f 2159 	3121 	3120
f 2159 	2162 	3121
f 2162 	3122 	3121
f 2162 	2161 	3122
f 2161 	3123 	3122
f 2161 	2164 	3123
f 2164 	3124 	3123
f 2164 	2163 	3124
f 2163 	3125 	3124
f 2163 	2166 	3125
f 2166 	3126 	3125
f 2166 	2165 	3126
f 2165 	3127 	3126
f 2165 	2168 	3127
f 2168 	3128 	3127
f 2168 	2167 	3128
f 2167 	3129 	3128
f 2167 	2170 	3129
f 2170 	3130 	3129
f 2170 	2169 	3130
f 2169 	3131 	3130
f 2169 	2172 	3131
f 2172 	3132 	3131
f 2172 	2171 	3132
f 2171 	3133 	3132
f 2171 	2269 	3133
f 2269 	3230 	3133
f 2269 	2294 	3230
f 2294 	3255 	3230
f 2294 	2236 	3255
f 2236 	3197 	3255
f 2236 	2175 	3197
f 2175 	3134 	3197
f 2175 	2174 	3134
f 2174 	3135 	3134
f 2174 	2173 	3135
f 2173 	3136 	3135
f 2173 	2270 	3136
f 2270 	3231 	3136
f 2270 	2178 	3231
f 2178 	3137 	3231
f 2178 	2177 	3137
f 2177 	3138 	3137
f 2177 	2176 	3138
f 2176 	3139 	3138
f 2176 	2180 	3139
f 2180 	3140 	3139
f 2180 	2179 	3140
f 2179 	3141 	3140
f 2179 	2182 	3141
f 2182 	3142 	3141
f 2182 	2181 	3142
f 2181 	3143 	3142
f 2181 	1403 	3143
f 1403 	2362 	3143
f 1403 	1402 	2362
f 1402 	2363 	2362
f 1402 	1401 	2363
f 1401 	2364 	2363
# 6638 faces

 #end of obj_0

