# Object Export From Tinkercad Server 2015

mtllib obj.mtl

o obj_0
v -3.528 		-2.015 		22.235
v 4.976 		-1.962 		28.429
v 4.691 		-1.728 		28.562
v -3.766 		-1.32 		21.868
v -3.668 		-1.675 		21.868
v -3.642 		-1.667 		22.235
v 4.853 		-2.031 		28.429
v 5.095 		-1.886 		28.429
v -3.553 		-2.024 		21.868
v 6.864 		3.864 		27.298
v 4.904 		-1.601 		28.562
v 2.177 		1.126 		28.856
v 4.045 		6.03 		16.463
v 1.166 		-6.024 		18.63
v 2.148 		1.06 		28.856
v 1.489 		-6.131 		18.63
v 1.121 		-6.149 		18.973
v -0.089 		5.339 		25.968
v -0.322 		5.157 		25.968
v 7.089 		3.161 		27.524
v 4.203 		0.713 		14.036
v -0.215 		5.509 		25.667
v 2.21 		1.19 		28.856
v -3.396 		-2.356 		22.235
v 9.291 		0.216 		26.258
v -0.456 		5.321 		25.667
v -3.247 		-2.691 		22.235
v 1.082 		-6.258 		19.323
v -0.688 		5.121 		25.667
v 9.298 		0.5 		26.258
v 4.114 		-1.951 		28.562
v 4.235 		0.5 		14.036
v 1.417 		-6.368 		19.323
v -3.421 		-2.367 		21.868
v 4.233 		-1.918 		28.562
v 9.291 		0.784 		26.258
v -3.272 		-2.703 		21.868
v 1.756 		-6.462 		19.323
v 1.985 		1.512 		28.775
v 4.234 		0.536 		14.036
v -3.106 		-3.031 		21.868
v 4.351 		-1.879 		28.562
v 1.887 		1.962 		28.677
v 4.232 		0.572 		14.036
v 1.45 		-6.258 		18.973
v 4.227 		0.608 		14.036
v 4.467 		-1.834 		28.562
v 1.817 		1.881 		28.677
v 9.517 		0.204 		25.968
v 6.954 		3.334 		27.524
v 1.784 		-6.35 		18.973
v 1.751 		1.797 		28.677
v 4.58 		-1.784 		28.562
v 1.69 		1.71 		28.677
v 9.524 		0.5 		25.968
v 6.81 		3.5 		27.524
v -3.775 		-1.322 		21.5
v -3.677 		-1.677 		21.5
v -0.267 		6.137 		24.707
v -3.562 		-2.027 		21.5
v 1.633 		1.619 		28.677
v 9.517 		0.796 		25.968
v 1.816 		-6.221 		18.63
v -3.766 		-1.32 		21.132
v -3.668 		-1.675 		21.132
v -3.553 		-2.024 		21.132
v 9.729 		0.194 		25.667
v 4.909 		-5.124 		16.742
v 1.58 		1.526 		28.677
v -3.74 		-1.314 		20.765
v 9.736 		0.5 		25.667
v -0.074 		5.849 		25.356
v 4.315 		-4.997 		16.463
v 7.061 		4.061 		27.057
v -3.642 		-1.667 		20.765
v 4.584 		-4.95 		16.463
v 4.947 		0.285 		14.144
v -0.332 		5.667 		25.356
v 9.729 		0.806 		25.667
v 4.85 		-4.891 		16.463
v 4.956 		0.357 		14.144
v 4.961 		0.428 		14.144
v -0.581 		5.473 		25.356
v -0.82 		5.267 		25.356
v 3.624 		-2.024 		28.562
v -3.528 		-2.015 		20.765
v 3.748 		-2.015 		28.562
v 4.589 		0.339 		14.081
v 7.35 		2.095 		27.736
v 3.871 		-1.999 		28.562
v 7.267 		2.282 		27.736
v 4.595 		0.392 		14.081
v 1.937 		1.437 		28.775
v 4.599 		0.446 		14.081
v 3.993 		-1.978 		28.562
v 7.175 		2.464 		27.736
v 1.893 		1.359 		28.775
v 9.235 		-0.351 		26.258
v 9.27 		-0.068 		26.258
v 1.853 		1.279 		28.775
v -3.429 		-2.37 		21.5
v -0.175 		6 		25.035
v -3.28 		-2.707 		21.5
v -0.44 		5.813 		25.035
v 7.19 		1.619 		27.933
v -3.114 		-3.035 		21.5
v 4.878 		0.007 		14.144
v -3.421 		-2.367 		21.132
v 9.344 		-0.964 		25.968
v 7.542 		1.512 		27.736
v 7.487 		1.71 		27.736
v -0.696 		5.613 		25.035
v 4.9 		0.075 		14.144
v -3.272 		-2.703 		21.132
v 9.408 		-0.675 		25.968
v 7.423 		1.904 		27.736
v -0.942 		5.401 		25.035
v -3.106 		-3.031 		21.132
v 9.459 		-0.384 		25.968
v 3.227 		-5.05 		16.463
v 4.919 		0.144 		14.144
v 3.5 		-5.057 		16.463
v 3.129 		-1.999 		28.562
v -0.539 		5.946 		24.707
v 9.495 		-0.09 		25.968
v 1.532 		1.431 		28.677
v 4.935 		0.215 		14.144
v 3.773 		-5.05 		16.463
v -0.801 		5.741 		24.707
v -3.396 		-2.356 		20.765
v 4.045 		-5.03 		16.463
v 9.616 		-0.717 		25.667
v 9.669 		-0.415 		25.667
v -3.247 		-2.691 		20.765
v 3.252 		-2.015 		28.562
v 9.706 		-0.111 		25.667
v 7.314 		1.066 		27.933
v 3.376 		-2.024 		28.562
v 7.282 		1.252 		27.933
v 3.5 		-2.027 		28.562
v 1.816 		1.197 		28.775
v 4.823 		-6.15 		18.293
v 7.24 		1.437 		27.933
v 1.784 		1.114 		28.775
v -1.177 		5.177 		25.035
v 4.148 		-6.083 		17.965
v 1.756 		1.029 		28.775
v 7.622 		1.111 		27.736
v -1.053 		5.524 		24.707
v 9.925 		0.184 		25.356
v 4.567 		0.233 		14.081
v 4.471 		-6.043 		17.965
v -1.294 		5.294 		24.707
v 4.579 		0.285 		14.081
v 9.933 		0.5 		25.356
v 7.587 		1.313 		27.736
v 4.79 		-5.987 		17.965
v 9.925 		0.816 		25.356
v 1.489 		1.333 		28.677
v 4.598 		-2.152 		28.429
v 1.45 		1.233 		28.677
v 4.727 		-2.095 		28.429
v 4.131 		-5.902 		17.644
v 10.106 		0.175 		25.035
v 1.417 		1.132 		28.677
v 4.727 		-2.463 		28.28
v 10.114 		0.5 		25.035
v 4.444 		-5.863 		17.644
v 1.388 		1.029 		28.677
v 4.871 		-2.399 		28.28
v 4.755 		-5.809 		17.644
v 8.242 		2.197 		27.057
v 10.106 		0.825 		25.035
v 5.012 		-2.328 		28.28
v -0.061 		4.429 		26.803
v 5.063 		-5.74 		17.644
v 8.575 		2.039 		26.803
v 10.272 		0.167 		24.707
v -0.25 		4.25 		26.803
v 8.493 		2.287 		26.803
v 10.28 		0.5 		24.707
v 3.993 		2.978 		28.562
v -0.896 		-4.856 		24.37
v -0.628 		-5.066 		24.37
v 10.272 		0.833 		24.707
v 3.871 		2.999 		28.562
v 4.227 		0.392 		14.036
v 4.232 		0.428 		14.036
v -0.98 		-4.959 		24.027
v 4.234 		0.464 		14.036
v 4.165 		-6.247 		18.293
v 4.495 		-6.207 		18.293
v 4.197 		-2.284 		28.429
v 8.4 		2.529 		26.803
v 10.247 		-0.165 		24.707
v 8.294 		2.767 		26.803
v -0.089 		3.161 		27.524
v 8.177 		3 		26.803
v -0.025 		3.695 		27.298
v 3.175 		-6.106 		17.965
v -0.178 		3.518 		27.298
v 4.192 		0.252 		14.036
v 3.5 		-6.114 		17.965
v 9.809 		-0.755 		25.356
v 4.203 		0.287 		14.036
v -0.322 		3.334 		27.298
v 3.129 		2.999 		28.562
v 3.825 		-6.106 		17.965
v -0.35 		-5.261 		24.37
v 9.863 		-0.444 		25.356
v 4.213 		0.321 		14.036
v 4.333 		-2.247 		28.429
v -0.456 		3.143 		27.298
v 9.902 		-0.131 		25.356
v 4.221 		0.357 		14.036
v 3.184 		-5.925 		17.644
v 4.467 		-2.202 		28.429
v 3.5 		-5.933 		17.644
v 3.007 		2.978 		28.562
v 3.816 		-5.925 		17.644
v 7.44 		2.606 		27.524
v 2.886 		2.951 		28.562
v -0.062 		-5.443 		24.37
v 2.767 		2.918 		28.562
v -0.061 		4.061 		27.057
v 7.332 		2.797 		27.524
v 4.431 		-2.569 		28.28
v -0.232 		3.882 		27.057
v -0.707 		-5.172 		24.027
v 2.649 		2.879 		28.562
v 4.58 		-2.519 		28.28
v 7.215 		2.982 		27.524
v -0.393 		3.695 		27.057
v -0.423 		-5.371 		24.027
v 4.471 		-0.019 		14.081
v 4.495 		0.029 		14.081
v -0.13 		-5.557 		24.027
v 7.696 		2.743 		27.298
v -0.429 		4.061 		26.803
v 3.167 		-6.272 		18.293
v 4.517 		0.079 		14.081
v -0.775 		-5.265 		23.677
v 4.126 		-2.645 		28.28
v 3.5 		-6.28 		18.293
v 7.581 		2.946 		27.298
v -0.6 		3.864 		26.803
v -0.487 		-5.468 		23.677
v 4.279 		-2.611 		28.28
v 4.536 		0.129 		14.081
v 3.833 		-6.272 		18.293
v -0.76 		3.659 		26.803
v 9.987 		-0.79 		25.035
v 4.553 		0.181 		14.081
v 10.043 		-0.471 		25.035
v 10.083 		-0.148 		25.035
v -0.19 		-5.656 		23.677
v 2.533 		2.834 		28.562
v 10.15 		-0.823 		24.707
v 2.42 		2.784 		28.562
v -0.546 		3.5 		27.057
v -0.688 		3.298 		27.057
v 10.207 		-0.495 		24.707
v 2.309 		2.728 		28.562
v 2.201 		2.667 		28.562
v -0.82 		3.089 		27.057
v 4.19 		-2.968 		28.114
v 2.096 		2.601 		28.562
v 7.628 		2.21 		27.524
v -0.91 		3.446 		26.803
v 4.359 		-2.93 		28.114
v 7.539 		2.41 		27.524
v 4.111 		-5.706 		17.333
v 4.526 		-2.883 		28.114
v 4.415 		-5.669 		17.333
v 2.024 		2.962 		28.429
v 4.691 		-2.829 		28.114
v 4.717 		-5.616 		17.333
v 5.677 		0.5 		28.677
v 4.131 		0.122 		14.036
v -1.049 		3.226 		26.803
v 7.98 		2.103 		27.298
v 5.675 		0.607 		28.677
v 4.853 		-2.766 		28.114
v 7.896 		2.321 		27.298
v 5.015 		-5.549 		17.333
v 5.667 		0.713 		28.677
v 5.012 		-2.696 		28.114
v 5.654 		0.819 		28.677
v 4.09 		-5.495 		17.032
v 4.148 		0.153 		14.036
v 5.635 		0.925 		28.677
v 4.165 		0.186 		14.036
v 4.384 		-5.459 		17.032
v -0.834 		-5.344 		23.322
v 4.179 		0.219 		14.036
v 4.675 		-5.408 		17.032
v 7.801 		2.534 		27.298
v -0.542 		-5.549 		23.322
v 4.964 		-5.344 		17.032
v 4.976 		-3.062 		27.933
v -0.24 		-5.74 		23.322
v 1.905 		2.886 		28.429
v 5.322 		0.5 		28.775
v -0.074 		2.642 		27.736
v 5.32 		0.589 		28.775
v -0.175 		2.464 		27.736
v 3.641 		-2.367 		28.429
v 1.79 		2.805 		28.429
v 5.314 		0.679 		28.775
v 1.679 		2.719 		28.429
v -0.267 		2.282 		27.736
v 5.303 		0.767 		28.775
v 3.781 		-2.356 		28.429
v -0.882 		-5.408 		22.963
v 1.573 		2.627 		28.429
v 5.287 		0.856 		28.775
v -0.587 		-5.616 		22.963
v -0.35 		2.095 		27.736
v -0.282 		-5.809 		22.963
v 4.09 		0.062 		14.036
v 5.268 		0.943 		28.775
v 4.111 		0.092 		14.036
v 4.351 		-5.235 		16.742
v 4.631 		-5.186 		16.742
v -0.919 		-5.459 		22.6
v -0.622 		-5.669 		22.6
v -0.314 		-5.863 		22.6
v 8.153 		2.427 		27.057
v 8.053 		2.653 		27.057
v 1.466 		2.979 		28.28
v 4.068 		0.966 		14.036
v 7.942 		2.874 		27.057
v 1.347 		2.876 		28.28
v 4.045 		0.994 		14.036
v 1.233 		2.767 		28.28
v 3.194 		-5.729 		17.333
v 3.921 		-2.339 		28.429
v 1.124 		2.653 		28.28
v 3.5 		-5.736 		17.333
v -2.066 		-3.628 		24.37
v 4 		1 		14.0339
v 3.806 		-5.729 		17.333
v -1.856 		-3.896 		24.37
v 5.635 		0.075 		28.677
v 5.654 		0.181 		28.677
v 8.206 		1.198 		27.298
v 4.06 		-2.315 		28.429
v -0.062 		1.976 		27.933
v 3.204 		-5.517 		17.032
v 3.5 		-5.524 		17.032
v 5.667 		0.287 		28.677
v -0.13 		1.799 		27.933
v 1.995 		2.529 		28.562
v 5.675 		0.393 		28.677
v 3.796 		-5.517 		17.032
v -0.19 		1.619 		27.933
v 1.897 		2.453 		28.562
v 1.803 		2.372 		28.562
v 1.713 		2.287 		28.562
v -0.423 		1.904 		27.736
v 8.482 		1.239 		27.057
v -0.487 		1.71 		27.736
v 1.628 		2.197 		28.562
v 8.44 		1.483 		27.057
v -0.542 		1.512 		27.736
v 1.547 		2.103 		28.562
v 8.386 		1.724 		27.057
v 3.216 		-5.291 		16.742
v -1.959 		-3.98 		24.027
v 3.5 		-5.298 		16.742
v 8.32 		1.962 		27.057
v 5.268 		0.057 		28.775
v 3.784 		-5.291 		16.742
v -0.24 		1.437 		27.933
v -0.282 		1.252 		27.933
v -2.048 		-4.053 		23.677
v 8.778 		1.02 		26.803
v 5.287 		0.144 		28.775
v 4.068 		-5.27 		16.742
v -0.314 		1.066 		27.933
v 5.303 		0.233 		28.775
v 8.746 		1.278 		26.803
v 5.314 		0.321 		28.775
v -0.587 		1.313 		27.736
v -2.261 		-3.35 		24.37
v 3.079 		-2.339 		28.429
v 1.471 		2.529 		28.429
v -0.622 		1.111 		27.736
v 8.701 		1.535 		26.803
v -2.557 		-3.13 		24.027
v 1.373 		2.427 		28.429
v 2.091 		-5.124 		16.742
v 1.281 		2.321 		28.429
v 3.219 		-2.356 		28.429
v 2.15 		-4.891 		16.463
v -2.371 		-3.423 		24.027
v 8.644 		1.789 		26.803
v 5.32 		0.411 		28.775
v 1.195 		2.21 		28.429
v 3.359 		-2.367 		28.429
v 2.416 		-4.95 		16.463
v -2.172 		-3.707 		24.027
v 3.5 		-2.37 		28.429
v -2.656 		-3.19 		23.677
v 1.114 		2.095 		28.429
v 2.685 		-4.997 		16.463
v -2.468 		-3.487 		23.677
v -2.265 		-3.775 		23.677
v 2.955 		-5.03 		16.463
v 1.021 		2.534 		28.28
v 7.919 		1.156 		27.524
v 3.186 		-2.691 		28.28
v 5.612 		-0.029 		28.677
v 7.882 		1.372 		27.524
v 7.834 		1.586 		27.524
v 3.343 		-2.703 		28.28
v 1.195 		-5.066 		17.032
v 1 		3 		28.114
v 5.147 		-0.279 		28.775
v 7.775 		1.797 		27.524
v -1.634 		-4.153 		24.37
v 3.5 		-2.707 		28.28
v 5.184 		-0.197 		28.775
v 1.021 		-4.741 		16.742
v 4.02 		-0.02 		14.036
v -1.4 		-4.4 		24.37
v 7.707 		2.005 		27.524
v 4.045 		0.006 		14.036
v 5.216 		-0.114 		28.775
v 3.657 		-2.703 		28.28
v 1.281 		-4.856 		16.742
v 4.068 		0.034 		14.036
v -1.153 		-4.634 		24.37
v -0.215 		2.982 		27.524
v 5.244 		-0.029 		28.775
v 3.814 		-2.691 		28.28
v 8.167 		1.428 		27.298
v 1.547 		-4.959 		16.742
v 3.971 		-2.672 		28.28
v 8.115 		1.656 		27.298
v 1.817 		-5.048 		16.742
v 1.471 		2.005 		28.562
v 5.55 		-0.233 		28.677
v 8.053 		1.881 		27.298
v 1.399 		1.904 		28.562
v 5.583 		-0.132 		28.677
v -1.732 		-4.242 		24.027
v 1.124 		-4.524 		16.463
v 1.333 		1.799 		28.562
v -1.493 		-4.493 		24.027
v 1.373 		-4.634 		16.463
v -0.332 		2.797 		27.524
v 4.755 		-0.252 		14.144
v 4.79 		-0.19 		14.144
v -1.242 		-4.732 		24.027
v -0.44 		2.606 		27.524
v 1.628 		-4.732 		16.463
v 4.823 		-0.126 		14.144
v -1.818 		-4.32 		23.677
v 5.107 		-0.359 		28.775
v 3.153 		-3.018 		28.114
v 4.852 		-0.06 		14.144
v 1.887 		-4.818 		16.463
v -0.581 		2.946 		27.298
v -1.575 		-4.575 		23.677
v -0.696 		2.743 		27.298
v 6.25 		2.149 		28.28
v 5.42 		-0.526 		28.677
v 3.327 		-3.031 		28.114
v -1.32 		-4.818 		23.677
v 6.166 		2.282 		28.28
v 1.272 		1.691 		28.562
v 5.468 		-0.431 		28.677
v -1.053 		-5.048 		23.677
v 3.5 		-3.035 		28.114
v 5.511 		-0.333 		28.677
v 1.216 		1.58 		28.562
v 3.673 		-3.031 		28.114
v 3.847 		-3.018 		28.114
v 2.177 		-6.15 		18.293
v 4.019 		-2.997 		28.114
v 2.21 		-5.987 		17.965
v 6.706 		2.642 		27.933
v 5.113 		-0.962 		28.677
v 2.529 		-6.043 		17.965
v 5.183 		-0.881 		28.677
v 7.074 		2.642 		27.736
v 2.852 		-6.083 		17.965
v -2.74 		-3.24 		23.322
v 5.015 		-0.512 		14.225
v 6.965 		2.815 		27.736
v 5.249 		-0.797 		28.677
v -0.539 		2.41 		27.524
v 5.063 		-0.437 		14.225
v -2.549 		-3.542 		23.322
v 5.31 		-0.71 		28.677
v -0.628 		2.21 		27.524
v -2.344 		-3.834 		23.322
v 6.847 		2.982 		27.736
v 4.584 		-0.483 		14.144
v 5.367 		-0.619 		28.677
v 2.245 		-5.809 		17.644
v -2.124 		-4.115 		23.322
v -0.801 		2.534 		27.298
v 1.038 		1.976 		28.429
v -0.896 		2.321 		27.298
v 2.556 		-5.863 		17.644
v -0.98 		2.103 		27.298
v 4.631 		-0.428 		14.144
v 4.675 		-0.372 		14.144
v 4.717 		-0.313 		14.144
v 2.869 		-5.902 		17.644
v 6.34 		2.606 		28.114
v -2.809 		-3.282 		22.963
v 6.233 		2.743 		28.114
v -0.942 		2.874 		27.057
v -2.616 		-3.587 		22.963
v 6.12 		2.874 		28.114
v 1.166 		1.467 		28.562
v 6.597 		2.797 		27.933
v 6.481 		2.946 		27.933
v -2.408 		-3.882 		22.963
v 1.121 		1.351 		28.562
v 2.505 		-6.207 		18.293
v -2.863 		-3.314 		22.6
v 2.835 		-6.247 		18.293
v 4.351 		-0.198 		14.081
v 7.356 		0.5 		27.933
v -2.669 		-3.622 		22.6
v 4.384 		-0.156 		14.081
v -0.707 		2.005 		27.524
v 7.351 		0.689 		27.933
v 4.415 		-0.111 		14.081
v -2.459 		-3.919 		22.6
v -0.775 		1.797 		27.524
v 2.649 		-1.879 		28.562
v 7.337 		0.878 		27.933
v 1.082 		1.233 		28.562
v 4.444 		-0.066 		14.081
v 6.618 		2.167 		28.114
v -0.834 		1.586 		27.524
v 2.767 		-1.918 		28.562
v 1.049 		1.114 		28.562
v 6.532 		2.318 		28.114
v -0.882 		1.372 		27.524
v 6.44 		2.464 		28.114
v 7.667 		0.5 		27.736
v -0.919 		1.156 		27.524
v 1.216 		-5.884 		18.293
v 7.662 		0.704 		27.736
v -1.891 		-4.386 		23.322
v 7.647 		0.908 		27.736
v 1.532 		-5.988 		18.293
v -1.644 		-4.644 		23.322
v 6.986 		2.149 		27.933
v 4.278 		-0.278 		14.081
v 1.853 		-6.077 		18.293
v 2.886 		-1.951 		28.562
v 4.315 		-0.239 		14.081
v -1.386 		-4.891 		23.322
v 1.272 		-5.728 		17.965
v 0.924 		2.41 		28.28
v 1.58 		-5.83 		17.965
v -1.115 		-5.124 		23.322
v 0.834 		2.282 		28.28
v 3.007 		-1.978 		28.562
v 1.893 		-5.916 		17.965
v 0.75 		2.149 		28.28
v 7.337 		0.122 		27.933
v -1.053 		2.653 		27.057
v 6.9 		2.318 		27.933
v -1.153 		2.427 		27.057
v 7.351 		0.311 		27.933
v -1.242 		2.197 		27.057
v 6.807 		2.482 		27.933
v -1.95 		-4.44 		22.963
v 7.647 		0.092 		27.736
v -1.701 		-4.701 		22.963
v 4.535 		-0.535 		14.144
v -1.177 		3 		26.803
v 7.662 		0.296 		27.736
v -1.294 		2.767 		26.803
v -1.44 		-4.95 		22.963
v 1.038 		-5.443 		17.644
v 1.333 		-5.557 		17.644
v 0.88 		2.874 		28.114
v 1.633 		-5.656 		17.644
v -1.997 		-4.482 		22.6
v 0.767 		2.743 		28.114
v -1.746 		-4.746 		22.6
v 2.096 		-1.601 		28.562
v 1.937 		-5.74 		17.644
v 2.201 		-1.667 		28.562
v -1.482 		-4.997 		22.6
v 0.66 		2.606 		28.114
v 2.309 		-1.728 		28.562
v 7.24 		-0.437 		27.933
v 7.282 		-0.252 		27.933
v 5.876 		2.653 		28.28
v 4.111 		-0.415 		14.081
v 0.519 		2.946 		27.933
v 7.314 		-0.066 		27.933
v 5.767 		2.767 		28.28
v 4.156 		-0.384 		14.081
v -1.4 		2.529 		26.803
v 7.542 		-0.512 		27.736
v 4.198 		-0.351 		14.081
v 0.403 		2.797 		27.933
v 5.653 		2.876 		28.28
v -1.493 		2.287 		26.803
v 4.239 		-0.315 		14.081
v 7.587 		-0.313 		27.736
v 2.283 		-5.616 		17.333
v 0.294 		2.642 		27.933
v -1.575 		2.039 		26.803
v 2.585 		-5.669 		17.333
v 7.622 		-0.111 		27.736
v -2.186 		-4.167 		22.963
v 2.889 		-5.706 		17.333
v 0.153 		2.982 		27.736
v 2.42 		-1.784 		28.562
v 0.035 		2.815 		27.736
v 2.036 		-5.344 		17.032
v -2.235 		-4.206 		22.6
v 2.325 		-5.408 		17.032
v 2.533 		-1.834 		28.562
v 5.427 		2.627 		28.429
v 5.321 		2.719 		28.429
v 4.789 		-0.789 		14.225
v 2.024 		-1.962 		28.429
v 2.616 		-5.459 		17.032
v 4.85 		-0.724 		14.225
v -1.167 		-5.186 		22.963
v -1.053 		1.881 		27.298
v 2.147 		-2.031 		28.429
v -1.115 		1.656 		27.298
v 2.91 		-5.495 		17.032
v 4.909 		-0.656 		14.225
v 4.964 		-0.586 		14.225
v -1.167 		1.428 		27.298
v -1.206 		-5.235 		22.6
v 0.56 		2.464 		28.114
v 7.19 		-0.619 		27.933
v -1.206 		1.198 		27.298
v 0.468 		2.318 		28.114
v 7.423 		-0.904 		27.736
v -0.018 		-6.083 		22.235
v 7.487 		-0.71 		27.736
v 0.382 		2.167 		28.114
v 5.21 		2.805 		28.429
v 0.193 		2.482 		27.933
v 0.1 		2.318 		27.933
v -0.946 		-5.495 		22.235
v 2.369 		-5.186 		16.742
v 0.014 		2.149 		27.933
v 4.586 		-0.964 		14.225
v -1.32 		1.962 		27.057
v -0.647 		-5.706 		22.235
v 1.547 		-1.103 		28.562
v 8.235 		0.034 		27.298
v 2.649 		-5.235 		16.742
v 4.656 		-0.909 		14.225
v 1.628 		-1.197 		28.562
v -0.337 		-5.902 		22.235
v 8.252 		0.267 		27.298
v 5.534 		2.979 		28.28
v 4.724 		-0.85 		14.225
v 1.713 		-1.287 		28.562
v 2.932 		-5.27 		16.742
v 8.258 		0.5 		27.298
v 1.803 		-1.372 		28.562
v 0.969 		1.853 		28.429
v -0.962 		-5.517 		21.868
v 8.252 		0.733 		27.298
v 0.905 		1.727 		28.429
v -0.662 		-5.729 		21.868
v -1.386 		1.724 		27.057
v 8.235 		0.966 		27.298
v 1.897 		-1.453 		28.562
v 0.848 		1.598 		28.429
v -0.351 		-5.925 		21.868
v 1.114 		-5.261 		17.333
v -1.44 		1.483 		27.057
v 5.886 		2.095 		28.429
v 1.399 		-5.371 		17.333
v 1.995 		-1.529 		28.562
v -0.031 		-6.106 		21.868
v 0.672 		2.012 		28.28
v -1.482 		1.239 		27.057
v 5.805 		2.21 		28.429
v 1.69 		-5.468 		17.333
v 0.601 		1.871 		28.28
v 5.719 		2.321 		28.429
v 1.985 		-5.549 		17.333
v 0.537 		1.727 		28.28
v 5.627 		2.427 		28.429
v 8.537 		0.5 		27.057
v 0.481 		1.58 		28.28
v -1.644 		1.789 		26.803
v 8.531 		0.747 		27.057
v 1.471 		-5.172 		17.032
v 8.512 		0.994 		27.057
v 6.076 		2.41 		28.28
v 1.751 		-5.265 		17.032
v -0.018 		-6.083 		20.765
v 8.803 		0.5 		26.803
v -1.701 		1.535 		26.803
v -1.746 		1.278 		26.803
v 8.797 		0.76 		26.803
v 4.19 		-0.79 		14.144
v -1.778 		1.02 		26.803
v 1.114 		-1.095 		28.429
v -0.968 		-5.524 		21.5
v 0.798 		1.467 		28.429
v 1.195 		-1.21 		28.429
v 4.252 		-0.755 		14.144
v -0.667 		-5.736 		21.5
v 0.753 		1.333 		28.429
v 1.281 		-1.321 		28.429
v 4.313 		-0.717 		14.144
v -0.356 		-5.933 		21.5
v 0.716 		1.197 		28.429
v 5.979 		2.534 		28.28
v 0.672 		-1.012 		28.28
v 4.372 		-0.675 		14.144
v -0.035 		-6.114 		21.5
v 1.373 		-1.427 		28.429
v 8.512 		0.006 		27.057
v 0.685 		1.06 		28.429
v 4.428 		-0.631 		14.144
v 4.483 		-0.584 		14.144
v -0.962 		-5.517 		21.132
v 8.531 		0.253 		27.057
v -0.662 		-5.729 		21.132
v 0.431 		1.431 		28.28
v 0.389 		1.279 		28.28
v -0.351 		-5.925 		21.132
v 0.355 		1.126 		28.28
v -0.031 		-6.106 		21.132
v 1.471 		-1.529 		28.429
v 0.304 		-1.012 		28.114
v 5.453 		2.103 		28.562
v 8.778 		-0.02 		26.803
v 5.372 		2.197 		28.562
v 8.797 		0.24 		26.803
v 5.287 		2.287 		28.562
v 0.75 		-1.149 		28.28
v 1.021 		-1.534 		28.28
v 5.197 		2.372 		28.562
v 0.834 		-1.282 		28.28
v -0.946 		-5.495 		20.765
v 0.924 		-1.41 		28.28
v 4.126 		-0.823 		14.144
v -0.647 		-5.706 		20.765
v 5.103 		2.453 		28.562
v 7.946 		0.062 		27.524
v -0.337 		-5.902 		20.765
v 7.962 		0.281 		27.524
v 1.573 		-1.627 		28.429
v 1.679 		-1.719 		28.429
v 7.968 		0.5 		27.524
v 7.962 		0.719 		27.524
v 5.529 		2.529 		28.429
v -2.902 		-3.337 		22.235
v 7.946 		0.938 		27.524
v 0.382 		-1.167 		28.114
v -2.706 		-3.647 		22.235
v -2.495 		-3.946 		22.235
v 1.79 		-1.805 		28.429
v 0.304 		2.012 		28.114
v 0.468 		-1.318 		28.114
v -2.925 		-3.351 		21.868
v 1.905 		-1.886 		28.429
v -2.729 		-3.662 		21.868
v 0.234 		1.853 		28.114
v 0.56 		-1.464 		28.114
v -2.517 		-3.962 		21.868
v 0.171 		1.691 		28.114
v 8.206 		-0.198 		27.298
v 0.117 		1.526 		28.114
v 4.019 		-0.471 		14.081
v 0.07 		1.359 		28.114
v 4.066 		-0.444 		14.081
v 0.032 		1.19 		28.114
v 6 		3 		28.114
v -2.27 		-4.235 		22.235
v 0.003 		1.019 		28.114
v 1.124 		-1.653 		28.28
v 8.32 		-0.962 		27.057
v -2.03 		-4.512 		22.235
v 1.233 		-1.767 		28.28
v 8.386 		-0.724 		27.057
v -1.778 		-4.778 		22.235
v 1.347 		-1.876 		28.28
v 8.44 		-0.483 		27.057
v -1.512 		-5.03 		22.235
v -0.025 		4.796 		26.537
v 8.482 		-0.239 		27.057
v 1.466 		-1.979 		28.28
v -0.232 		4.618 		26.537
v -2.291 		-4.252 		21.868
v -0.178 		4.982 		26.258
v 4.06 		-0.852 		14.144
v -2.05 		-4.531 		21.868
v -0.393 		4.796 		26.258
v 0.014 		-1.149 		27.933
v -1.797 		-4.797 		21.868
v -0.6 		4.6 		26.258
v 3.966 		5.235 		27.298
v 0.1 		-1.318 		27.933
v 8.644 		-0.789 		26.803
v -1.531 		-5.05 		21.868
v 3.733 		5.252 		27.298
v 8.701 		-0.535 		26.803
v 0.193 		-1.482 		27.933
v 8.746 		-0.278 		26.803
v 1 		-2 		28.114
v 3.5 		5.258 		27.298
v -0.429 		4.429 		26.537
v -0.618 		4.232 		26.537
v 3.267 		5.252 		27.298
v 2.667 		-2.247 		28.429
v -2.933 		-3.356 		21.5
v -0.796 		4.393 		26.258
v -0.982 		4.178 		26.258
v -2.736 		-3.667 		21.5
v 2.803 		-2.284 		28.429
v 7.882 		-0.372 		27.524
v -2.524 		-3.968 		21.5
v 2.94 		-2.315 		28.429
v 7.919 		-0.156 		27.524
v -2.925 		-3.351 		21.132
v 2.569 		-2.569 		28.28
v 3.994 		5.512 		27.057
v -2.729 		-3.662 		21.132
v -0.546 		4.964 		25.968
v 0.66 		-1.606 		28.114
v 8.167 		-0.428 		27.298
v 3.747 		5.531 		27.057
v 0.767 		-1.743 		28.114
v -2.517 		-3.962 		21.132
v -0.76 		4.76 		25.968
v 0.88 		-1.874 		28.114
v 6.152 		1.598 		28.429
v -0.964 		4.546 		25.968
v -2.902 		-3.337 		20.765
v 0.519 		-1.946 		27.933
v 6.519 		1.58 		28.28
v -2.706 		-3.647 		20.765
v 6.463 		1.727 		28.28
v 7.775 		-0.797 		27.524
v -2.495 		-3.946 		20.765
v 2.273 		-2.095 		28.429
v -0.91 		4.91 		25.667
v 6.399 		1.871 		28.28
v 7.834 		-0.586 		27.524
v 8.053 		-0.881 		27.298
v 2.402 		-2.152 		28.429
v 6.328 		2.012 		28.28
v 3.5 		5.537 		27.057
v 2.533 		-2.202 		28.429
v 0.294 		-1.642 		27.933
v 3.253 		5.531 		27.057
v 0.403 		-1.797 		27.933
v 8.115 		-0.656 		27.298
v -0.796 		4.025 		26.537
v 0.035 		-1.815 		27.736
v 2.129 		-2.399 		28.28
v -0.964 		3.81 		26.537
v 0.153 		-1.982 		27.736
v 2.273 		-2.463 		28.28
v 3.76 		5.797 		26.803
v 2.42 		-2.519 		28.28
v 3.5 		5.803 		26.803
v 6.37 		0.5 		28.429
v 3.773 		0.747 		28.991
v -2.057 		-4.537 		21.5
v 3.24 		5.797 		26.803
v 6.367 		0.641 		28.429
v 3.76 		0.76 		28.991
v 3.747 		0.773 		28.991
v 6.315 		1.06 		28.429
v -1.803 		-4.803 		21.5
v 3.733 		0.784 		28.991
v 3.719 		0.796 		28.991
v 6.356 		0.781 		28.429
v -1.537 		-5.057 		21.5
v 6.284 		1.197 		28.429
v 3.689 		0.816 		28.991
v 0.643 		-2.089 		27.933
v 6.339 		0.921 		28.429
v -2.05 		-4.531 		21.132
v -1.797 		-4.797 		21.132
v 6.247 		1.333 		28.429
v 0.774 		-2.226 		27.933
v -1.531 		-5.05 		21.132
v 6.202 		1.467 		28.429
v 3.034 		5.235 		27.298
v 0.911 		-2.357 		27.933
v 2.721 		-2.611 		28.28
v -2.03 		-4.512 		20.765
v 0.279 		-2.143 		27.736
v 6.707 		0.5 		28.28
v 2.802 		5.206 		27.298
v 6.645 		1.126 		28.28
v 2.874 		-2.645 		28.28
v 0.413 		-2.298 		27.736
v 6.703 		0.657 		28.28
v -1.778 		-4.778 		20.765
v 2.572 		5.167 		27.298
v 6.611 		1.279 		28.28
v 3.029 		-2.672 		28.28
v -1.512 		-5.03 		20.765
v 6.691 		0.814 		28.28
v 2.344 		5.115 		27.298
v 0.554 		-2.446 		27.736
v 6.672 		0.971 		28.28
v 3.673 		0.825 		28.991
v 3.657 		0.833 		28.991
v 3.641 		0.84 		28.991
v 3.624 		0.846 		28.991
v 3.607 		0.852 		28.991
v 6.569 		1.431 		28.28
v 3.589 		0.857 		28.991
v -1.157 		4.322 		25.968
v 3.572 		0.861 		28.991
v -1.339 		4.089 		25.968
v -2.298 		-4.258 		21.5
v -2.291 		-4.252 		21.132
v 2.98 		5.778 		26.803
v -2.27 		-4.235 		20.765
v 2.722 		5.746 		26.803
v 2.147 		-2.766 		28.114
v 6.339 		0.079 		28.429
v 2.465 		5.701 		26.803
v 2.309 		-2.829 		28.114
v 3.846 		0.624 		28.991
v 3.84 		0.641 		28.991
v 3.833 		0.657 		28.991
v 6.356 		0.219 		28.429
v -1.121 		4.688 		25.667
v 3.825 		0.673 		28.991
v -1.235 		-5.27 		22.235
v 3.816 		0.689 		28.991
v 2.474 		-2.883 		28.114
v 0.702 		-2.587 		27.736
v -1.321 		4.456 		25.667
v 2.211 		5.644 		26.803
v 0.857 		-2.721 		27.736
v 6.367 		0.359 		28.429
v 2.641 		-2.93 		28.114
v -1.509 		4.215 		25.667
v 2.81 		-2.968 		28.114
v -1.252 		-5.291 		21.868
v 2.981 		-2.997 		28.114
v 6.672 		0.029 		28.28
v -1.258 		-5.298 		21.5
v 2.024 		-3.062 		27.933
v 6.691 		0.186 		28.28
v 3.006 		5.512 		27.057
v 0.046 		-2.334 		27.524
v -1.121 		3.587 		26.537
v 2.761 		5.482 		27.057
v 6.883 		1.526 		28.114
v 0.19 		-2.5 		27.524
v 6.703 		0.343 		28.28
v -1.267 		3.357 		26.537
v 6.829 		1.691 		28.114
v 2.517 		5.44 		27.057
v 3.868 		0.5 		28.991
v 3.868 		0.518 		28.991
v -1.401 		3.12 		26.537
v 3.866 		0.536 		28.991
v 3.864 		0.554 		28.991
v 6.766 		1.853 		28.114
v 3.861 		0.572 		28.991
v 2.276 		5.386 		27.057
v 3.857 		0.589 		28.991
v 3.852 		0.607 		28.991
v -1.157 		3.954 		26.258
v 6.696 		2.012 		28.114
v 2.038 		5.32 		27.057
v 0.341 		-2.659 		27.524
v -1.321 		3.721 		26.258
v 0.5 		-2.81 		27.524
v 7.13 		1.799 		27.933
v 1.59 		-2.076 		28.28
v -1.473 		3.481 		26.258
v -1.252 		-5.291 		21.132
v 0.666 		-2.954 		27.524
v 6.997 		-0.019 		28.114
v -1.235 		-5.27 		20.765
v 1.718 		-2.166 		28.28
v 7.062 		1.976 		27.933
v 0.839 		-3.089 		27.524
v -1.613 		3.233 		26.258
v 1.851 		-2.25 		28.28
v 7.018 		0.153 		28.114
v 1.988 		-2.328 		28.28
v 1.803 		5.242 		27.057
v 0.136 		-2.864 		27.298
v 0.305 		-3.025 		27.298
v 3.806 		0.704 		28.991
v 1.573 		5.153 		27.057
v 3.796 		0.719 		28.991
v 6.997 		1.019 		28.114
v 3.784 		0.733 		28.991
v 6.968 		1.19 		28.114
v -3.043 		-2.997 		20.4
v 1.961 		5.575 		26.803
v 1.713 		5.493 		26.803
v -2.987 		-2.968 		20.037
v 6.93 		1.359 		28.114
v 1.471 		5.4 		26.803
v 7.031 		0.327 		28.114
v 1.233 		5.294 		26.803
v -3.077 		-2.611 		19.678
v 1.126 		-2.12 		28.114
v 7.035 		0.5 		28.114
v 1 		5.177 		26.803
v -2.916 		-2.93 		19.678
v 1.257 		-2.233 		28.114
v 7.031 		0.673 		28.114
v 7.018 		0.847 		28.114
v 0.482 		-3.178 		27.298
v 1.394 		-2.34 		28.114
v 0.666 		-3.322 		27.298
v 1.536 		-2.44 		28.114
v 5.784 		1.58 		28.562
v 0.857 		-3.456 		27.298
v 5.728 		1.691 		28.562
v -3.024 		-1.834 		18.63
v 1.682 		-2.532 		28.114
v 3.833 		7.272 		24.707
v 5.667 		1.799 		28.562
v 3.5 		7.28 		24.707
v 6.095 		1.727 		28.429
v 3.167 		7.272 		24.707
v -2.988 		-2.569 		19.323
v 1.054 		-2.481 		27.933
v 6.031 		1.853 		28.429
v -2.83 		-2.883 		19.323
v -1.509 		3.847 		25.968
v 5.962 		1.976 		28.429
v -3.024 		-2.202 		18.973
v 0.118 		-3.232 		27.057
v -1.667 		3.597 		25.968
v 6.027 		0.5 		28.562
v -2.884 		-2.519 		18.973
v 6.024 		0.624 		28.562
v 0.305 		-3.393 		27.057
v -1.813 		3.34 		25.968
v -2.728 		-2.829 		18.973
v 3.784 		6.291 		26.258
v -1.946 		3.076 		25.968
v 6.015 		0.748 		28.562
v 3.5 		6.298 		26.258
v 5.999 		0.871 		28.562
v 3.216 		6.291 		26.258
v -1.685 		3.965 		25.667
v -1.849 		3.706 		25.667
v 5.978 		0.993 		28.562
v 0.5 		-3.546 		27.057
v 1.833 		-2.618 		28.114
v -2.902 		-2.152 		18.63
v 0.136 		-3.6 		26.803
v 1.988 		-2.696 		28.114
v -2.764 		-2.463 		18.63
v 5.601 		1.904 		28.562
v 3.796 		6.517 		25.968
v 1.518 		-2.807 		27.933
v -2.611 		-2.766 		18.63
v 5.529 		2.005 		28.562
v 3.5 		6.524 		25.968
v 1.682 		-2.9 		27.933
v -2.443 		-3.062 		18.63
v 0.702 		-3.688 		27.057
v 3.204 		6.517 		25.968
v 1.851 		-2.986 		27.933
v -2 		3.44 		25.667
v 5.978 		0.007 		28.562
v 0.911 		-3.82 		27.057
v 0.341 		-3.76 		26.803
v 3.806 		6.729 		25.667
v 5.999 		0.129 		28.562
v 0.554 		-3.91 		26.803
v 0.774 		-4.049 		26.803
v 3.5 		6.736 		25.667
v 5.951 		1.114 		28.562
v 6.015 		0.252 		28.562
v 5.918 		1.233 		28.562
v 3.554 		0.864 		28.991
v 3.194 		6.729 		25.667
v 3.536 		0.866 		28.991
v 3.518 		0.868 		28.991
v 3.5 		0.868 		28.991
v 3.482 		0.868 		28.991
v 1.203 		-2.597 		27.933
v 3.464 		0.866 		28.991
v 3.446 		0.864 		28.991
v 5.879 		1.351 		28.562
v -2.933 		0.5 		17.644
v -2.925 		0.184 		17.644
v 1.358 		-2.706 		27.933
v 5.834 		1.467 		28.562
v 1.018 		-2.847 		27.736
v 6.024 		0.376 		28.562
v 1.185 		-2.965 		27.736
v -2.137 		3.166 		25.667
v 1 		-4.177 		26.803
v 3.773 		6.05 		26.537
v 1.358 		-3.074 		27.736
v 3.5 		6.057 		26.537
v -1.049 		5.049 		25.356
v -1.267 		4.82 		25.356
v 3.227 		6.05 		26.537
v 0.19 		-3.964 		26.537
v -1.473 		4.581 		25.356
v 3.428 		0.861 		28.991
v 3.411 		0.857 		28.991
v 3.393 		0.852 		28.991
v 3.376 		0.846 		28.991
v 3.359 		0.84 		28.991
v -1.667 		4.332 		25.356
v 3.343 		0.833 		28.991
v 6.202 		-0.467 		28.429
v 3.327 		0.825 		28.991
v 3.311 		0.816 		28.991
v -2.925 		0.816 		17.644
v -1.849 		4.074 		25.356
v 0.413 		-4.121 		26.537
v 0.643 		-4.267 		26.537
v 6.247 		-0.333 		28.429
v 0.88 		-4.401 		26.537
v 3.816 		6.925 		25.356
v 8.339 		4.089 		25.968
v 3.5 		6.933 		25.356
v 6.284 		-0.197 		28.429
v 0.046 		-4.157 		26.258
v 8.509 		4.215 		25.667
v 3.184 		6.925 		25.356
v 6.315 		-0.06 		28.429
v 8.321 		4.456 		25.667
v -3.083 		-0.148 		17.965
v 0.279 		-4.321 		26.258
v -1.401 		4.942 		25.035
v 6.569 		-0.431 		28.28
v 4.619 		-3.19 		27.933
v -3.043 		-0.471 		17.965
v 0.519 		-4.473 		26.258
v 6.611 		-0.279 		28.28
v 7.618 		4.232 		26.537
v -1.613 		4.696 		25.035
v 4.799 		-3.13 		27.933
v 3.825 		7.106 		25.035
v -2.987 		-0.79 		17.965
v 0.767 		-4.613 		26.258
v 7.429 		4.429 		26.537
v 4.71 		-3.487 		27.736
v 6.645 		-0.126 		28.28
v 3.5 		7.114 		25.035
v 4.904 		-3.423 		27.736
v 7.232 		4.618 		26.537
v -2.902 		-0.131 		17.644
v 5.095 		-3.35 		27.736
v 3.175 		7.106 		25.035
v 7.982 		4.178 		26.258
v -2.863 		-0.444 		17.644
v -2.809 		-0.755 		17.644
v 7.796 		4.393 		26.258
v 7.6 		4.6 		26.258
v 6.152 		-0.598 		28.429
v -1.813 		4.44 		25.035
v 7.393 		4.796 		26.258
v 2.835 		7.247 		24.707
v -2 		4.175 		25.035
v 4.252 		-3.282 		27.933
v 2.505 		7.207 		24.707
v 3.296 		0.806 		28.991
v 3.281 		0.796 		28.991
v 3.267 		0.784 		28.991
v 3.253 		0.773 		28.991
v 0.153 		-4.509 		25.968
v 7.178 		4.982 		26.258
v 2.177 		7.15 		24.707
v -1.524 		5.053 		24.707
v 4.437 		-3.24 		27.933
v 0.403 		-4.667 		25.968
v -1.741 		4.801 		24.707
v -2.057 		0.5 		16.463
v -2.05 		0.227 		16.463
v 0.66 		-4.813 		25.968
v -1.946 		4.539 		24.707
v 0.924 		-4.946 		25.968
v 3.24 		0.76 		28.991
v 2.932 		6.27 		26.258
v 3.227 		0.747 		28.991
v 4.313 		-3.587 		27.736
v -2.05 		0.773 		16.463
v 4.512 		-3.542 		27.736
v 2.649 		6.235 		26.258
v 8.157 		4.322 		25.968
v 0.035 		-4.685 		25.667
v 7.964 		4.546 		25.968
v 0.294 		-4.849 		25.667
v 2.369 		6.186 		26.258
v 0.56 		-5 		25.667
v 7.76 		4.76 		25.968
v 2.091 		6.124 		26.258
v 7.546 		4.964 		25.968
v -2.729 		0.194 		17.333
v -2.736 		0.5 		17.333
v 0.834 		-5.137 		25.667
v -2.137 		4.267 		24.707
v 4.111 		-3.622 		27.736
v -2.729 		0.806 		17.333
v 6.399 		-0.871 		28.28
v 6.463 		-0.727 		28.28
v -2.524 		0.5 		17.032
v -2.517 		0.204 		17.032
v 8.121 		4.688 		25.667
v 3.122 		-3.337 		27.933
v 6.519 		-0.58 		28.28
v 2.91 		6.495 		25.968
v 7.91 		4.91 		25.667
v 2.616 		6.459 		25.968
v 3.311 		-3.351 		27.933
v -2.517 		0.796 		17.032
v 0.193 		-5.018 		25.356
v 2.325 		6.408 		25.968
v 3.5 		-3.356 		27.933
v -2.298 		0.5 		16.742
v -2.291 		0.216 		16.742
v -2.018 		3.807 		25.356
v 3.689 		-3.351 		27.933
v 3.878 		-3.337 		27.933
v 6.883 		-0.526 		28.114
v -2.291 		0.784 		16.742
v 8.401 		3.12 		26.537
v 6.93 		-0.359 		28.114
v 4.066 		-3.314 		27.933
v 8.267 		3.357 		26.537
v 6.968 		-0.19 		28.114
v 0.468 		-5.173 		25.356
v 0.75 		-5.315 		25.356
v 8.613 		3.233 		26.258
v -2.173 		3.532 		25.356
v 8.473 		3.481 		26.258
v -2.315 		3.25 		25.356
v 8.321 		3.721 		26.258
v 2.036 		6.344 		25.968
v 2.889 		6.706 		25.667
v -2.03 		-0.045 		16.463
v -1.997 		-0.315 		16.463
v 0.1 		-5.173 		25.035
v 2.585 		6.669 		25.667
v -1.95 		-0.584 		16.463
v 0.382 		-5.333 		25.035
v -1.891 		-0.85 		16.463
v 2.283 		6.616 		25.667
v 0.672 		-5.479 		25.035
v 8.946 		3.076 		25.968
v 0.969 		-5.611 		25.035
v 0.014 		-5.315 		24.707
v 8.813 		3.34 		25.968
v 3.092 		-3.647 		27.736
v 0.304 		-5.479 		24.707
v 8.667 		3.597 		25.968
v 3.296 		-3.662 		27.736
v 6.766 		-0.853 		28.114
v 0.601 		-5.629 		24.707
v 6.829 		-0.691 		28.114
v 8.509 		3.847 		25.968
v 0.905 		-5.764 		24.707
v 3.5 		-3.667 		27.736
v -2.706 		-0.111 		17.333
v -2.669 		-0.415 		17.333
v 3.704 		-3.662 		27.736
v 1.751 		6.265 		25.968
v 9.137 		3.166 		25.667
v 7.062 		-0.976 		27.933
v 3.908 		-3.647 		27.736
v -2.616 		-0.717 		17.333
v 9 		3.44 		25.667
v 1.471 		6.172 		25.968
v 7.13 		-0.799 		27.933
v 8.849 		3.706 		25.667
v -2.549 		-1.015 		17.333
v 1.985 		6.549 		25.667
v 8.685 		3.965 		25.667
v -2.173 		3.9 		25.035
v 1.69 		6.468 		25.667
v -2.495 		-0.09 		17.032
v -2.333 		3.618 		25.035
v 1.399 		6.371 		25.667
v -2.459 		-0.384 		17.032
v -2.479 		3.328 		25.035
v 1.114 		6.261 		25.667
v 0.234 		-5.611 		24.37
v 4.156 		-3.919 		27.524
v -2.408 		-0.675 		17.032
v -2.315 		3.986 		24.707
v -2.344 		-0.964 		17.032
v 4.372 		-3.882 		27.524
v 0.537 		-5.764 		24.37
v -2.479 		3.696 		24.707
v 4.586 		-3.834 		27.524
v -2.629 		3.399 		24.707
v 4.797 		-3.775 		27.524
v 3.5 		0.5 		29
v -2.764 		3.095 		24.707
v 5.005 		-3.707 		27.524
v 8.121 		3.587 		26.537
v 7.964 		3.81 		26.537
v 2.955 		6.03 		26.537
v 2.685 		5.997 		26.537
v 7.796 		4.025 		26.537
v 2.416 		5.95 		26.537
v -2.27 		-0.068 		16.742
v 2.15 		5.891 		26.537
v 0.848 		-5.902 		24.37
v 8.157 		3.954 		26.258
v -2.235 		-0.351 		16.742
v 0.171 		-5.728 		24.027
v -1.524 		2.876 		26.537
v -2.186 		-0.631 		16.742
v 4.656 		-4.115 		27.298
v 4.881 		-4.053 		27.298
v 0.481 		-5.884 		24.027
v -2.124 		-0.909 		16.742
v 5.834 		-0.467 		28.562
v -1.634 		2.627 		26.537
v 0.798 		-6.024 		24.027
v 8.849 		4.074 		25.356
v 5.879 		-0.351 		28.562
v 1.887 		5.818 		26.537
v -1.732 		2.372 		26.537
v 1.628 		5.732 		26.537
v 5.918 		-0.233 		28.562
v -1.818 		2.113 		26.537
v 0.117 		-5.83 		23.677
v 8.667 		4.332 		25.356
v 1.373 		5.634 		26.537
v 5.951 		-0.114 		28.562
v -0.964 		-2.81 		16.463
v 0.431 		-5.988 		23.677
v -0.796 		-3.025 		16.463
v 8.473 		4.581 		25.356
v 0.753 		-6.131 		23.677
v 1.124 		5.524 		26.537
v 3.062 		-3.946 		27.524
v 8.267 		4.82 		25.356
v 1.817 		6.048 		26.258
v 3.281 		-3.962 		27.524
v 1.547 		5.959 		26.258
v 3.5 		-3.968 		27.524
v -3.077 		-1.147 		18.293
v 1.281 		5.856 		26.258
v -2.988 		-1.468 		18.293
v -1.741 		2.979 		26.258
v 3.719 		-3.962 		27.524
v 5.667 		-0.799 		28.562
v -1.856 		2.719 		26.258
v -2.884 		-1.784 		18.293
v 3.938 		-3.946 		27.524
v -1.959 		2.453 		26.258
v 9 		4.175 		25.035
v 0.07 		-5.916 		23.322
v 5.728 		-0.691 		28.562
v 0.389 		-6.077 		23.322
v -2.048 		2.183 		26.258
v 8.813 		4.44 		25.035
v 1.021 		5.741 		26.258
v 5.784 		-0.58 		28.562
v -2.916 		-1.107 		17.965
v -2.83 		-1.42 		17.965
v 0.032 		-5.987 		22.963
v 5.962 		-0.976 		28.429
v -2.728 		-1.728 		17.965
v 0.355 		-6.15 		22.963
v 8.613 		4.696 		25.035
v -2.611 		-2.031 		17.965
v 1.195 		6.066 		25.968
v 6.031 		-0.853 		28.429
v 0.003 		-6.043 		22.6
v 8.401 		4.942 		25.035
v 6.095 		-0.727 		28.429
v 4.198 		-4.206 		27.298
v 9.137 		4.267 		24.707
v 4.428 		-4.167 		27.298
v 8.946 		4.539 		24.707
v 8.741 		4.801 		24.707
v -2.74 		-1.063 		17.644
v 8.524 		5.053 		24.707
v 2.869 		6.902 		25.356
v -2.656 		-1.367 		17.644
v -2.066 		2.805 		25.968
v 2.556 		6.863 		25.356
v -2.557 		-1.667 		17.644
v 4.239 		-4.482 		27.057
v -2.443 		-1.962 		17.644
v 2.245 		6.809 		25.356
v 4.483 		-4.44 		27.057
v 2.852 		7.083 		25.035
v 5.601 		-0.904 		28.562
v 4.724 		-4.386 		27.057
v 2.529 		7.043 		25.035
v 4.962 		-4.32 		27.057
v 2.21 		6.987 		25.035
v -2.018 		-2.807 		17.644
v 8.049 		5.049 		25.356
v -1.849 		-3.074 		17.644
v -2.172 		2.529 		25.968
v 9.05 		0.227 		26.537
v 4.278 		-4.746 		26.803
v -2.265 		2.249 		25.968
v 9.057 		0.5 		26.537
v 4.535 		-4.701 		26.803
v 9.05 		0.773 		26.537
v 9.173 		3.532 		25.356
v 1.937 		6.74 		25.356
v 9.018 		3.807 		25.356
v 4.789 		-4.644 		26.803
v 1.633 		6.656 		25.356
v -2.764 		-2.095 		18.293
v -2.261 		2.886 		25.667
v 0.716 		-6.221 		23.322
v 5.039 		-4.575 		26.803
v -2.629 		-2.399 		18.293
v 1.333 		6.557 		25.356
v 0.685 		-6.296 		22.963
v 9.173 		3.9 		25.035
v -2.371 		2.601 		25.667
v 1.038 		6.443 		25.356
v -2.479 		-2.696 		18.293
v -2.468 		2.31 		25.667
v -2.315 		-2.986 		18.293
v 8.891 		-0.85 		26.537
v 7.025 		4.796 		26.537
v 6.81 		4.964 		26.537
v -2.479 		-2.328 		17.965
v -2.333 		-2.618 		17.965
v 3.267 		-4.252 		27.298
v 8.95 		-0.584 		26.537
v -2.173 		-2.9 		17.965
v 0.328 		-6.207 		22.6
v 3.5 		-4.258 		27.298
v 0.661 		-6.354 		22.6
v 8.997 		-0.315 		26.537
v 1.893 		6.916 		25.035
v 3.733 		-4.252 		27.298
v 1.58 		6.83 		25.035
v 3.966 		-4.235 		27.298
v -1.891 		1.85 		26.537
v 9.03 		-0.045 		26.537
v 1.272 		6.728 		25.035
v 8.818 		2.113 		26.537
v -1.95 		1.584 		26.537
v 9.124 		-0.909 		26.258
v -2.315 		-2.25 		17.644
v 8.732 		2.372 		26.537
v -2.173 		-2.532 		17.644
v 1.853 		7.077 		24.707
v 9.186 		-0.631 		26.258
v 1.532 		6.988 		24.707
v 8.634 		2.627 		26.537
v 3.253 		-4.531 		27.057
v 1.216 		6.884 		24.707
v 8.524 		2.876 		26.537
v 3.5 		-4.537 		27.057
v 0.309 		-6.247 		22.235
v -2.066 		-1.805 		17.032
v 0.644 		-6.396 		22.235
v 3.747 		-4.531 		27.057
v 4.935 		0.785 		28.856
v 0.985 		-6.528 		22.235
v -1.997 		1.315 		26.537
v 4.919 		0.856 		28.856
v 0.297 		-6.272 		21.868
v 3.994 		-4.512 		27.057
v 9.048 		2.183 		26.258
v -2.048 		-1.183 		16.742
v 4.9 		0.925 		28.856
v 0.633 		-6.421 		21.868
v -2.03 		1.045 		26.537
v -1.959 		-1.453 		16.742
v 3.24 		-4.797 		26.803
v 4.878 		0.993 		28.856
v 3.908 		4.647 		27.736
v -1.856 		-1.719 		16.742
v 0.976 		-6.553 		21.868
v 3.5 		-4.803 		26.803
v 8.959 		2.453 		26.258
v -1.741 		-1.979 		16.742
v 3.704 		4.662 		27.736
v -1.818 		-1.113 		16.463
v 8.856 		2.719 		26.258
v 3.5 		4.667 		27.736
v -1.732 		-1.372 		16.463
v -2.124 		1.909 		26.258
v 8.741 		2.979 		26.258
v 3.296 		4.662 		27.736
v 3.76 		-4.797 		26.803
v -2.186 		1.631 		26.258
v 4.02 		-4.778 		26.803
v -1.634 		-1.627 		16.463
v 3.092 		4.647 		27.736
v -2.235 		1.351 		26.258
v -1.524 		-1.876 		16.463
v -2.27 		1.068 		26.258
v 0.293 		-6.28 		21.5
v 0.63 		-6.429 		21.5
v -2.344 		1.964 		25.968
v 3.878 		4.337 		27.933
v 0.973 		-6.562 		21.5
v -2.408 		1.675 		25.968
v -2.468 		-1.31 		17.333
v 3.689 		4.351 		27.933
v 9.172 		2.529 		25.968
v 0.297 		-6.272 		21.132
v -2.371 		-1.601 		17.333
v 0.633 		-6.421 		21.132
v 9.066 		2.805 		25.968
v 4.6 		0.5 		28.919
v 3.5 		4.356 		27.933
v -2.261 		-1.886 		17.333
v 0.976 		-6.553 		21.132
v 4.599 		0.554 		28.919
v 2.563 		-3.24 		27.933
v -2.265 		-1.249 		17.032
v 3.311 		4.351 		27.933
v 2.748 		-3.282 		27.933
v 4.595 		0.608 		28.919
v -2.172 		-1.529 		17.032
v 2.934 		-3.314 		27.933
v 0.309 		-6.247 		20.765
v 4.589 		0.661 		28.919
v 3.122 		4.337 		27.933
v 0.644 		-6.396 		20.765
v -2.459 		1.384 		25.968
v 0.985 		-6.528 		20.765
v 4.963 		0.5 		28.856
v -2.495 		1.09 		25.968
v 4.961 		0.572 		28.856
v 4.956 		0.643 		28.856
v -2.549 		2.015 		25.667
v 9.03 		1.045 		26.537
v -2 		-2.44 		17.333
v 4.947 		0.715 		28.856
v -2.616 		1.717 		25.667
v 8.997 		1.315 		26.537
v -1.849 		-2.706 		17.333
v -2.669 		1.415 		25.667
v 8.95 		1.584 		26.537
v 8.891 		1.85 		26.537
v -2.706 		1.111 		25.667
v -1.685 		-2.965 		17.333
v 0.003 		-6.043 		20.4
v 0.032 		-5.987 		20.037
v -1.946 		-2.076 		17.032
v 0.355 		-6.15 		20.037
v 3.971 		3.672 		28.28
v -1.813 		-2.34 		17.032
v 0.07 		-5.916 		19.678
v 0.389 		-6.077 		19.678
v 3.814 		3.691 		28.28
v 9.186 		1.631 		26.258
v 2.687 		-3.587 		27.736
v -1.667 		-2.597 		17.032
v 9.124 		1.909 		26.258
v 3.657 		3.703 		28.28
v -2.443 		2.962 		25.356
v -1.509 		-2.847 		17.032
v -1.339 		-3.089 		17.032
v 4.567 		0.767 		28.919
v 3.5 		3.707 		28.28
v -2.557 		2.667 		25.356
v 3.343 		3.703 		28.28
v 2.201 		-3.13 		27.933
v -2.656 		2.367 		25.356
v 0.328 		-6.207 		20.4
v 4.553 		0.819 		28.919
v 4.656 		5.115 		27.298
v 2.381 		-3.19 		27.933
v 3.186 		3.691 		28.28
v -2.74 		2.063 		25.356
v 4.428 		5.167 		27.298
v 4.536 		0.871 		28.919
v 4.198 		5.206 		27.298
v 0.661 		-6.354 		20.4
v 2.096 		-3.423 		27.736
v -1.613 		-2.233 		16.742
v 2.29 		-3.487 		27.736
v -1.473 		-2.481 		16.742
v -2.611 		3.031 		25.035
v -1.321 		-2.721 		16.742
v 2.488 		-3.542 		27.736
v -2.728 		2.728 		25.035
v 0.685 		-6.296 		20.037
v -2.83 		2.42 		25.035
v -1.157 		-2.954 		16.742
v 4.962 		5.32 		27.057
v 3.921 		3.339 		28.429
v 4.517 		0.921 		28.919
v 4.724 		5.386 		27.057
v -2.916 		2.107 		25.035
v -1.401 		-2.12 		16.463
v 3.781 		3.356 		28.429
v 4.495 		0.971 		28.919
v 4.483 		5.44 		27.057
v 2.889 		-3.622 		27.736
v 0.716 		-6.221 		19.678
v -1.267 		-2.357 		16.463
v -2.884 		2.784 		24.707
v 4.239 		5.482 		27.057
v 3.641 		3.367 		28.429
v -2.988 		2.468 		24.707
v 5.039 		5.575 		26.803
v 0.117 		-5.83 		19.323
v -3.077 		2.147 		24.707
v 4.789 		5.644 		26.803
v 0.431 		-5.988 		19.323
v 1.536 		-3.175 		27.736
v 4.535 		5.701 		26.803
v 0.753 		-6.131 		19.323
v 4.278 		5.746 		26.803
v 1.718 		-3.267 		27.736
v 0.171 		-5.728 		18.973
v 0.481 		-5.884 		18.973
v 1.905 		-3.35 		27.736
v 0.798 		-6.024 		18.973
v -2.809 		1.755 		25.356
v 3.5 		3.37 		28.429
v 4.131 		0.878 		28.964
v 3.359 		3.367 		28.429
v -2.863 		1.444 		25.356
v 4.111 		0.908 		28.964
v -1.121 		-2.587 		16.463
v 4.09 		0.938 		28.964
v 3.219 		3.356 		28.429
v 3.079 		3.339 		28.429
v 3.216 		0.733 		28.991
v 3.204 		0.719 		28.991
v 0.234 		-5.611 		18.63
v 0.537 		-5.764 		18.63
v 3.184 		0.689 		28.991
v 0.848 		-5.902 		18.63
v 4.02 		5.778 		26.803
v 2.203 		-3.775 		27.524
v 2.414 		-3.834 		27.524
v -2.902 		1.131 		25.356
v 3.175 		0.673 		28.991
v 2.628 		-3.882 		27.524
v -2.137 		-2.166 		17.333
v 3.167 		0.657 		28.991
v 4.823 		7.15 		24.707
v 4.192 		0.748 		28.964
v 3.16 		0.641 		28.991
v 3.154 		0.624 		28.991
v 4.179 		0.781 		28.964
v 4.495 		7.207 		24.707
v 2.844 		-3.919 		27.524
v -3.919 		0.5 		20.4
v -3.91 		0.136 		20.4
v 4.165 		0.814 		28.964
v 4.165 		7.247 		24.707
v 0.193 		-5.018 		17.644
v 3.847 		4.018 		28.114
v 4.148 		0.847 		28.964
v 2.119 		-4.053 		27.298
v -2.987 		1.79 		25.035
v 2.344 		-4.115 		27.298
v -3.043 		1.471 		25.035
v -3.91 		0.864 		20.4
v 0.19 		-3.964 		16.463
v -3.083 		1.148 		25.035
v 3.132 		0.518 		28.991
v 3.132 		0.5 		28.991
v -3.856 		0.5 		20.037
v -3.847 		0.139 		20.037
v 3.148 		0.607 		28.991
v 3.673 		4.031 		28.114
v 0.035 		-4.685 		17.333
v 3.143 		0.589 		28.991
v 3.139 		0.572 		28.991
v 0.294 		-4.849 		17.333
v 3.136 		0.554 		28.991
v 3.134 		0.536 		28.991
v 0.56 		-5 		17.333
v 4.909 		6.124 		26.258
v -3.847 		0.861 		20.037
v 4.631 		6.186 		26.258
v 0.834 		-5.137 		17.333
v 3.5 		4.035 		28.114
v 1.018 		-3.215 		27.524
v 4.351 		6.235 		26.258
v 1.203 		-3.332 		27.524
v -3.15 		1.823 		24.707
v 3.327 		4.031 		28.114
v 0.153 		-4.509 		17.032
v -3.207 		1.495 		24.707
v -3.775 		0.5 		19.678
v -3.766 		0.143 		19.678
v 4.579 		0.715 		28.919
v 0.403 		-4.667 		17.032
v 1.394 		-3.44 		27.524
v 3.153 		4.018 		28.114
v 0.66 		-4.813 		17.032
v 1.59 		-3.539 		27.524
v 0.924 		-4.946 		17.032
v 3.846 		0.376 		28.991
v 3.852 		0.393 		28.991
v -3.766 		0.857 		19.678
v 3.857 		0.411 		28.991
v 4.964 		6.344 		25.968
v 3.861 		0.428 		28.991
v 3.864 		0.446 		28.991
v 3.866 		0.464 		28.991
v 3.868 		0.482 		28.991
v 4.675 		6.408 		25.968
v 4.221 		0.643 		28.964
v -3.247 		1.165 		24.707
v 4.213 		0.679 		28.964
v 4.384 		6.459 		25.968
v 4.203 		0.713 		28.964
v 4.09 		6.495 		25.968
v 3.938 		4.946 		27.524
v -3.883 		-0.227 		20.4
v 1.054 		-3.581 		27.298
v 5.015 		6.549 		25.667
v 3.719 		4.962 		27.524
v -3.839 		-0.589 		20.4
v 0.046 		-4.157 		16.742
v 4.717 		6.616 		25.667
v 0.279 		-4.321 		16.742
v 3.816 		0.311 		28.991
v 3.825 		0.327 		28.991
v 4.415 		6.669 		25.667
v 3.5 		4.968 		27.524
v 3.833 		0.343 		28.991
v -3.776 		-0.947 		20.4
v 3.84 		0.359 		28.991
v 0.519 		-4.473 		16.742
v 4.111 		6.706 		25.667
v 3.281 		4.962 		27.524
v 0.767 		-4.613 		16.742
v -3.82 		-0.221 		20.037
v 1.79 		-3.628 		27.524
v -3.776 		-0.579 		20.037
v 1.995 		-3.707 		27.524
v 4.235 		0.5 		28.964
v 4.234 		0.536 		28.964
v 1.257 		-3.696 		27.298
v -3.715 		-0.935 		20.037
v 0.413 		-4.121 		16.463
v 4.232 		0.572 		28.964
v 0.643 		-4.267 		16.463
v 1.466 		-3.801 		27.298
v 0.88 		-4.401 		16.463
v 4.227 		0.608 		28.964
v -3.74 		-0.213 		19.678
v 1.679 		-3.896 		27.298
v 4.068 		6.27 		26.258
v -3.696 		-0.567 		19.678
v 1.897 		-3.98 		27.298
v -0.062 		6.443 		24.37
v -0.35 		6.261 		24.37
v -3.635 		-0.919 		19.678
v 0.014 		-5.315 		18.293
v -0.13 		6.557 		24.027
v 4.85 		5.891 		26.537
v 3.062 		4.946 		27.524
v 0.304 		-5.479 		18.293
v 4.584 		5.95 		26.537
v 0.601 		-5.629 		18.293
v 0.905 		-5.764 		18.293
v 4.589 		0.339 		28.919
v 4.595 		0.392 		28.919
v 4.315 		5.997 		26.537
v 0.1 		-5.173 		17.965
v 4.599 		0.446 		28.919
v -3.677 		0.5 		19.323
v 0.382 		-5.333 		17.965
v -3.668 		0.148 		19.323
v 1.126 		-3.942 		27.057
v 0.672 		-5.479 		17.965
v 3.76 		0.24 		28.991
v 3.773 		0.253 		28.991
v 1.347 		-4.053 		27.057
v 3.784 		0.267 		28.991
v 3.796 		0.281 		28.991
v 4.947 		0.285 		28.856
v 2.889 		4.622 		27.736
v 0.969 		-5.611 		17.965
v -3.668 		0.852 		19.323
v 4.956 		0.357 		28.856
v 2.687 		4.587 		27.736
v 4.961 		0.428 		28.856
v -3.562 		0.5 		18.973
v -3.553 		0.154 		18.973
v 4.045 		6.03 		26.537
v -3.553 		0.846 		18.973
v 2.572 		-4.167 		27.298
v 0.468 		-5.173 		17.644
v 5.063 		6.74 		25.356
v 0.75 		-5.315 		17.644
v 2.802 		-4.206 		27.298
v 2.934 		4.314 		27.933
v -3.421 		0.16 		18.63
v 4.755 		6.809 		25.356
v -3.429 		0.5 		18.63
v 3.034 		-4.235 		27.298
v 2.748 		4.282 		27.933
v 4.878 		0.007 		28.856
v 4.444 		6.863 		25.356
v -3.421 		0.84 		18.63
v 2.563 		4.24 		27.933
v 8.575 		-1.039 		16.197
v 4.131 		6.902 		25.356
v 4.9 		0.075 		28.856
v 2.381 		4.19 		27.933
v -0.423 		6.371 		24.027
v 4.919 		0.144 		28.856
v 4.79 		6.987 		25.035
v 2.201 		4.13 		27.933
v -0.707 		6.172 		24.027
v 4.935 		0.215 		28.856
v 2.038 		-4.32 		27.057
v -0.19 		6.656 		23.677
v 2.276 		-4.386 		27.057
v -0.487 		6.468 		23.677
v 4.471 		7.043 		25.035
v 2.517 		-4.44 		27.057
v -0.775 		6.265 		23.677
v 2.488 		4.542 		27.736
v 4.148 		7.083 		25.035
v 2.761 		-4.482 		27.057
v 2.29 		4.487 		27.736
v 3.006 		-4.512 		27.057
v 7.707 		-1.005 		15.476
v 4.567 		0.233 		28.919
v 4.579 		0.285 		28.919
v 3.689 		0.184 		28.991
v -3.642 		-0.203 		19.323
v 3.704 		0.194 		28.991
v 3.719 		0.204 		28.991
v 2.096 		4.423 		27.736
v 3.733 		0.216 		28.991
v 3.747 		0.227 		28.991
v -0.628 		6.066 		24.37
v -3.599 		-0.553 		19.323
v -3.539 		-0.9 		19.323
v -0.896 		5.856 		24.37
v -3.528 		-0.192 		18.973
v 2.211 		-4.644 		26.803
v -3.485 		-0.536 		18.973
v 2.465 		-4.701 		26.803
v -3.426 		-0.878 		18.973
v 2.722 		-4.746 		26.803
v -0.98 		5.959 		24.027
v 2.98 		-4.778 		26.803
v 4.233 		2.55 		28.677
v 1.905 		4.35 		27.736
v 4.132 		2.583 		28.677
v 1.718 		4.267 		27.736
v -3.396 		-0.179 		18.63
v 3.572 		0.139 		28.991
v 6.696 		-1.012 		14.886
v 3.589 		0.143 		28.991
v -3.354 		-0.517 		18.63
v 1.536 		4.175 		27.736
v 3.607 		0.148 		28.991
v 3.624 		0.154 		28.991
v 3.641 		0.16 		28.991
v -3.296 		-0.852 		18.63
v 3.657 		0.167 		28.991
v 5.039 		2.039 		28.677
v 1.358 		4.074 		27.736
v 3.673 		0.175 		28.991
v 4.962 		2.113 		28.677
v 6.328 		-1.012 		14.72
v 1.573 		-4.153 		27.057
v 1.803 		-4.242 		27.057
v 4.881 		2.183 		28.677
v 4.797 		2.249 		28.677
v 4.71 		2.31 		28.677
v 4.227 		0.392 		28.964
v 1.233 		-4.294 		26.803
v 4.232 		0.428 		28.964
v 1.471 		-4.4 		26.803
v 4.619 		2.367 		28.677
v 3.029 		3.672 		28.28
v 4.234 		0.464 		28.964
v 1.713 		-4.493 		26.803
v 2.874 		3.645 		28.28
v -3.696 		-1.303 		20.4
v -3.599 		-1.654 		20.4
v 1.961 		-4.575 		26.803
v 2.721 		3.611 		28.28
v 5.529 		-1.005 		14.438
v -3.485 		-1.999 		20.4
v 2.569 		3.569 		28.28
v -0.24 		6.74 		23.322
v -3.635 		-1.287 		20.037
v -0.542 		6.549 		23.322
v -0.834 		6.344 		23.322
v 4.192 		0.252 		28.964
v -3.539 		-1.635 		20.037
v -3.426 		-1.978 		20.037
v 4.203 		0.287 		28.964
v 8.177 		-2 		16.197
v 4.213 		0.321 		28.964
v 4.315 		-4.997 		26.537
v -3.557 		-1.268 		19.678
v 4.584 		-4.95 		26.537
v 4.221 		0.357 		28.964
v 4.85 		-4.891 		26.537
v -3.462 		-1.612 		19.678
v 4.526 		2.42 		28.677
v 4.431 		2.468 		28.677
v -0.282 		6.809 		22.963
v -3.35 		-1.951 		19.678
v 2.94 		3.315 		28.429
v 4.333 		2.511 		28.677
v -0.587 		6.616 		22.963
v 2.803 		3.284 		28.429
v 8.294 		-1.767 		16.197
v 2.667 		3.247 		28.429
v 4.909 		-5.124 		26.258
v 4.471 		-0.019 		28.919
v 8.4 		-1.529 		16.197
v 4.495 		0.029 		28.919
v 8.493 		-1.287 		16.197
v 3.227 		-5.05 		26.537
v 4.517 		0.079 		28.919
v 3.5 		-5.057 		26.537
v -3.354 		-2.339 		20.4
v 4.536 		0.129 		28.919
v 3.773 		-5.05 		26.537
v 4.437 		2.063 		28.775
v -3.207 		-2.672 		20.4
v 4.553 		0.181 		28.919
v -3.296 		-2.315 		20.037
v -0.882 		6.408 		22.963
v 4.045 		-5.03 		26.537
v -3.15 		-2.645 		20.037
v 2.533 		3.202 		28.429
v -0.314 		6.863 		22.6
v 2.402 		3.152 		28.429
v 8.242 		-1.197 		15.943
v -0.622 		6.669 		22.6
v 2.273 		3.095 		28.429
v -0.919 		6.459 		22.6
v -3.221 		-2.284 		19.678
v 2.42 		3.519 		28.28
v 4.359 		2.107 		28.775
v 2.273 		3.463 		28.28
v 2.129 		3.399 		28.28
v 4.279 		2.147 		28.775
v 4.131 		0.122 		28.964
v 4.351 		-5.235 		26.258
v 4.197 		2.184 		28.775
v 4.148 		0.153 		28.964
v -3.462 		-1.244 		19.323
v 4.631 		-5.186 		26.258
v 4.165 		0.186 		28.964
v 4.114 		2.216 		28.775
v -3.368 		-1.583 		19.323
v 4.179 		0.219 		28.964
v -3.258 		-1.918 		19.323
v -1.153 		5.634 		24.37
v -3.35 		-1.216 		18.973
v -1.4 		5.4 		24.37
v -3.258 		-1.55 		18.973
v 2.981 		3.997 		28.114
v -3.149 		-1.879 		18.973
v 4.09 		-5.495 		25.968
v 2.81 		3.968 		28.114
v 7.942 		-1.874 		15.943
v 4.384 		-5.459 		25.968
v 8.053 		-1.653 		15.943
v 2.641 		3.93 		28.114
v 4.675 		-5.408 		25.968
v 8.153 		-1.427 		15.943
v 4.09 		0.062 		28.964
v -3.221 		-1.184 		18.63
v 4.029 		2.612 		28.677
v 4.111 		0.092 		28.964
v 2.474 		3.883 		28.114
v 4.964 		-5.344 		25.968
v -3.131 		-1.511 		18.63
v -1.634 		5.153 		24.37
v 2.309 		3.829 		28.114
v 4.029 		2.244 		28.775
v 4.111 		-5.706 		25.667
v 2.147 		3.766 		28.114
v 4.415 		-5.669 		25.667
v 4.789 		1.789 		28.775
v -3.131 		-2.247 		19.323
v 4.717 		-5.616 		25.667
v 4.724 		1.85 		28.775
v -1.242 		5.732 		24.027
v 5.015 		-5.549 		25.667
v -3.28 		0.5 		18.293
v -3.272 		0.167 		18.293
v 4.656 		1.909 		28.775
v 4.068 		0.966 		28.964
v 4.045 		0.994 		28.964
v -1.493 		5.493 		24.027
v 4.586 		1.964 		28.775
v -3.272 		0.833 		18.293
v -3.114 		0.5 		17.965
v -3.106 		0.175 		17.965
v 2.024 		4.062 		27.933
v 7.801 		-1.534 		15.702
v 7.896 		-1.321 		15.702
v 1.988 		3.328 		28.28
v 3.216 		-5.291 		26.258
v -3.106 		0.825 		17.965
v 1.851 		3.25 		28.28
v 7.98 		-1.103 		15.702
v 3.5 		-5.298 		26.258
v 1.718 		3.166 		28.28
v 4.964 		1.586 		28.775
v 3.784 		-5.291 		26.258
v 1.59 		3.076 		28.28
v 5.015 		1.512 		28.775
v 4.909 		1.656 		28.775
v 4.85 		1.724 		28.775
v 7.539 		-1.41 		15.476
v -3.247 		-0.165 		18.293
v -1.732 		5.242 		24.027
v -3.207 		-0.495 		18.293
v 7.628 		-1.21 		15.476
v -1.053 		6.048 		23.677
v -3.15 		-0.823 		18.293
v -1.32 		5.818 		23.677
v 4.068 		-5.27 		26.258
v -1.575 		5.575 		23.677
v 1.988 		3.696 		28.114
v -1.818 		5.32 		23.677
v 1.833 		3.618 		28.114
v 4.19 		1.79 		28.856
v 1.851 		3.986 		27.933
v 4.126 		1.823 		28.856
v -0.98 		-4.959 		18.973
v 1.682 		3.9 		27.933
v 1.518 		3.807 		27.933
v 3.204 		-5.517 		25.968
v 4.512 		2.015 		28.775
v 7.581 		-1.946 		15.702
v -0.896 		-4.856 		18.63
v 3.5 		-5.524 		25.968
v 3.132 		0.482 		28.991
v -0.628 		-5.066 		18.63
v 3.134 		0.464 		28.991
v 3.136 		0.446 		28.991
v 7.696 		-1.743 		15.702
v 3.139 		0.428 		28.991
v 3.143 		0.411 		28.991
v 3.148 		0.393 		28.991
v 3.154 		0.376 		28.991
v 7.215 		-1.982 		15.476
v -1.115 		6.124 		23.322
v 3.796 		-5.517 		25.968
v 1.358 		3.706 		27.933
v 4.535 		1.535 		28.856
v -1.167 		6.186 		22.963
v 1.203 		3.597 		27.933
v 4.483 		1.584 		28.856
v 7.332 		-1.797 		15.476
v -0.919 		-5.459 		20.4
v -0.622 		-5.669 		20.4
v 1.185 		3.965 		27.736
v 4.428 		1.631 		28.856
v -1.206 		6.235 		22.6
v 7.44 		-1.606 		15.476
v -0.314 		-5.863 		20.4
v 1.018 		3.847 		27.736
v 4.372 		1.675 		28.856
v 4.313 		1.717 		28.856
v -0.882 		-5.408 		20.037
v 4.252 		1.755 		28.856
v 3.184 		0.311 		28.991
v 3.194 		0.296 		28.991
v 3.204 		0.281 		28.991
v 3.216 		0.267 		28.991
v 3.227 		0.253 		28.991
v -0.587 		-5.616 		20.037
v -1.386 		5.891 		23.322
v -1.644 		5.644 		23.322
v -0.282 		-5.809 		20.037
v 3.24 		0.24 		28.991
v -1.891 		5.386 		23.322
v 3.194 		-5.729 		25.667
v 1.682 		3.532 		28.114
v 3.5 		-5.736 		25.667
v 4.02 		-0.02 		28.964
v 1.536 		3.44 		28.114
v 4.045 		0.006 		28.964
v 1.394 		3.34 		28.114
v 7.91 		-2.446 		16.197
v -0.834 		-5.344 		19.678
v 3.16 		0.359 		28.991
v 1.257 		3.233 		28.114
v 4.068 		0.034 		28.964
v 3.167 		0.343 		28.991
v -1.44 		5.95 		22.963
v 3.175 		0.327 		28.991
v 1.126 		3.12 		28.114
v 3.806 		-5.729 		25.667
v -0.542 		-5.549 		19.678
v -1.701 		5.701 		22.963
v -1.95 		5.44 		22.963
v -0.24 		-5.74 		19.678
v 4.717 		1.313 		28.856
v 8.049 		-2.226 		16.197
v 4.675 		1.372 		28.856
v 1.054 		3.481 		27.933
v -1.482 		5.997 		22.6
v 7.546 		-2.5 		15.943
v 4.755 		-0.252 		28.856
v 4.631 		1.428 		28.856
v 4.584 		1.483 		28.856
v 4.79 		-0.19 		28.856
v 7.688 		-2.298 		15.943
v 5.063 		1.437 		28.775
v 4.131 		-5.902 		25.356
v 4.823 		-0.126 		28.856
v -1.746 		5.746 		22.6
v 7.82 		-2.089 		15.943
v 4.444 		-5.863 		25.356
v 3.446 		0.136 		28.991
v 4.852 		-0.06 		28.856
v 3.464 		0.134 		28.991
v 3.482 		0.132 		28.991
v -1.997 		5.482 		22.6
v 3.5 		0.132 		28.991
v 3.518 		0.132 		28.991
v 2.844 		4.919 		27.524
v 3.536 		0.134 		28.991
v 4.755 		-5.809 		25.356
v 3.554 		0.136 		28.991
v 2.628 		4.882 		27.524
v 5.063 		-5.74 		25.356
v 2.414 		4.834 		27.524
v 2.203 		4.775 		27.524
v 7.429 		-3.061 		16.197
v 4.852 		1.06 		28.856
v 7.6 		-2.864 		16.197
v 4.148 		-6.083 		25.035
v 4.823 		1.126 		28.856
v 4.471 		-6.043 		25.035
v 4.584 		-0.483 		28.856
v 4.631 		-0.428 		28.856
v 7.76 		-2.659 		16.197
v 4.79 		-5.987 		25.035
v 4.79 		1.19 		28.856
v 4.675 		-0.372 		28.856
v 4.717 		-0.313 		28.856
v -2.124 		5.115 		23.322
v 3.311 		0.184 		28.991
v 4.755 		1.252 		28.856
v 3.327 		0.175 		28.991
v 7.232 		-2.882 		15.943
v -2.186 		5.167 		22.963
v 3.343 		0.167 		28.991
v 2.119 		5.053 		27.298
v 3.359 		0.16 		28.991
v 3.376 		0.154 		28.991
v 3.393 		0.148 		28.991
v 7.393 		-2.695 		15.943
v 3.411 		0.143 		28.991
v 3.428 		0.139 		28.991
v 5.015 		-0.512 		28.775
v -2.235 		5.206 		22.6
v 4.823 		-6.15 		24.707
v 5.063 		-0.437 		28.775
v 1.995 		4.707 		27.524
v -0.018 		7.083 		22.235
v -0.337 		6.902 		22.235
v 1.79 		4.628 		27.524
v -0.647 		6.706 		22.235
v 4.351 		-0.198 		28.919
v 4.165 		-6.247 		24.707
v 1.897 		4.98 		27.298
v 4.384 		-0.156 		28.919
v -0.775 		-5.265 		19.323
v 4.495 		-6.207 		24.707
v -0.946 		6.495 		22.235
v 1.679 		4.896 		27.298
v 4.415 		-0.111 		28.919
v -0.487 		-5.468 		19.323
v 1.466 		4.801 		27.298
v -0.19 		-5.656 		19.323
v -0.031 		7.106 		21.868
v 4.444 		-0.066 		28.919
v -0.351 		6.925 		21.868
v 1.257 		4.696 		27.298
v -0.662 		6.729 		21.868
v 4.278 		1.278 		28.919
v 3.184 		-5.925 		25.356
v 7.178 		-2.518 		15.702
v -0.962 		6.517 		21.868
v 4.239 		1.315 		28.919
v 3.5 		-5.933 		25.356
v 7.322 		-2.334 		15.702
v 3.816 		-5.925 		25.356
v 4.198 		1.351 		28.919
v 7.456 		-2.143 		15.702
v 4.156 		1.384 		28.919
v 4.111 		1.415 		28.919
v -0.707 		-5.172 		18.973
v 3.175 		-6.106 		25.035
v -0.423 		-5.371 		18.973
v 3.5 		-6.114 		25.035
v -0.13 		-5.557 		18.973
v 1.59 		4.539 		27.524
v 4.278 		-0.278 		28.919
v 1.394 		4.44 		27.524
v 3.825 		-6.106 		25.035
v -0.35 		-5.261 		18.63
v -0.018 		7.083 		20.765
v 1.203 		4.332 		27.524
v 4.315 		-0.239 		28.919
v 3.167 		-6.272 		24.707
v -0.062 		-5.443 		18.63
v 7.175 		-1.464 		15.264
v 1.018 		4.215 		27.524
v 7.267 		-1.282 		15.264
v 3.5 		-6.28 		24.707
v 7.35 		-1.095 		15.264
v -0.035 		7.114 		21.5
v 4.471 		1.019 		28.919
v 3.253 		0.227 		28.991
v -0.356 		6.933 		21.5
v 3.267 		0.216 		28.991
v 3.281 		0.204 		28.991
v 1.054 		4.581 		27.298
v 4.444 		1.066 		28.919
v -0.667 		6.736 		21.5
v 3.833 		-6.272 		24.707
v 4.415 		1.111 		28.919
v -0.968 		6.524 		21.5
v 4.384 		1.156 		28.919
v -0.031 		7.106 		21.132
v 4.351 		1.198 		28.919
v -0.351 		6.925 		21.132
v 7.061 		-3.061 		15.943
v 1.347 		5.053 		27.057
v -0.662 		6.729 		21.132
v -2.863 		-3.314 		20.4
v 1.126 		4.942 		27.057
v -0.962 		6.517 		21.132
v -2.669 		-3.622 		20.4
v 6.81 		-2.5 		15.476
v -2.459 		-3.919 		20.4
v 4.535 		-0.535 		28.856
v 2.15 		-4.891 		26.537
v -2.809 		-3.282 		20.037
v 3.748 		3.015 		28.562
v 2.416 		-4.95 		26.537
v 3.624 		3.024 		28.562
v -2.616 		-3.587 		20.037
v 2.685 		-4.997 		26.537
v -2.408 		-3.882 		20.037
v 6.954 		-2.334 		15.476
v -0.337 		6.902 		20.765
v 3.5 		3.027 		28.562
v -0.647 		6.706 		20.765
v 7.089 		-2.161 		15.476
v 3.376 		3.024 		28.562
v 4.111 		-0.415 		28.919
v 4.156 		-0.384 		28.919
v 3.252 		3.015 		28.562
v -0.946 		6.495 		20.765
v 2.955 		-5.03 		26.537
v 4.198 		-0.351 		28.919
v -2.74 		-3.24 		19.678
v 4.239 		-0.315 		28.919
v -2.549 		-3.542 		19.678
v 2.091 		-5.124 		26.258
v -2.344 		-3.834 		19.678
v -2.124 		-4.115 		19.678
v -1.235 		6.27 		22.235
v -1.252 		6.291 		21.868
v 2.147 		3.031 		28.429
v 3.847 		-0.148 		28.964
v 3.878 		-0.131 		28.964
v -1.512 		6.03 		22.235
v -1.997 		-4.482 		20.4
v 4.789 		-0.789 		28.775
v -1.778 		5.778 		22.235
v 3.908 		-0.111 		28.964
v 3.938 		-0.09 		28.964
v -1.746 		-4.746 		20.4
v 6.695 		-3.025 		15.702
v -2.03 		5.512 		22.235
v 4.85 		-0.724 		28.775
v 6.864 		-2.864 		15.702
v 3.966 		-0.068 		28.964
v 3.994 		-0.045 		28.964
v -1.482 		-4.997 		20.4
v 4.909 		-0.656 		28.775
v -2.27 		5.235 		22.235
v 4.964 		-0.586 		28.775
v 7.025 		-2.695 		15.702
v -1.95 		-4.44 		20.037
v 4.315 		1.239 		28.919
v 6.161 		-3.089 		15.476
v -1.531 		6.05 		21.868
v 3.84 		7.421 		24.37
v 6.334 		-2.954 		15.476
v 1.124 		-4.524 		26.537
v -1.797 		5.797 		21.868
v 3.5 		7.429 		24.37
v 6.5 		-2.81 		15.476
v 1.373 		-4.634 		26.537
v -2.05 		5.531 		21.868
v 3.16 		7.421 		24.37
v 4.586 		-0.964 		28.775
v 4.656 		-0.909 		28.775
v 6.659 		-2.659 		15.476
v -2.291 		5.252 		21.868
v 1.628 		-4.732 		26.537
v 3.846 		7.553 		24.027
v 4.724 		-0.85 		28.775
v 1.887 		-4.818 		26.537
v 4.06 		1.852 		28.856
v 3.5 		7.562 		24.027
v -1.701 		-4.701 		20.037
v 3.154 		7.553 		24.027
v 1.021 		-4.741 		26.258
v -1.44 		-4.95 		20.037
v 1.281 		-4.856 		26.258
v 1.547 		-4.959 		26.258
v 3.852 		7.668 		23.677
v -1.258 		6.298 		21.5
v 1.817 		-5.048 		26.258
v 3.5 		7.677 		23.677
v -1.252 		6.291 		21.132
v -1.235 		6.27 		20.765
v -1.891 		-4.386 		19.678
v 3.148 		7.668 		23.677
v 4.066 		1.444 		28.919
v -1.644 		-4.644 		19.678
v 4.19 		-0.79 		28.856
v 4.019 		1.471 		28.919
v -1.386 		-4.891 		19.678
v 4.252 		-0.755 		28.856
v 6.807 		-1.482 		15.067
v -1.537 		6.057 		21.5
v 4.313 		-0.717 		28.856
v -1.115 		-5.124 		19.678
v -1.803 		5.803 		21.5
v 6.9 		-1.318 		15.067
v 4.372 		-0.675 		28.856
v -2.057 		5.537 		21.5
v 6.986 		-1.149 		15.067
v 4.428 		-0.631 		28.856
v -1.531 		6.05 		21.132
v 3.857 		7.766 		23.322
v 4.483 		-0.584 		28.856
v -1.797 		5.797 		21.132
v 1.195 		-5.066 		25.968
v 3.5 		7.775 		23.322
v -2.05 		5.531 		21.132
v 6.44 		-1.464 		14.886
v 4.02 		1.02 		28.964
v 3.143 		7.766 		23.322
v 6.532 		-1.318 		14.886
v -1.512 		6.03 		20.765
v 3.861 		7.847 		22.963
v -2.235 		-4.206 		20.4
v -1.778 		5.778 		20.765
v 6.618 		-1.167 		14.886
v -2.186 		-4.167 		20.037
v 2.369 		-5.186 		26.258
v 3.5 		7.856 		22.963
v -2.03 		5.512 		20.765
v 2.649 		-5.235 		26.258
v 2.932 		-5.27 		26.258
v 3.139 		7.847 		22.963
v 4.313 		4.587 		27.736
v -2.048 		-4.053 		19.323
v 4.111 		4.622 		27.736
v 3.864 		7.91 		22.6
v -1.959 		-3.98 		18.973
v 3.5 		7.919 		22.6
v -2.298 		5.258 		21.5
v -2.291 		5.252 		21.132
v 4.126 		-0.823 		28.856
v 3.136 		7.91 		22.6
v -2.27 		5.235 		20.765
v -2.066 		-3.628 		18.63
v 6.847 		-1.982 		15.264
v 6.965 		-1.815 		15.264
v -1.856 		-3.896 		18.63
v 4.799 		4.13 		27.933
v 7.074 		-1.642 		15.264
v 4.619 		4.19 		27.933
v 2.036 		-5.344 		25.968
v 5.095 		4.35 		27.736
v 2.325 		-5.408 		25.968
v 2.821 		7.396 		24.37
v 3.713 		-0.203 		28.964
v 4.904 		4.423 		27.736
v 3.748 		-0.192 		28.964
v 6.706 		-1.642 		15.067
v 2.483 		7.354 		24.37
v 3.781 		-0.179 		28.964
v 2.616 		-5.459 		25.968
v -2.656 		-3.19 		19.323
v 4.71 		4.487 		27.736
v 2.148 		7.296 		24.37
v 3.814 		-0.165 		28.964
v 2.91 		-5.495 		25.968
v -2.468 		-3.487 		19.323
v -1.856 		4.896 		24.37
v -2.066 		4.628 		24.37
v 6.481 		-1.946 		15.067
v -2.265 		-3.775 		19.323
v 2.283 		-5.616 		25.667
v 6.597 		-1.797 		15.067
v 2.585 		-5.669 		25.667
v 2.889 		-5.706 		25.667
v -1.959 		4.98 		24.027
v 6.12 		-1.874 		14.886
v -2.557 		-3.13 		18.973
v 4.437 		4.24 		27.933
v 3.572 		-0.232 		28.964
v 4.252 		4.282 		27.933
v 6.233 		-1.743 		14.886
v 2.808 		7.528 		24.027
v 3.608 		-0.227 		28.964
v -2.371 		-3.423 		18.973
v 6.34 		-1.606 		14.886
v 2.464 		7.485 		24.027
v 4.512 		4.542 		27.736
v -2.172 		-3.707 		18.973
v 3.643 		-0.221 		28.964
v -2.048 		5.053 		23.677
v 2.122 		7.426 		24.027
v 3.679 		-0.213 		28.964
v -2.261 		-3.35 		18.63
v 2.797 		7.642 		23.677
v 1.471 		-5.172 		25.968
v -2.261 		4.35 		24.37
v 2.447 		7.599 		23.677
v 1.751 		-5.265 		25.968
v 6.166 		-1.282 		14.72
v 6.25 		-1.149 		14.72
v 4.066 		4.314 		27.933
v -2.172 		4.707 		24.027
v 1.114 		-5.261 		25.667
v -2.371 		4.423 		24.027
v 3.871 		-0.536 		28.919
v 3.921 		-0.517 		28.919
v 4.431 		3.569 		28.28
v 1.399 		-5.371 		25.667
v -2.557 		4.13 		24.027
v 1.69 		-5.468 		25.667
v 4.279 		3.611 		28.28
v 3.971 		-0.495 		28.919
v -1.818 		-4.32 		19.323
v -2.265 		4.775 		23.677
v -1.575 		-4.575 		19.323
v 1.985 		-5.549 		25.667
v 4.126 		3.645 		28.28
v -2.468 		4.487 		23.677
v 6 		-2 		14.886
v -1.32 		-4.818 		19.323
v -2.656 		4.19 		23.677
v 4.019 		-0.471 		28.919
v -1.053 		-5.048 		19.323
v 4.066 		-0.444 		28.919
v -1.732 		-4.242 		18.973
v 5.979 		-1.534 		14.72
v -1.493 		-4.493 		18.973
v 6.076 		-1.41 		14.72
v 5.627 		-1.427 		14.571
v 2.245 		-5.809 		25.356
v 5.719 		-1.321 		14.571
v -1.242 		-4.732 		18.973
v 2.1 		7.539 		23.677
v 2.556 		-5.863 		25.356
v 5.805 		-1.21 		14.571
v 4.727 		3.095 		28.429
v 2.869 		-5.902 		25.356
v 5.886 		-1.095 		14.571
v 4.598 		3.152 		28.429
v 4.06 		-0.852 		28.856
v 5.012 		3.328 		28.28
v -1.634 		-4.153 		18.63
v -1.4 		-4.4 		18.63
v 1.816 		7.221 		24.37
v -1.153 		-4.634 		18.63
v 4.871 		3.399 		28.28
v 10.421 		0.16 		24.37
v -2.443 		4.062 		24.37
v 1.784 		7.35 		24.027
v -2.611 		3.766 		24.37
v 10.429 		0.5 		24.37
v 4.727 		3.463 		28.28
v 1.45 		7.258 		24.027
v -2.764 		3.463 		24.37
v 10.421 		0.84 		24.37
v 1.121 		7.149 		24.027
v 2.21 		-5.987 		25.035
v -2.902 		3.152 		24.37
v 10.553 		0.154 		24.027
v 1.756 		7.462 		23.677
v 10.562 		0.5 		24.027
v 3.321 		-0.213 		28.964
v 1.417 		7.368 		23.677
v 10.553 		0.846 		24.027
v 5.529 		-1.529 		14.571
v 3.357 		-0.221 		28.964
v 2.529 		-6.043 		25.035
v 1.082 		7.258 		23.677
v 5.103 		-1.453 		14.438
v 3.392 		-0.227 		28.964
v 2.852 		-6.083 		25.035
v 10.668 		0.148 		23.677
v 5.197 		-1.372 		14.438
v 3.428 		-0.232 		28.964
v 5.287 		-1.287 		14.438
v -2.728 		3.829 		24.027
v 10.677 		0.5 		23.677
v 3.464 		-0.234 		28.964
v -1.206 		-5.235 		20.4
v 10.668 		0.852 		23.677
v -2.884 		3.519 		24.027
v -1.167 		-5.186 		20.037
v 3.5 		-0.235 		28.964
v 2.177 		-6.15 		24.707
v 3.536 		-0.234 		28.964
v 2.787 		7.74 		23.322
v -3.024 		3.202 		24.027
v 2.505 		-6.207 		24.707
v -2.83 		3.883 		23.677
v 2.433 		7.696 		23.322
v 2.835 		-6.247 		24.707
v -2.988 		3.569 		23.677
v 2.081 		7.635 		23.322
v -0.801 		-4.741 		18.293
v 10.296 		-0.852 		24.37
v 2.779 		7.82 		22.963
v -0.539 		-4.946 		18.293
v 10.354 		-0.517 		24.37
v 2.421 		7.776 		22.963
v -0.267 		-5.137 		18.293
v 2.065 		7.715 		22.963
v 10.396 		-0.179 		24.37
v -0.942 		-4.401 		17.965
v 3.062 		-0.09 		28.964
v -0.696 		-4.613 		17.965
v 5.372 		-1.197 		14.438
v -2.344 		4.834 		23.322
v 3.122 		-0.131 		28.964
v -0.44 		-4.813 		17.965
v 3.092 		-0.111 		28.964
v 2.773 		7.883 		22.6
v -2.549 		4.542 		23.322
v 10.426 		-0.878 		24.027
v 3.153 		-0.148 		28.964
v 1.038 		-5.443 		25.356
v 2.411 		7.839 		22.6
v 5.453 		-1.103 		14.438
v 1.333 		-5.557 		25.356
v 10.485 		-0.536 		24.027
v 2.053 		7.776 		22.6
v -2.74 		4.24 		23.322
v 4.467 		3.202 		28.429
v 1.633 		-5.656 		25.356
v 10.528 		-0.192 		24.027
v 4.333 		3.247 		28.429
v -0.175 		-5 		17.965
v 1.937 		-5.74 		25.356
v 4.197 		3.284 		28.429
v 4.58 		3.519 		28.28
v -2.408 		4.882 		22.963
v 10.539 		-0.9 		23.677
v -2.616 		4.587 		22.963
v 1.732 		7.557 		23.322
v -2.809 		4.282 		22.963
v 10.599 		-0.553 		23.677
v 5.653 		-1.876 		14.72
v 1.388 		7.462 		23.322
v -2.459 		4.919 		22.6
v 10.642 		-0.203 		23.677
v 5.767 		-1.767 		14.72
v 1.049 		7.35 		23.322
v -2.669 		4.622 		22.6
v -0.82 		-4.267 		17.644
v -2.863 		4.314 		22.6
v 5.876 		-1.653 		14.72
v -0.581 		-4.473 		17.644
v 1.713 		7.635 		22.963
v -0.332 		-4.667 		17.644
v 1.365 		7.539 		22.963
v 1.272 		-5.728 		25.035
v 1.022 		7.426 		22.963
v 5.012 		3.696 		28.114
v 1.58 		-5.83 		25.035
v -0.074 		-4.849 		17.644
v 10.766 		0.143 		23.322
v 1.697 		7.696 		22.6
v 4.853 		3.766 		28.114
v 1.893 		-5.916 		25.035
v 5.534 		-1.979 		14.72
v 10.775 		0.5 		23.322
v 1.346 		7.599 		22.6
v 4.691 		3.829 		28.114
v 1.216 		-5.884 		24.707
v 3.186 		-0.165 		28.964
v 10.766 		0.857 		23.322
v 5.21 		-1.805 		14.571
v 3.219 		-0.179 		28.964
v 4.526 		3.883 		28.114
v 1.001 		7.485 		22.6
v 1.532 		-5.988 		24.707
v 10.847 		0.139 		22.963
v 3.252 		-0.192 		28.964
v 4.359 		3.93 		28.114
v 1.853 		-6.077 		24.707
v 5.321 		-1.719 		14.571
v 3.287 		-0.203 		28.964
v 4.19 		3.968 		28.114
v 10.856 		0.5 		22.963
v 5.427 		-1.627 		14.571
v 10.847 		0.861 		22.963
v -0.91 		-3.91 		17.333
v 4.976 		4.062 		27.933
v -2.916 		3.93 		23.322
v -3.077 		3.611 		23.322
v -0.964 		-3.546 		17.032
v 10.91 		0.136 		22.6
v -0.76 		-3.76 		17.032
v 10.919 		0.5 		22.6
v 1.489 		7.131 		24.37
v -2.987 		3.968 		22.963
v -0.546 		-3.964 		17.032
v 1.166 		7.024 		24.37
v 6.143 		-2.721 		15.264
v 6.298 		-2.587 		15.264
v -3.043 		3.997 		22.6
v 3.079 		-0.517 		28.919
v 10.91 		0.864 		22.6
v 10.024 		-1.834 		24.37
v -0.982 		-3.178 		16.742
v 3.129 		-0.536 		28.919
v 10.131 		-1.511 		24.37
v 3.866 		7.955 		22.235
v -0.796 		-3.393 		16.742
v 10.221 		-1.184 		24.37
v 3.5 		7.964 		22.235
v -0.6 		-3.6 		16.742
v -3.024 		2.834 		24.37
v 4.06 		3.315 		28.429
v -0.618 		-3.232 		16.463
v 10.149 		-1.879 		24.027
v 3.134 		7.955 		22.235
v 10.635 		-0.919 		23.322
v 10.258 		-1.55 		24.027
v 10.696 		-0.567 		23.322
v 4.019 		3.997 		28.114
v 10.35 		-1.216 		24.027
v -0.429 		-3.429 		16.463
v 3.868 		7.982 		21.868
v 10.74 		-0.213 		23.322
v 3.5 		7.991 		21.868
v 6.446 		-2.446 		15.264
v -2.495 		4.946 		22.235
v 5.005 		4.707 		27.524
v 10.258 		-1.918 		23.677
v -2.706 		4.647 		22.235
v 6.587 		-2.298 		15.264
v 10.715 		-0.935 		22.963
v 4.797 		4.775 		27.524
v 3.132 		7.982 		21.868
v 10.368 		-1.583 		23.677
v -2.902 		4.337 		22.235
v 10.776 		-0.579 		22.963
v -0.393 		-3.796 		16.742
v 4.586 		4.834 		27.524
v 10.462 		-1.244 		23.677
v -3.083 		4.018 		22.235
v 10.82 		-0.221 		22.963
v -0.178 		-3.982 		16.742
v 4.372 		4.882 		27.524
v 3.868 		7.991 		21.5
v -0.232 		-3.618 		16.463
v 3.5 		8 		21.5
v 3.132 		7.991 		21.5
v -0.025 		-3.796 		16.463
v 4.156 		4.919 		27.524
v 3.819 		-0.553 		28.919
v 10.776 		-0.947 		22.6
v -2.517 		4.962 		21.868
v 3.868 		7.982 		21.132
v -2.729 		4.662 		21.868
v 3.5 		7.991 		21.132
v 10.839 		-0.589 		22.6
v 6.721 		-2.143 		15.264
v 3.132 		7.982 		21.132
v -2.925 		4.351 		21.868
v 4.881 		5.053 		27.298
v 3.866 		7.955 		20.765
v 3.5 		7.964 		20.765
v 9.443 		-3.062 		24.37
v 10.883 		-0.227 		22.6
v 3.134 		7.955 		20.765
v 9.611 		-2.766 		24.37
v 6.226 		-2.226 		15.067
v 9.764 		-2.463 		24.37
v 6.357 		-2.089 		15.067
v 9.902 		-2.152 		24.37
v 3.608 		-0.595 		28.919
v 3.661 		-0.589 		28.919
v -2.524 		4.968 		21.5
v 5.946 		-2.481 		15.067
v 2.768 		7.928 		22.235
v -0.688 		-4.121 		17.333
v 3.715 		-0.579 		28.919
v 10.955 		0.134 		22.235
v -0.456 		-4.321 		17.333
v 6.089 		-2.357 		15.067
v -2.736 		4.667 		21.5
v -0.215 		-4.509 		17.333
v 2.405 		7.883 		22.235
v 3.767 		-0.567 		28.919
v 9.728 		-2.829 		24.027
v -2.933 		4.356 		21.5
v 2.044 		7.82 		22.235
v 9.884 		-2.519 		24.027
v -2.517 		4.962 		21.132
v 5.743 		-2.233 		14.886
v 2.766 		7.955 		21.868
v -2.729 		4.662 		21.132
v 2.401 		7.91 		21.868
v 10.024 		-2.202 		24.027
v 10.964 		0.5 		22.235
v 2.039 		7.847 		21.868
v 9.83 		-2.883 		23.677
v -2.925 		4.351 		21.132
v 10.955 		0.866 		22.235
v 9.988 		-2.569 		23.677
v -0.322 		-4.157 		17.032
v 4.904 		2.601 		28.562
v -0.089 		-4.339 		17.032
v 10.131 		-2.247 		23.677
v 10.982 		0.132 		21.868
v -2.495 		4.946 		20.765
v 5.874 		-2.12 		14.886
v 10.991 		0.5 		21.868
v -2.706 		4.647 		20.765
v 10.982 		0.868 		21.868
v 4.799 		2.667 		28.562
v 1.686 		7.74 		22.235
v 4.691 		2.728 		28.562
v -2.902 		4.337 		20.765
v 1.333 		7.642 		22.235
v 5.318 		-2.532 		14.886
v 5.095 		2.886 		28.429
v 10.82 		-0.956 		22.235
v 3.856 		-0.919 		28.856
v 5.464 		-2.44 		14.886
v 4.976 		2.962 		28.429
v 1.68 		7.766 		21.868
v 4.853 		3.031 		28.429
v 10.883 		-0.595 		22.235
v 5.606 		-2.34 		14.886
v 1.325 		7.668 		21.868
v 3.925 		-0.9 		28.856
v -3.083 		4.018 		20.765
v 10.35 		-1.951 		23.322
v 4.58 		2.784 		28.562
v 4.467 		2.834 		28.562
v 10.462 		-1.612 		23.322
v 2.765 		7.964 		21.5
v 3.993 		-0.878 		28.856
v 4.351 		2.879 		28.562
v 2.4 		7.919 		21.5
v 2.037 		7.856 		21.5
v 10.557 		-1.268 		23.322
v 4.233 		2.918 		28.562
v 5.642 		-3.074 		15.264
v 2.766 		7.955 		21.132
v 4.114 		2.951 		28.562
v 5.815 		-2.965 		15.264
v -3.131 		3.247 		23.677
v 2.401 		7.91 		21.132
v 2.039 		7.847 		21.132
v 10.928 		-0.232 		22.235
v 5.982 		-2.847 		15.264
v 10.426 		-1.978 		22.963
v 2.768 		7.928 		20.765
v 5.642 		-2.706 		15.067
v 10.539 		-1.635 		22.963
v 2.405 		7.883 		20.765
v 10.847 		-0.961 		21.868
v 5.797 		-2.597 		15.067
v -3.221 		3.284 		23.322
v -1.946 		-3.539 		18.293
v 3.572 		-0.961 		28.856
v 10.635 		-1.287 		22.963
v -1.741 		-3.801 		18.293
v 2.044 		7.82 		20.765
v 3.643 		-0.956 		28.856
v -3.15 		3.645 		22.963
v -1.524 		-4.053 		18.293
v -3.296 		3.315 		22.963
v 3.715 		-0.947 		28.856
v -2 		-3.175 		17.965
v 3.785 		-0.935 		28.856
v 10.91 		-0.599 		21.868
v 10.485 		-1.999 		22.6
v 5.149 		-2.986 		15.067
v 5.005 		2.529 		28.562
v -1.813 		-3.44 		17.965
v 10.955 		-0.234 		21.868
v -3.207 		3.672 		22.6
v -1.613 		-3.696 		17.965
v 5.318 		-2.9 		15.067
v -3.354 		3.339 		22.6
v -1.401 		-3.942 		17.965
v 5.482 		-2.807 		15.067
v 3.339 		-0.589 		28.919
v 1.678 		7.775 		21.5
v 1.323 		7.677 		21.5
v 3.392 		-0.595 		28.919
v 5.167 		-2.618 		14.886
v 1.68 		7.766 		21.132
v 1.325 		7.668 		21.132
v 10.599 		-1.654 		22.6
v 10.991 		0.132 		21.5
v 10.696 		-1.303 		22.6
v 3.446 		-0.599 		28.919
v 11 		0.5 		21.5
v 10.991 		0.868 		21.5
v 1.686 		7.74 		20.765
v 3.5 		-0.6 		28.919
v 10.982 		0.132 		21.132
v 10.991 		0.5 		21.132
v 1.333 		7.642 		20.765
v 10.982 		0.868 		21.132
v 3.554 		-0.599 		28.919
v 10.955 		0.134 		20.765
v -1.667 		-3.332 		17.644
v 10.964 		0.5 		20.765
v -1.473 		-3.581 		17.644
v 10.955 		0.866 		20.765
v -1.267 		-3.82 		17.644
v 9.916 		-2.93 		23.322
v 5.149 		-2.25 		14.72
v 3.864 		7.91 		20.4
v 10.077 		-2.611 		23.322
v 9.235 		5.206 		22.6
v 5.282 		-2.166 		14.72
v 3.5 		7.919 		20.4
v 10.221 		-2.284 		23.322
v -3.131 		2.511 		24.37
v 9.27 		5.235 		22.235
v 5.41 		-2.076 		14.72
v -1.049 		-4.049 		17.644
v 3.136 		7.91 		20.4
v 3.181 		-0.553 		28.919
v 9.987 		-2.968 		22.963
v 3.233 		-0.567 		28.919
v 10.856 		-0.963 		21.5
v 9.291 		5.252 		21.868
v 3.861 		7.847 		20.037
v 10.15 		-2.645 		22.963
v 3.285 		-0.579 		28.919
v 10.919 		-0.6 		21.5
v 3.5 		7.856 		20.037
v -3.221 		2.184 		24.37
v 10.296 		-2.315 		22.963
v 9.298 		5.258 		21.5
v 10.964 		-0.235 		21.5
v 3.139 		7.847 		20.037
v 9.291 		5.252 		21.132
v 10.847 		-0.961 		21.132
v 10.91 		-0.599 		21.132
v -2.137 		-3.267 		18.293
v 9.27 		5.235 		20.765
v -3.149 		2.879 		24.027
v 10.955 		-0.234 		21.132
v -3.258 		2.55 		24.027
v 10.043 		-2.997 		22.6
v 10.82 		-0.956 		20.765
v -3.35 		2.216 		24.027
v 10.207 		-2.672 		22.6
v 3.357 		-0.956 		28.856
v 10.883 		-0.595 		20.765
v 10.928 		-0.232 		20.765
v 3.428 		-0.961 		28.856
v -1.294 		-4.294 		18.293
v -3.258 		2.918 		23.677
v 10.354 		-2.339 		22.6
v 9.261 		4.35 		24.37
v -1.053 		-4.524 		18.293
v 3.5 		-0.963 		28.856
v -3.368 		2.583 		23.677
v 9.557 		4.13 		24.027
v -1.177 		-4.177 		17.965
v 7.25 		-3.25 		16.197
v -3.462 		2.244 		23.677
v 10.91 		0.136 		20.4
v 9.371 		4.423 		24.027
v 3.857 		7.766 		19.678
v 10.919 		0.5 		20.4
v 3.5 		7.775 		19.678
v 10.91 		0.864 		20.4
v 9.656 		4.19 		23.677
v 9.468 		4.487 		23.677
v 3.143 		7.766 		19.678
v 6.864 		-3.6 		16.197
v 7.061 		-3.429 		16.197
v 10.847 		0.139 		20.037
v 3.075 		-0.9 		28.856
v 9.265 		4.775 		23.677
v 10.856 		0.5 		20.037
v 3.144 		-0.919 		28.856
v 6.5 		-3.546 		15.943
v 3.215 		-0.935 		28.856
v 10.847 		0.861 		20.037
v -1.509 		-3.215 		17.333
v 6.695 		-3.393 		15.943
v 3.285 		-0.947 		28.856
v -1.321 		-3.456 		17.333
v 6.882 		-3.232 		15.943
v 10.766 		0.143 		19.678
v 9.902 		3.152 		24.37
v -1.121 		-3.688 		17.333
v -3.296 		1.852 		24.37
v 9.764 		3.463 		24.37
v 10.775 		0.5 		19.678
v 9.611 		3.766 		24.37
v 10.528 		-2.015 		22.235
v 3.852 		7.668 		19.323
v -3.354 		1.517 		24.37
v 10.766 		0.857 		19.678
v 3.5 		7.677 		19.323
v -1.157 		-3.322 		17.032
v 9.443 		4.062 		24.37
v 10.642 		-1.667 		22.235
v -3.396 		1.179 		24.37
v 3.148 		7.668 		19.323
v 10.74 		-1.314 		22.235
v 3.846 		7.553 		18.973
v 2.955 		0.994 		28.964
v 10.553 		-2.024 		21.868
v 3.5 		7.562 		18.973
v -3.426 		1.878 		24.027
v 2.91 		0.938 		28.964
v 10.668 		-1.675 		21.868
v 3.154 		7.553 		18.973
v 2.932 		0.966 		28.964
v -3.485 		1.536 		24.027
v 10.766 		-1.32 		21.868
v -0.061 		4.429 		16.197
v 10.024 		3.202 		24.027
v 2.889 		0.908 		28.964
v 2.869 		0.878 		28.964
v -3.528 		1.192 		24.027
v 9.884 		3.519 		24.027
v -0.25 		4.25 		16.197
v 3.84 		7.421 		18.63
v 9.728 		3.829 		24.027
v 10.131 		3.247 		23.677
v 10.776 		-0.947 		20.4
v 6.226 		-4.049 		16.197
v 9.988 		3.569 		23.677
v 10.839 		-0.589 		20.4
v -3.539 		1.9 		23.677
v 10.083 		-3.018 		22.235
v 6.446 		-3.91 		16.197
v -3.599 		1.553 		23.677
v 9.83 		3.883 		23.677
v 10.883 		-0.227 		20.4
v 10.247 		-2.691 		22.235
v 6.659 		-3.76 		16.197
v -3.642 		1.203 		23.677
v 10.396 		-2.356 		22.235
v 10.715 		-0.935 		20.037
v 3.5 		7.429 		18.63
v 10.106 		-3.031 		21.868
v 10.776 		-0.579 		20.037
v 2.852 		0.847 		28.964
v 3.16 		7.421 		18.63
v 10.272 		-2.703 		21.868
v 10.82 		-0.221 		20.037
v 2.835 		0.814 		28.964
v 6.298 		-3.688 		15.943
v 9.74 		4.24 		23.322
v 10.421 		-2.367 		21.868
v -0.429 		4.061 		16.197
v 9.549 		4.542 		23.322
v -0.6 		3.864 		16.197
v 9.344 		4.834 		23.322
v 10.635 		-0.919 		19.678
v 2.821 		0.781 		28.964
v -0.76 		3.659 		16.197
v 10.696 		-0.567 		19.678
v 2.808 		0.748 		28.964
v 10.74 		-0.213 		19.678
v 6.143 		-3.456 		15.702
v 6.334 		-3.322 		15.702
v -0.061 		4.061 		15.943
v -3.35 		2.951 		23.322
v -0.232 		3.882 		15.943
v 6.518 		-3.178 		15.702
v -3.462 		2.612 		23.322
v -0.393 		3.695 		15.943
v 10.562 		-2.027 		21.5
v 10.677 		-1.677 		21.5
v 9.809 		4.282 		22.963
v 10.775 		-1.322 		21.5
v -3.557 		2.268 		23.322
v 10.553 		-2.024 		21.132
v 9.616 		4.587 		22.963
v 10.668 		-1.675 		21.132
v 2.773 		7.883 		20.4
v 9.408 		4.882 		22.963
v 10.766 		-1.32 		21.132
v 10.668 		0.148 		19.323
v 2.411 		7.839 		20.4
v 10.528 		-2.015 		20.765
v 10.677 		0.5 		19.323
v -0.91 		3.446 		16.197
v 10.642 		-1.667 		20.765
v -0.546 		3.5 		15.943
v 10.668 		0.852 		19.323
v 2.053 		7.776 		20.4
v 9.863 		4.314 		22.6
v -3.426 		2.978 		22.963
v 10.74 		-1.314 		20.765
v -0.688 		3.298 		15.943
v 9.669 		4.622 		22.6
v -3.539 		2.635 		22.963
v 2.779 		7.82 		20.037
v 10.553 		0.154 		18.973
v -0.82 		3.089 		15.943
v 10.562 		0.5 		18.973
v 9.459 		4.919 		22.6
v 2.421 		7.776 		20.037
v -3.635 		2.287 		22.963
v 2.065 		7.715 		20.037
v 5.653 		-4.053 		15.943
v 10.553 		0.846 		18.973
v -3.485 		2.999 		22.6
v 10.421 		0.16 		18.63
v 10.114 		-3.035 		21.5
v -3.599 		2.654 		22.6
v -0.025 		3.695 		15.702
v -3.696 		2.303 		22.6
v 2.787 		7.74 		19.678
v 10.28 		-2.707 		21.5
v -0.178 		3.518 		15.702
v 10.429 		0.5 		18.63
v 10.429 		-2.37 		21.5
v 10.221 		3.284 		23.322
v 5.874 		-3.942 		15.943
v 2.433 		7.696 		19.678
v -0.322 		3.334 		15.702
v 10.421 		0.84 		18.63
v 10.296 		3.315 		22.963
v 10.106 		-3.031 		21.132
v 2.081 		7.635 		19.678
v 6.089 		-3.82 		15.943
v 10.272 		-2.703 		21.132
v -0.456 		3.143 		15.702
v 10.421 		-2.367 		21.132
v 10.354 		3.339 		22.6
v 10.083 		-3.018 		20.765
v -3.635 		1.919 		23.322
v -0.089 		3.161 		15.476
v -3.696 		1.567 		23.322
v 10.247 		-2.691 		20.765
v -3.74 		1.213 		23.322
v 10.077 		3.611 		23.322
v 2.797 		0.713 		28.964
v 10.396 		-2.356 		20.765
v 10.539 		-0.9 		19.323
v 9.916 		3.93 		23.322
v 1.697 		7.696 		20.4
v -3.715 		1.935 		22.963
v 10.599 		-0.553 		19.323
v -1.049 		3.226 		16.197
v 1.346 		7.599 		20.4
v -3.776 		1.579 		22.963
v 5.946 		-3.581 		15.702
v 1.001 		7.485 		20.4
v 10.642 		-0.203 		19.323
v 5.41 		-3.539 		15.476
v 10.15 		3.645 		22.963
v -3.82 		1.221 		22.963
v 9.261 		-3.35 		24.37
v 1.713 		7.635 		20.037
v 9.987 		3.968 		22.963
v 10.426 		-0.878 		18.973
v 5.606 		-3.44 		15.476
v 1.365 		7.539 		20.037
v 1.022 		7.426 		20.037
v -3.776 		1.947 		22.6
v 10.485 		-0.536 		18.973
v 10.207 		3.672 		22.6
v 5.797 		-3.332 		15.476
v 2.765 		0.5 		28.964
v 2.787 		0.679 		28.964
v 10.043 		3.997 		22.6
v 9.371 		-3.423 		24.027
v -3.839 		1.589 		22.6
v 5.982 		-3.215 		15.476
v 2.779 		0.643 		28.964
v 9.557 		-3.13 		24.027
v 10.528 		-0.192 		18.973
v -3.883 		1.227 		22.6
v 9.265 		-3.775 		23.677
v 2.773 		0.608 		28.964
v 1.732 		7.557 		19.678
v 9.468 		-3.487 		23.677
v 2.768 		0.572 		28.964
v -0.942 		2.874 		15.943
v 9.656 		-3.19 		23.677
v 1.388 		7.462 		19.678
v 2.766 		0.536 		28.964
v 10.296 		-0.852 		18.63
v 10.354 		-0.517 		18.63
v 10.221 		2.184 		24.37
v 1.049 		7.35 		19.678
v 10.35 		2.216 		24.027
v 10.396 		-0.179 		18.63
v 10.258 		2.55 		24.027
v -0.581 		2.946 		15.702
v -3.247 		3.691 		22.235
v -0.696 		2.743 		15.702
v -3.396 		3.356 		22.235
v 10.462 		2.244 		23.677
v 9.344 		-3.834 		23.322
v -3.106 		4.031 		21.868
v 10.368 		2.583 		23.677
v -3.272 		3.703 		21.868
v 9.549 		-3.542 		23.322
v -0.215 		2.982 		15.476
v 10.258 		2.918 		23.677
v -3.421 		3.367 		21.868
v 9.74 		-3.24 		23.322
v 5.103 		-3.98 		15.702
v 2.797 		7.642 		19.323
v -0.332 		2.797 		15.476
v 5.321 		-3.896 		15.702
v 2.505 		0.971 		28.919
v 2.447 		7.599 		19.323
v 2.483 		0.921 		28.919
v 2.1 		7.539 		19.323
v 5.534 		-3.801 		15.702
v -0.44 		2.606 		15.476
v 2.464 		0.871 		28.919
v 2.808 		7.528 		18.973
v 5.743 		-3.696 		15.702
v 2.447 		0.819 		28.919
v 10.131 		2.511 		24.37
v 2.464 		7.485 		18.973
v 2.433 		0.767 		28.919
v 2.122 		7.426 		18.973
v 10.024 		2.834 		24.37
v 10.272 		0.167 		18.293
v -3.114 		4.035 		21.5
v 10.28 		0.5 		18.293
v -3.28 		3.707 		21.5
v -0.801 		2.534 		15.702
v 10.272 		0.833 		18.293
v -3.429 		3.37 		21.5
v 9.408 		-3.882 		22.963
v 2.821 		7.396 		18.63
v 10.149 		2.879 		24.027
v -0.896 		2.321 		15.702
v 9.616 		-3.587 		22.963
v 2.483 		7.354 		18.63
v -3.106 		4.031 		21.132
v 9.809 		-3.282 		22.963
v 10.106 		0.175 		17.965
v -0.98 		2.103 		15.702
v -3.272 		3.703 		21.132
v -3.421 		3.367 		21.132
v 2.148 		7.296 		18.63
v 9.459 		-3.919 		22.6
v 10.114 		0.5 		17.965
v 9.669 		-3.622 		22.6
v 2.122 		0.993 		28.856
v -0.539 		2.41 		15.476
v 9.863 		-3.314 		22.6
v 10.106 		0.825 		17.965
v 10.396 		1.179 		24.37
v 5.21 		-3.628 		15.476
v 2.1 		0.925 		28.856
v -0.628 		2.21 		15.476
v -3.247 		3.691 		20.765
v -3.396 		3.356 		20.765
v 10.354 		1.517 		24.37
v 2.081 		0.856 		28.856
v 2.065 		0.785 		28.856
v 10.296 		1.852 		24.37
v 9.235 		-4.206 		22.6
v 9.925 		0.184 		17.644
v -3.528 		3.015 		22.235
v 9.933 		0.5 		17.644
v 5.287 		-4.493 		16.197
v 1.756 		7.462 		19.323
v 10.528 		1.192 		24.027
v -3.642 		2.667 		22.235
v 5.529 		-4.4 		16.197
v 9.925 		0.816 		17.644
v 1.417 		7.368 		19.323
v 9.27 		-4.235 		22.235
v 10.485 		1.536 		24.027
v -3.74 		2.314 		22.235
v 5.767 		-4.294 		16.197
v 2.4 		0.5 		28.919
v 1.082 		7.258 		19.323
v 10.426 		1.878 		24.027
v 2.421 		0.715 		28.919
v 9.495 		-3.946 		22.235
v 6 		-4.177 		16.197
v 2.411 		0.661 		28.919
v 1.784 		7.35 		18.973
v -3.553 		3.024 		21.868
v 10.642 		1.203 		23.677
v 1.45 		7.258 		18.973
v 9.706 		-3.647 		22.235
v 2.405 		0.608 		28.919
v -3.668 		2.675 		21.868
v 10.599 		1.553 		23.677
v 1.121 		7.149 		18.973
v 9.902 		-3.337 		22.235
v -3.766 		2.32 		21.868
v 10.539 		1.9 		23.677
v 2.401 		0.554 		28.919
v 5.197 		-4.242 		15.943
v -0.707 		2.005 		15.476
v 5.427 		-4.153 		15.943
v 1.816 		7.221 		18.63
v -0.775 		1.797 		15.476
v 10.247 		-0.165 		18.293
v -3.82 		1.956 		22.235
v -0.834 		1.586 		15.476
v -3.883 		1.595 		22.235
v -0.882 		1.372 		15.476
v 10.557 		2.268 		23.322
v -3.928 		1.232 		22.235
v 10.462 		2.612 		23.322
v -0.919 		1.156 		15.476
v 2.037 		0.5 		28.856
v 9.291 		-4.252 		21.868
v 1.489 		7.131 		18.63
v 2.053 		0.715 		28.856
v 10.35 		2.951 		23.322
v 1.166 		7.024 		18.63
v -3.847 		1.961 		21.868
v 9.517 		-3.962 		21.868
v 5.282 		-3.267 		15.264
v 2.044 		0.643 		28.856
v 9.729 		-3.662 		21.868
v -3.91 		1.599 		21.868
v 5.464 		-3.175 		15.264
v 2.039 		0.572 		28.856
v 9.925 		-3.351 		21.868
v -3.955 		1.234 		21.868
v 10.635 		2.287 		22.963
v 10.15 		-0.823 		18.293
v 3.833 		7.272 		18.293
v 10.539 		2.635 		22.963
v 10.207 		-0.495 		18.293
v 10.426 		2.978 		22.963
v 3.5 		7.28 		18.293
v -3.562 		3.027 		21.5
v 3.167 		7.272 		18.293
v 10.696 		2.303 		22.6
v -3.677 		2.677 		21.5
v 9.987 		-0.79 		17.965
v 10.599 		2.654 		22.6
v 10.043 		-0.471 		17.965
v 5.039 		-1.039 		14.323
v -3.775 		2.322 		21.5
v 10.083 		-0.148 		17.965
v -3.553 		3.024 		21.132
v 10.485 		2.999 		22.6
v -3.668 		2.675 		21.132
v 3.825 		7.106 		17.965
v 9.809 		-0.755 		17.644
v -0.074 		2.642 		15.264
v 3.5 		7.114 		17.965
v 2.797 		0.287 		28.964
v 9.863 		-0.444 		17.644
v -0.175 		2.464 		15.264
v 4.512 		-1.015 		14.225
v 2.808 		0.252 		28.964
v 3.175 		7.106 		17.965
v -0.267 		2.282 		15.264
v 9.902 		-0.131 		17.644
v -0.35 		2.095 		15.264
v 3.816 		6.925 		17.644
v 9.524 		-3.968 		21.5
v 3.5 		6.933 		17.644
v -3.766 		2.32 		21.132
v 9.736 		-3.667 		21.5
v 10.74 		1.213 		23.322
v -3.528 		3.015 		20.765
v 3.184 		6.925 		17.644
v 9.933 		-3.356 		21.5
v 10.696 		1.567 		23.322
v -3.642 		2.667 		20.765
v 9.517 		-3.962 		21.132
v 9.729 		-3.662 		21.132
v -3.74 		2.314 		20.765
v 10.635 		1.919 		23.322
v 9.925 		-3.351 		21.132
v 2.766 		0.464 		28.964
v 10.82 		1.221 		22.963
v 9.495 		-3.946 		20.765
v 2.768 		0.428 		28.964
v 10.776 		1.579 		22.963
v 2.773 		0.392 		28.964
v 9.706 		-3.647 		20.765
v 10.715 		1.935 		22.963
v 2.779 		0.357 		28.964
v 3.806 		6.729 		17.333
v 9.729 		0.194 		17.333
v 9.902 		-3.337 		20.765
v -3.856 		1.963 		21.5
v 2.787 		0.321 		28.964
v 3.5 		6.736 		17.333
v 9.736 		0.5 		17.333
v -3.919 		1.6 		21.5
v 10.883 		1.227 		22.6
v 10.839 		1.589 		22.6
v 3.194 		6.729 		17.333
v 9.729 		0.806 		17.333
v -3.964 		1.235 		21.5
v 10.776 		1.947 		22.6
v 3.796 		6.517 		17.032
v -3.847 		1.961 		21.132
v 9.517 		0.204 		17.032
v -3.91 		1.599 		21.132
v 3.5 		6.524 		17.032
v -3.955 		1.234 		21.132
v 9.524 		0.5 		17.032
v 9.298 		-4.258 		21.5
v 9.291 		-4.252 		21.132
v -3.82 		1.956 		20.765
v 9.27 		-4.235 		20.765
v -3.883 		1.595 		20.765
v 9.902 		4.337 		22.235
v -3.928 		1.232 		20.765
v 9.706 		4.647 		22.235
v 9.495 		4.946 		22.235
v 9.925 		4.351 		21.868
v 9.729 		4.662 		21.868
v 9.517 		4.962 		21.868
v 2.821 		0.219 		28.964
v 2.835 		0.186 		28.964
v 1.471 		-1.005 		14.438
v 0 		1 		14.8864
v -0.423 		1.904 		15.264
v 2.852 		0.153 		28.964
v 3.204 		6.517 		17.032
v -0.487 		1.71 		15.264
v 2.869 		0.122 		28.964
v 10.396 		3.356 		22.235
v -0.542 		1.512 		15.264
v 10.247 		3.691 		22.235
v 10.083 		4.018 		22.235
v 10.485 		-1.999 		20.4
v -0.062 		1.976 		15.067
v 10.421 		3.367 		21.868
v 10.272 		3.703 		21.868
v -0.13 		1.799 		15.067
v 10.106 		4.031 		21.868
v -0.19 		1.619 		15.067
v 3.784 		6.291 		16.742
v 9.517 		0.796 		17.032
v -0.314 		6.863 		20.4
v 3.5 		6.298 		16.742
v 9.933 		4.356 		21.5
v -0.622 		6.669 		20.4
v 9.736 		4.667 		21.5
v 3.216 		6.291 		16.742
v 9.524 		4.968 		21.5
v 9.291 		0.216 		16.742
v 10.599 		-1.654 		20.4
v 9.925 		4.351 		21.132
v 9.298 		0.5 		16.742
v 9.729 		4.662 		21.132
v -0.919 		6.459 		20.4
v 9.517 		4.962 		21.132
v 10.696 		-1.303 		20.4
v 9.291 		0.784 		16.742
v 9.902 		4.337 		20.765
v -0.282 		6.809 		20.037
v 9.706 		4.647 		20.765
v 10.426 		-1.978 		20.037
v -0.587 		1.313 		15.264
v -0.587 		6.616 		20.037
v -0.622 		1.111 		15.264
v 9.495 		4.946 		20.765
v 10.539 		-1.635 		20.037
v 3.773 		6.05 		16.463
v 2.889 		0.092 		28.964
v 2.91 		0.062 		28.964
v 3.5 		6.057 		16.463
v 10.635 		-1.287 		20.037
v 3.227 		6.05 		16.463
v 2.932 		0.034 		28.964
v 2.955 		0.006 		28.964
v -0.24 		1.437 		15.067
v -0.882 		6.408 		20.037
v -0.282 		1.252 		15.067
v 9.616 		-0.717 		17.333
v 10.35 		-1.951 		19.678
v 10.462 		-1.612 		19.678
v -0.314 		1.066 		15.067
v 9.669 		-0.415 		17.333
v 10.557 		-1.268 		19.678
v 2.98 		-0.02 		28.964
v 10.429 		3.37 		21.5
v 9.706 		-0.111 		17.333
v 10.28 		3.707 		21.5
v -0.24 		6.74 		19.678
v 2.835 		7.247 		18.293
v 10.114 		4.035 		21.5
v 9.344 		-0.964 		17.032
v -0.542 		6.549 		19.678
v 2.505 		7.207 		18.293
v 10.421 		3.367 		21.132
v -0.834 		6.344 		19.678
v 9.408 		-0.675 		17.032
v 10.272 		3.703 		21.132
v 2.488 		-1.015 		14.225
v 10.106 		4.031 		21.132
v 9.459 		-0.384 		17.032
v 10.354 		-2.339 		20.4
v -1.177 		3 		16.197
v 9.495 		-0.09 		17.032
v 1.961 		-1.039 		14.323
v -1.294 		2.767 		16.197
v 10.396 		3.356 		20.765
v 10.296 		-2.315 		20.037
v 2 		-1 		14.3077
v 2.177 		7.15 		18.293
v -1.4 		2.529 		16.197
v 10.247 		3.691 		20.765
v 10.221 		-2.284 		19.678
v 5.005 		-1.529 		14.438
v -1.493 		2.287 		16.197
v 10.083 		4.018 		20.765
v 10.043 		-2.997 		20.4
v -1.575 		2.039 		16.197
v 10.207 		-2.672 		20.4
v -0.19 		6.656 		19.323
v 9.987 		-2.968 		20.037
v 2.852 		7.083 		17.965
v -0.487 		6.468 		19.323
v 10.15 		-2.645 		20.037
v -1.053 		2.653 		15.943
v 9.916 		-2.93 		19.678
v -0.775 		6.265 		19.323
v 9.235 		-0.351 		16.742
v 2.529 		7.043 		17.965
v 10.077 		-2.611 		19.678
v 9.27 		-0.068 		16.742
v 10.74 		2.314 		22.235
v -0.13 		6.557 		18.973
v 2.21 		6.987 		17.965
v -0.423 		6.371 		18.973
v 10.642 		2.667 		22.235
v 2.869 		6.902 		17.644
v -0.707 		6.172 		18.973
v 10.528 		3.015 		22.235
v 4.853 		-2.031 		14.571
v 4.976 		-1.962 		14.571
v 9.05 		0.227 		16.463
v 2.556 		6.863 		17.644
v 10.766 		2.32 		21.868
v -0.062 		6.443 		18.63
v 10.258 		-1.918 		19.323
v 9.057 		0.5 		16.463
v -0.35 		6.261 		18.63
v 10.668 		2.675 		21.868
v 2.401 		0.446 		28.919
v 2.245 		6.809 		17.644
v 5.095 		-1.886 		14.571
v 10.368 		-1.583 		19.323
v 9.05 		0.773 		16.463
v 10.553 		3.024 		21.868
v 2.405 		0.392 		28.919
v 10.462 		-1.244 		19.323
v 2.411 		0.339 		28.919
v 4.691 		-1.728 		14.438
v 10.149 		-1.879 		18.973
v 2.421 		0.285 		28.919
v 10.258 		-1.55 		18.973
v 4.799 		-1.667 		14.438
v 10.35 		-1.216 		18.973
v 2.433 		0.233 		28.919
v 4.904 		-1.601 		14.438
v -1.153 		2.427 		15.943
v 10.928 		1.232 		22.235
v 10.024 		-1.834 		18.63
v 2.039 		0.428 		28.856
v -0.98 		5.959 		18.973
v 1.853 		7.077 		18.293
v -1.242 		2.197 		15.943
v 10.883 		1.595 		22.235
v 2.044 		0.357 		28.856
v -0.628 		6.066 		18.63
v 10.131 		-1.511 		18.63
v 1.532 		6.988 		18.293
v 10.82 		1.956 		22.235
v 2.053 		0.285 		28.856
v -0.896 		5.856 		18.63
v 1.216 		6.884 		18.293
v 10.221 		-1.184 		18.63
v 10.955 		1.234 		21.868
v 9.124 		-0.909 		16.742
v 10.91 		1.599 		21.868
v 9.186 		-0.631 		16.742
v 10.847 		1.961 		21.868
v 8.891 		-0.85 		16.463
v -1.644 		1.789 		16.197
v 1.893 		6.916 		17.965
v 8.95 		-0.584 		16.463
v -1.701 		1.535 		16.197
v 1.58 		6.83 		17.965
v -1.206 		6.235 		20.4
v -1.746 		1.278 		16.197
v 8.997 		-0.315 		16.463
v -1.167 		6.186 		20.037
v 1.272 		6.728 		17.965
v -1.778 		1.02 		16.197
v 10.775 		2.322 		21.5
v -1.32 		1.962 		15.943
v 10.677 		2.677 		21.5
v 9.83 		-2.883 		19.323
v 9.03 		-0.045 		16.463
v 10.562 		3.027 		21.5
v -1.386 		1.724 		15.943
v 4.114 		-1.951 		14.438
v 2.447 		0.181 		28.919
v 9.988 		-2.569 		19.323
v 10.766 		2.32 		21.132
v 10.668 		2.675 		21.132
v -1.44 		1.483 		15.943
v 2.464 		0.129 		28.919
v 4.233 		-1.918 		14.438
v 10.131 		-2.247 		19.323
v 10.553 		3.024 		21.132
v 2.483 		0.079 		28.919
v -1.482 		1.239 		15.943
v 9.728 		-2.829 		18.973
v 4.351 		-1.879 		14.438
v 2.505 		0.029 		28.919
v 9.884 		-2.519 		18.973
v 10.74 		2.314 		20.765
v 4.467 		-1.834 		14.438
v 10.024 		-2.202 		18.973
v 2.529 		-0.019 		28.919
v 1.937 		6.74 		17.644
v 10.642 		2.667 		20.765
v 1.633 		6.656 		17.644
v 6 		5.177 		16.197
v 10.528 		3.015 		20.765
v 1.333 		6.557 		17.644
v 4.58 		-1.784 		14.438
v 5.767 		5.294 		16.197
v 1.038 		6.443 		17.644
v 5.529 		5.4 		16.197
v 9.443 		-3.062 		18.63
v -1.115 		6.124 		19.678
v 5.287 		5.493 		16.197
v -1.053 		1.881 		15.702
v 2.065 		0.215 		28.856
v 2.081 		0.144 		28.856
v -1.115 		1.656 		15.702
v -1.482 		5.997 		20.4
v 10.964 		1.235 		21.5
v 2.889 		6.706 		17.333
v 2.1 		0.075 		28.856
v -1.167 		1.428 		15.702
v -1.746 		5.746 		20.4
v 10.919 		1.6 		21.5
v 3.624 		-2.024 		14.438
v 2.585 		6.669 		17.333
v 10.856 		1.963 		21.5
v -1.206 		1.198 		15.702
v 5.427 		5.153 		15.943
v 3.748 		-2.015 		14.438
v 2.122 		0.007 		28.856
v 10.955 		1.234 		21.132
v -1.997 		5.482 		20.4
v 2.283 		6.616 		17.333
v 9.611 		-2.766 		18.63
v 5.197 		5.242 		15.943
v 10.91 		1.599 		21.132
v 10.847 		1.961 		21.132
v 9.764 		-2.463 		18.63
v 3.871 		-1.999 		14.438
v 9.902 		-2.152 		18.63
v 3.993 		-1.978 		14.438
v 10.928 		1.232 		20.765
v 2.91 		6.495 		17.032
v 10.883 		1.595 		20.765
v 7.25 		4.25 		16.197
v 2.616 		6.459 		17.032
v -0.968 		0.5 		15.476
v -0.962 		0.281 		15.476
v 10.82 		1.956 		20.765
v 2.325 		6.408 		17.032
v -1.44 		5.95 		20.037
v 2.036 		6.344 		17.032
v -0.946 		0.062 		15.476
v 1.678 		0.5 		28.775
v 1.732 		0.943 		28.775
v -0.946 		0.938 		15.476
v 3.129 		-1.999 		14.438
v 1.713 		0.856 		28.775
v 3.252 		-2.015 		14.438
v -0.962 		0.719 		15.476
v 7.76 		3.659 		16.197
v 1.697 		0.767 		28.775
v 7.6 		3.864 		16.197
v -1.701 		5.701 		20.037
v 1.686 		0.679 		28.775
v 3.376 		-2.024 		14.438
v 2.932 		6.27 		16.742
v 9.235 		5.206 		20.4
v 1.68 		0.589 		28.775
v 7.429 		4.061 		16.197
v -1.95 		5.44 		20.037
v 2.649 		6.235 		16.742
v 3.5 		-2.027 		14.438
v 7.393 		3.695 		15.943
v 2.369 		6.186 		16.742
v 7.232 		3.882 		15.943
v 9.863 		4.314 		20.4
v 2.091 		6.124 		16.742
v 9.549 		-1.015 		17.333
v 9.669 		4.622 		20.4
v -0.919 		-0.156 		15.476
v -1.386 		5.891 		19.678
v -0.882 		-0.372 		15.476
v -1.644 		5.644 		19.678
v 9.459 		4.919 		20.4
v -1.891 		5.386 		19.678
v -0.834 		-0.586 		15.476
v -0.775 		-0.797 		15.476
v 9.809 		4.282 		20.037
v 8.049 		3.226 		16.197
v 1.985 		6.549 		17.333
v -0.707 		-1.005 		15.476
v 1.323 		0.5 		28.677
v 9.616 		4.587 		20.037
v 1.365 		0.925 		28.677
v 1.69 		6.468 		17.333
v 9.884 		-1.784 		18.293
v 9.408 		4.882 		20.037
v 4.976 		-3.062 		15.067
v 1.346 		0.819 		28.677
v 1.399 		6.371 		17.333
v 9.988 		-1.468 		18.293
v 4.19 		-2.968 		14.886
v 1.114 		6.261 		17.333
v 7.91 		3.446 		16.197
v 1.333 		0.713 		28.677
v 4.359 		-2.93 		14.886
v -2.235 		5.206 		20.4
v 7.82 		3.089 		15.943
v 1.751 		6.265 		17.032
v 1.325 		0.607 		28.677
v -2.186 		5.167 		20.037
v 4.526 		-2.883 		14.886
v 9.74 		4.24 		19.678
v 7.688 		3.298 		15.943
v 1.471 		6.172 		17.032
v -0.018 		0.153 		14.886
v 7.546 		3.5 		15.943
v 9.549 		4.542 		19.678
v 10.077 		-1.147 		18.293
v 4.691 		-2.829 		14.886
v 9.344 		4.834 		19.678
v -2.124 		5.115 		19.678
v 9.611 		-2.031 		17.965
v 4.853 		-2.766 		14.886
v 9.728 		-1.728 		17.965
v -0.018 		0.847 		14.886
v 9.83 		-1.42 		17.965
v 5.012 		-2.696 		14.886
v -1.053 		6.048 		19.323
v 2.955 		6.03 		16.463
v 9.916 		-1.107 		17.965
v 2.685 		5.997 		16.463
v -1.32 		5.818 		19.323
v 2.416 		5.95 		16.463
v 7.456 		3.143 		15.702
v 2.15 		5.891 		16.463
v 7.322 		3.334 		15.702
v -1.575 		5.575 		19.323
v 7.178 		3.518 		15.702
v -1.818 		5.32 		19.323
v -0.667 		0.5 		15.264
v -0.647 		0.908 		15.264
v -0.662 		0.704 		15.264
v 1.68 		0.411 		28.775
v -1.242 		5.732 		18.973
v 1.686 		0.321 		28.775
v 9.443 		-1.962 		17.644
v 1.697 		0.233 		28.775
v -1.493 		5.493 		18.973
v 9.557 		-1.667 		17.644
v 1.713 		0.144 		28.775
v 4.727 		-2.463 		14.72
v -0.356 		0.5 		15.067
v 9.656 		-1.367 		17.644
v 4.871 		-2.399 		14.72
v 1.195 		6.066 		17.032
v 1.732 		0.057 		28.775
v 9.74 		-1.063 		17.644
v 10.354 		3.339 		20.4
v -0.337 		0.878 		15.067
v 10.207 		3.672 		20.4
v 6.864 		4.6 		16.197
v 5.012 		-2.328 		14.72
v -0.351 		0.689 		15.067
v -1.732 		5.242 		18.973
v 6.659 		4.76 		16.197
v 1.817 		6.048 		16.742
v -0.035 		0.5 		14.886
v 4.598 		-2.152 		14.571
v 1.547 		5.959 		16.742
v 6.446 		4.91 		16.197
v -0.031 		0.673 		14.886
v 4.727 		-2.095 		14.571
v 9.315 		-2.986 		18.293
v 1.281 		5.856 		16.742
v 6.226 		5.049 		16.197
v 9.479 		-2.696 		18.293
v 1.021 		5.741 		16.742
v -1.153 		5.634 		18.63
v 9.629 		-2.399 		18.293
v 1.887 		5.818 		16.463
v -1.4 		5.4 		18.63
v 9.764 		-2.095 		18.293
v 6.298 		4.688 		15.943
v 1.628 		5.732 		16.463
v -0.662 		0.296 		15.264
v -1.634 		5.153 		18.63
v 9.333 		-2.618 		17.965
v 10.043 		3.997 		20.4
v -0.647 		0.092 		15.264
v 1.373 		5.634 		16.463
v 4.431 		-2.569 		14.72
v 1.124 		5.524 		16.463
v 9.479 		-2.328 		17.965
v 4.58 		-2.519 		14.72
v -0.351 		0.311 		15.067
v 10.296 		3.315 		20.037
v 1.325 		0.393 		28.677
v -0.337 		0.122 		15.067
v 10.15 		3.645 		20.037
v 9.315 		-2.25 		17.644
v 4.197 		-2.284 		14.571
v 7.061 		4.429 		16.197
v 4.333 		-2.247 		14.571
v 9.987 		3.968 		20.037
v -0.031 		0.327 		14.886
v 6.882 		4.232 		15.943
v 4.467 		-2.202 		14.571
v 9.261 		-1.886 		17.333
v -0.267 		6.137 		18.293
v 10.221 		3.284 		19.678
v 6.695 		4.393 		15.943
v 9.371 		-1.601 		17.333
v 10.077 		3.611 		19.678
v 6.5 		4.546 		15.943
v 9.468 		-1.31 		17.333
v 9.916 		3.93 		19.678
v 1.333 		0.287 		28.677
v 0.834 		6.137 		25.667
v -0.539 		5.946 		18.293
v 1.346 		0.181 		28.677
v -0.801 		5.741 		18.293
v 1.365 		0.075 		28.677
v 9.265 		-1.249 		17.032
v 0.88 		5.401 		26.537
v 6.518 		4.178 		15.702
v -0.175 		6 		17.965
v 0.643 		5.267 		26.537
v 4.126 		-2.645 		14.72
v 6.334 		4.322 		15.702
v -0.44 		5.813 		17.965
v 4.279 		-2.611 		14.72
v 0.413 		5.121 		26.537
v 9.459 		-3.919 		20.4
v -0.696 		5.613 		17.965
v 9.669 		-3.622 		20.4
v 6.143 		4.456 		15.702
v 0.767 		5.613 		26.258
v -0.942 		5.401 		17.965
v 9.863 		-3.314 		20.4
v 9.656 		4.19 		19.323
v 0.519 		5.473 		26.258
v 0.279 		5.321 		26.258
v 9.468 		4.487 		19.323
v 0.046 		5.157 		26.258
v 9.408 		-3.882 		20.037
v 6.161 		4.089 		15.476
v 3.006 		-0.045 		28.964
v 9.616 		-3.587 		20.037
v 3.034 		-0.068 		28.964
v 9.265 		4.775 		19.323
v 9.809 		-3.282 		20.037
v 9.557 		4.13 		18.973
v -0.074 		5.849 		17.644
v 3.153 		-3.018 		14.886
v 6.089 		4.82 		15.943
v -0.332 		5.667 		17.644
v 3.327 		-3.031 		14.886
v 5.874 		4.942 		15.943
v 9.371 		4.423 		18.973
v -0.581 		5.473 		17.644
v 5.653 		5.053 		15.943
v 0.924 		5.946 		25.968
v 3.5 		-3.035 		14.886
v -0.82 		5.267 		17.644
v 0.66 		5.813 		25.968
v 3.673 		-3.031 		14.886
v 0.403 		5.667 		25.968
v 9.261 		4.35 		18.63
v 3.847 		-3.018 		14.886
v 5.743 		4.696 		15.702
v -0.622 		-0.111 		15.264
v 0.153 		5.509 		25.968
v 5.534 		4.801 		15.702
v 4.019 		-2.997 		14.886
v -0.587 		-0.313 		15.264
v 5.321 		4.896 		15.702
v 9.344 		-3.834 		19.678
v 5.103 		4.98 		15.702
v -0.542 		-0.512 		15.264
v 0.56 		6 		25.667
v 9.549 		-3.542 		19.678
v 0.294 		5.849 		25.667
v -0.314 		-0.066 		15.067
v -0.215 		5.509 		17.333
v 9.74 		-3.24 		19.678
v 10.131 		3.247 		19.323
v -0.282 		-0.252 		15.067
v 5.21 		4.628 		15.476
v -0.456 		5.321 		17.333
v 0.035 		5.685 		25.667
v 9.988 		3.569 		19.323
v 2.556 		-0.066 		28.919
v 3.641 		-2.367 		14.571
v -0.688 		5.121 		17.333
v 9.83 		3.883 		19.323
v 2.585 		-0.111 		28.919
v 2.616 		-0.156 		28.919
v 3.781 		-2.356 		14.571
v 10.024 		3.202 		18.973
v -0.24 		-0.437 		15.067
v -0.089 		5.339 		17.032
v 9.235 		-4.206 		20.4
v 5.946 		4.581 		15.702
v 2.649 		-0.198 		28.919
v 9.884 		3.519 		18.973
v -0.322 		5.157 		17.032
v 3.921 		-2.339 		14.571
v 2.685 		-0.239 		28.919
v 5.982 		4.215 		15.476
v 9.728 		3.829 		18.973
v 5.797 		4.332 		15.476
v 4.06 		-2.315 		14.571
v 2.722 		-0.278 		28.919
v 9.265 		-3.775 		19.323
v 9.468 		-3.487 		19.323
v -0.487 		-0.71 		15.264
v 5.606 		4.44 		15.476
v 9.656 		-3.19 		19.323
v -0.423 		-0.904 		15.264
v 5.41 		4.539 		15.476
v -1.053 		5.524 		18.293
v 9.371 		-3.423 		18.973
v -0.19 		-0.619 		15.067
v -1.294 		5.294 		18.293
v 9.557 		-3.13 		18.973
v 9.902 		3.152 		18.63
v -0.13 		-0.799 		15.067
v 9.261 		-3.35 		18.63
v 9.764 		3.463 		18.63
v -1.177 		5.177 		17.965
v 0.75 		6.315 		25.356
v -0.062 		-0.976 		15.067
v 3.079 		-2.339 		14.571
v 0.468 		6.173 		25.356
v 2.802 		-0.351 		28.919
v 9.611 		3.766 		18.63
v 3.219 		-2.356 		14.571
v 2.844 		-0.384 		28.919
v 3.359 		-2.367 		14.571
v 2.889 		-0.415 		28.919
v 9.443 		4.062 		18.63
v 7.061 		4.061 		15.943
v 3.5 		-2.37 		14.571
v 2.934 		-0.444 		28.919
v 0.969 		6.611 		25.035
v 2.981 		-0.471 		28.919
v 7.025 		3.695 		15.702
v -1.803 		0.5 		16.197
v 8.856 		-3.896 		24.37
v 0.672 		6.479 		25.035
v -1.797 		0.76 		16.197
v 6.864 		3.864 		15.702
v 9.066 		-3.628 		24.37
v 3.029 		-0.495 		28.919
v 6.695 		4.025 		15.702
v 10.696 		2.303 		20.4
v -1.537 		0.5 		15.943
v 10.599 		2.654 		20.4
v 0.382 		6.333 		25.035
v 6.659 		3.659 		15.476
v 8.959 		-3.98 		24.027
v -2.459 		4.919 		20.4
v -1.512 		0.994 		15.943
v 0.1 		6.173 		25.035
v -2.669 		4.622 		20.4
v 9.172 		-3.707 		24.027
v 6.5 		3.81 		15.476
v -1.531 		0.747 		15.943
v 3.186 		-2.691 		14.72
v -2.863 		4.314 		20.4
v 3.343 		-2.703 		14.72
v 6.334 		3.954 		15.476
v 0.905 		6.764 		24.707
v 3.5 		-2.707 		14.72
v 0.601 		6.629 		24.707
v -2.408 		4.882 		20.037
v 10.485 		2.999 		20.4
v 0.304 		6.479 		24.707
v 9.048 		-4.053 		23.677
v 3.657 		-2.703 		14.72
v -2.616 		4.587 		20.037
v -1.797 		0.24 		16.197
v 0.014 		6.315 		24.707
v 10.635 		2.287 		20.037
v -1.778 		-0.02 		16.197
v -2.809 		4.282 		20.037
v 2.761 		-0.315 		28.919
v 10.539 		2.635 		20.037
v -1.531 		0.253 		15.943
v 10.426 		2.978 		20.037
v 7.089 		3.161 		15.476
v -1.512 		0.006 		15.943
v 8.4 		-4.4 		24.37
v 6.954 		3.334 		15.476
v 6.81 		3.5 		15.476
v 8.634 		-4.153 		24.37
v 10.557 		2.268 		19.678
v 3.814 		-2.691 		14.72
v 8.242 		-4.732 		24.027
v -2.344 		4.834 		19.678
v 10.462 		2.612 		19.678
v 3.971 		-2.672 		14.72
v -1.258 		0.5 		15.702
v -1.252 		0.267 		15.702
v 8.493 		-4.493 		24.027
v 0.193 		6.018 		25.356
v -2.549 		4.542 		19.678
v 2.148 		-0.06 		28.856
v 2.177 		-0.126 		28.856
v 10.35 		2.951 		19.678
v 8.732 		-4.242 		24.027
v -1.235 		0.034 		15.702
v -2.74 		4.24 		19.678
v 2.21 		-0.19 		28.856
v -1.235 		0.966 		15.702
v 8.32 		-4.818 		23.677
v 0.857 		3.721 		27.736
v 0.702 		3.587 		27.736
v 2.245 		-0.252 		28.856
v -1.252 		0.733 		15.702
v 8.575 		-4.575 		23.677
v 8.818 		-4.32 		23.677
v -3.043 		3.997 		20.4
v 0.911 		3.357 		27.933
v -2.987 		3.968 		20.037
v 0.774 		3.226 		27.933
v 5.642 		4.074 		15.264
v -2.916 		3.93 		19.678
v 5.464 		4.175 		15.264
v -3.077 		3.611 		19.678
v -1.746 		-0.278 		16.197
v 10.883 		1.227 		20.4
v 5.282 		4.267 		15.264
v 2.283 		-0.313 		28.856
v 10.839 		1.589 		20.4
v 7.628 		-5.066 		24.37
v 0.643 		3.089 		27.933
v 2.325 		-0.372 		28.856
v -1.701 		-0.535 		16.197
v 10.776 		1.947 		20.4
v 4.619 		-1.367 		14.323
v 7.896 		-4.856 		24.37
v -2.048 		5.053 		19.323
v 4.71 		-1.31 		14.323
v -1.644 		-0.789 		16.197
v -1.959 		4.98 		18.973
v 10.82 		1.221 		20.037
v 0.554 		3.446 		27.736
v 2.369 		-0.428 		28.856
v 8.153 		-4.634 		24.37
v 2.416 		-0.483 		28.856
v -1.575 		-1.039 		16.197
v 10.776 		1.579 		20.037
v 0.413 		3.298 		27.736
v 2.465 		-0.535 		28.856
v -1.482 		-0.239 		15.943
v -1.856 		4.896 		18.63
v 7.98 		-4.959 		24.027
v 10.715 		1.935 		20.037
v -1.44 		-0.483 		15.943
v 0.279 		3.143 		27.736
v 4.797 		-1.249 		14.323
v -2.066 		4.628 		18.63
v -1.386 		-0.724 		15.943
v -1.32 		-0.962 		15.943
v 6.721 		3.143 		15.264
v 10.74 		1.213 		19.678
v 8.053 		-5.048 		23.677
v 6.587 		3.298 		15.264
v 10.696 		1.567 		19.678
v -2.265 		4.775 		19.323
v 6.446 		3.446 		15.264
v 4.881 		-1.183 		14.323
v -2.468 		4.487 		19.323
v 10.635 		1.919 		19.678
v 9.124 		-4.115 		23.322
v 0.839 		4.089 		27.524
v -2.656 		4.19 		19.323
v 6.298 		3.587 		15.264
v 0.857 		4.456 		27.298
v -2.172 		4.707 		18.973
v 6.143 		3.721 		15.264
v 0.666 		4.322 		27.298
v 8.386 		-4.891 		23.322
v -2.371 		4.423 		18.973
v 0.482 		4.178 		27.298
v 8.644 		-4.644 		23.322
v 2.81 		-0.79 		28.856
v -2.557 		4.13 		18.973
v -1.206 		-0.198 		15.702
v 8.891 		-4.386 		23.322
v 6.357 		3.089 		15.067
v -1.167 		-0.428 		15.702
v -2.261 		4.35 		18.63
v 4.962 		-1.113 		14.323
v 10.462 		2.244 		19.323
v 10.368 		2.583 		19.323
v 6.226 		3.226 		15.067
v 10.258 		2.918 		19.323
v 0.911 		4.82 		27.057
v 2.572 		-0.631 		28.856
v -1.115 		-0.656 		15.702
v 10.35 		2.216 		18.973
v 2.628 		-0.675 		28.856
v 10.258 		2.55 		18.973
v 2.687 		-0.717 		28.856
v -1.053 		-0.881 		15.702
v -2.83 		3.883 		19.323
v 8.44 		-4.95 		22.963
v 2.748 		-0.755 		28.856
v 10.149 		2.879 		18.973
v 8.701 		-4.701 		22.963
v -2.988 		3.569 		19.323
v 0.702 		4.688 		27.057
v 8.95 		-4.44 		22.963
v 4.114 		-1.216 		14.225
v 5.982 		3.847 		15.264
v -2.728 		3.829 		18.973
v 4.197 		-1.184 		14.225
v 5.815 		3.965 		15.264
v 9.186 		-4.167 		22.963
v 10.221 		2.184 		18.63
v 0.774 		5.049 		26.803
v 10.131 		2.511 		18.63
v 8.482 		-4.997 		22.6
v 4.279 		-1.147 		14.225
v 2.874 		-0.823 		28.856
v 10.024 		2.834 		18.63
v 0.554 		4.91 		26.803
v 8.746 		-4.746 		22.6
v 5.797 		3.597 		15.067
v 4.359 		-1.107 		14.225
v 2.94 		-0.852 		28.856
v 8.997 		-4.482 		22.6
v -0.942 		-1.874 		15.943
v 5.642 		3.706 		15.067
v 4.437 		-1.063 		14.225
v 0.341 		4.76 		26.803
v 3.007 		-0.878 		28.856
v 0.136 		4.6 		26.803
v 10.642 		1.203 		19.323
v -0.98 		-1.103 		15.702
v 10.599 		1.553 		19.323
v 5.482 		3.807 		15.067
v -0.896 		-1.321 		15.702
v 10.539 		1.9 		19.323
v -2.884 		3.519 		18.973
v 5.318 		3.9 		15.067
v 10.528 		1.192 		18.973
v -0.801 		-1.534 		15.702
v 8.115 		-5.124 		23.322
v -3.024 		3.202 		18.973
v 4.233 		-1.55 		14.323
v 5.149 		3.986 		15.067
v 10.485 		1.536 		18.973
v 4.333 		-1.511 		14.323
v 10.426 		1.878 		18.973
v 2.517 		-0.584 		28.856
v -0.628 		-1.21 		15.476
v 7.35 		-5.261 		24.37
v 4.431 		-1.468 		14.323
v -0.539 		-1.41 		15.476
v 2.036 		-0.586 		28.775
v 5.167 		3.618 		14.886
v 7.423 		-5.371 		24.027
v 2.091 		-0.656 		28.775
v 4.526 		-1.42 		14.323
v -2.443 		4.062 		18.63
v 7.707 		-5.172 		24.027
v 2.15 		-0.724 		28.775
v 10.396 		1.179 		18.63
v 7.19 		-5.656 		23.677
v -2.611 		3.766 		18.63
v 2.211 		-0.789 		28.775
v 7.487 		-5.468 		23.677
v 10.354 		1.517 		18.63
v 7.775 		-5.265 		23.677
v 10.296 		1.852 		18.63
v -2.764 		3.463 		18.63
v -2.902 		3.152 		18.63
v 6.089 		3.357 		15.067
v -0.696 		-1.743 		15.702
v 5.946 		3.481 		15.067
v -0.581 		-1.946 		15.702
v 0.5 		4.546 		27.057
v -0.44 		-1.606 		15.476
v 4.132 		-1.583 		14.323
v 5.874 		3.12 		14.886
v 0.305 		4.393 		27.057
v -0.332 		-1.797 		15.476
v -0.215 		-1.982 		15.476
v 5.743 		3.233 		14.886
v 0.118 		4.232 		27.057
v 2.276 		-0.85 		28.775
v 3.589 		-1.32 		14.225
v 2.344 		-0.909 		28.775
v 5.606 		3.34 		14.886
v 2.414 		-0.964 		28.775
v 3.679 		-1.314 		14.225
v 5.464 		3.44 		14.886
v 9.764 		3.095 		18.293
v 8.206 		-5.235 		22.6
v 3.767 		-1.303 		14.225
v 5.318 		3.532 		14.886
v 9.629 		3.399 		18.293
v 0.666 		3.954 		27.524
v 3.856 		-1.287 		14.225
v 9.479 		3.696 		18.293
v -3.024 		2.834 		18.63
v 7.24 		-5.74 		23.322
v 3.943 		-1.268 		14.225
v 7.542 		-5.549 		23.322
v 9.315 		3.986 		18.293
v 7.834 		-5.344 		23.322
v 4.029 		-1.244 		14.225
v 1.756 		-0.029 		28.775
v 1.784 		-0.114 		28.775
v 1.816 		-0.197 		28.775
v 9.479 		3.328 		17.965
v -0.91 		-2.446 		16.197
v 1.853 		-0.279 		28.775
v 9.333 		3.618 		17.965
v -0.91 		4.91 		17.333
v -0.82 		-2.089 		15.943
v 0.5 		3.81 		27.524
v 5.41 		3.076 		14.72
v -0.688 		-2.298 		15.943
v -0.546 		4.964 		17.032
v 0.341 		3.659 		27.524
v -0.546 		-2.5 		15.943
v 5.282 		3.166 		14.72
v 7.282 		-5.809 		22.963
v -0.76 		4.76 		17.032
v 0.305 		4.025 		27.298
v 7.587 		-5.616 		22.963
v 5.149 		3.25 		14.72
v -0.964 		4.546 		17.032
v 0.136 		3.864 		27.298
v 7.882 		-5.408 		22.963
v -0.76 		-2.659 		16.197
v 3.057 		-1.268 		14.225
v 1.893 		-0.359 		28.775
v -0.6 		-2.864 		16.197
v 1.937 		-0.437 		28.775
v 8.167 		-5.186 		22.963
v 3.144 		-1.287 		14.225
v -0.429 		-3.061 		16.197
v 1.985 		-0.512 		28.775
v 7.314 		-5.863 		22.6
v 3.233 		-1.303 		14.225
v 7.622 		-5.669 		22.6
v 3.321 		-1.314 		14.225
v -0.178 		4.982 		16.742
v -0.393 		-2.695 		15.943
v 1.532 		-0.431 		28.677
v -0.232 		-2.882 		15.943
v -0.393 		4.796 		16.742
v 3.411 		-1.32 		14.225
v 7.919 		-5.459 		22.6
v 8.575 		2.039 		16.197
v -0.061 		-3.061 		15.943
v 1.58 		-0.526 		28.677
v 3.5 		-1.322 		14.225
v -0.6 		4.6 		16.742
v 0.19 		3.5 		27.524
v 8.493 		2.287 		16.197
v 0.046 		3.334 		27.524
v 9.315 		3.25 		17.644
v 8.4 		2.529 		16.197
v -0.025 		4.796 		16.463
v 8.294 		2.767 		16.197
v -0.232 		4.618 		16.463
v 8.177 		3 		16.197
v 6.152 		-5.902 		24.37
v 10.077 		2.147 		18.293
v 8.242 		2.197 		15.943
v 6.463 		-5.764 		24.37
v 1.388 		-0.029 		28.677
v 6.766 		-5.611 		24.37
v 1.417 		-0.132 		28.677
v 9.988 		2.468 		18.293
v 1.45 		-0.233 		28.677
v -0.796 		4.393 		16.742
v 7.062 		-5.443 		24.37
v 9.884 		2.784 		18.293
v 3.607 		-1.675 		14.323
v -0.982 		4.178 		16.742
v 1.489 		-0.333 		28.677
v -0.456 		-2.143 		15.702
v -0.429 		4.429 		16.463
v 3.713 		-1.667 		14.323
v -0.322 		-2.334 		15.702
v -0.618 		4.232 		16.463
v -0.178 		-2.518 		15.702
v 3.819 		-1.654 		14.323
v 9.916 		2.107 		17.965
v 9.83 		2.42 		17.965
v 3.925 		-1.635 		14.323
v 9.728 		2.728 		17.965
v 4.029 		-1.612 		14.323
v 1.633 		-0.619 		28.677
v 6.202 		-6.024 		24.027
v 9.611 		3.031 		17.965
v 1.69 		-0.71 		28.677
v -0.025 		-2.695 		15.702
v 0.19 		4.964 		26.537
v 6.519 		-5.884 		24.027
v 1.751 		-0.797 		28.677
v 6.829 		-5.728 		24.027
v 8.153 		2.427 		15.943
v -0.796 		4.025 		16.463
v -0.964 		3.81 		16.463
v 7.13 		-5.557 		24.027
v 1.817 		-0.881 		28.677
v 1.887 		-0.962 		28.677
v 8.053 		2.653 		15.943
v 3.075 		-1.635 		14.323
v 6.247 		-6.131 		23.677
v 3.181 		-1.654 		14.323
v -1.524 		5.053 		18.293
v 0.716 		7.221 		23.322
v 9.74 		2.063 		17.644
v 6.569 		-5.988 		23.677
v 3.287 		-1.667 		14.323
v -0.089 		-2.161 		15.476
v -1.741 		4.801 		18.293
v 0.685 		7.296 		22.963
v 3.393 		-1.675 		14.323
v 6.883 		-5.83 		23.677
v 9.656 		2.367 		17.644
v 0.355 		7.15 		22.963
v -1.946 		4.539 		18.293
v 7.942 		2.874 		15.943
v 9.557 		2.667 		17.644
v 3.5 		-1.677 		14.323
v 0.661 		7.354 		22.6
v 9.443 		2.962 		17.644
v -1.401 		4.942 		17.965
v 0.328 		7.207 		22.6
v -1.613 		4.696 		17.965
v -1.813 		4.44 		17.965
v 1.022 		0.993 		28.562
v 0.848 		6.902 		24.37
v 5.511 		-6.131 		24.37
v 0.537 		6.764 		24.37
v 1.001 		0.871 		28.562
v 10.247 		1.165 		18.293
v 0.234 		6.611 		24.37
v 5.834 		-6.024 		24.37
v 10.207 		1.495 		18.293
v -0.35 		-1.095 		15.264
v -0.267 		-1.282 		15.264
v 10.15 		1.823 		18.293
v -0.175 		-1.464 		15.264
v 5.879 		-6.149 		24.027
v -2 		4.175 		17.965
v 10.083 		1.148 		17.965
v -0.074 		-1.642 		15.264
v 0.798 		7.024 		24.027
v 10.043 		1.471 		17.965
v 0.481 		6.884 		24.027
v 5.184 		-6.221 		24.37
v 0.171 		6.728 		24.027
v 1.001 		0.129 		28.562
v 9.987 		1.79 		17.965
v 5.216 		-6.35 		24.027
v 7.696 		2.743 		15.702
v 0.753 		7.131 		23.677
v 2.649 		-1.879 		14.438
v 1.022 		0.007 		28.562
v 7.581 		2.946 		15.702
v 5.55 		-6.258 		24.027
v 2.767 		-1.918 		14.438
v 0.431 		6.988 		23.677
v 7.44 		2.606 		15.476
v 9.902 		1.131 		17.644
v 7.332 		2.797 		15.476
v 0.117 		6.83 		23.677
v 2.886 		-1.951 		14.438
v 5.244 		-6.462 		23.677
v 7.215 		2.982 		15.476
v -1.493 		-1.287 		16.197
v 3.007 		-1.978 		14.438
v 5.583 		-6.368 		23.677
v -1.4 		-1.529 		16.197
v 5.918 		-6.258 		23.677
v 1.049 		-0.114 		28.562
v -1.294 		-1.767 		16.197
v -1.049 		5.049 		17.644
v 1.082 		-0.233 		28.562
v 0.389 		7.077 		23.322
v 9.863 		1.444 		17.644
v -1.177 		-2 		16.197
v -1.267 		4.82 		17.644
v 1.121 		-0.351 		28.562
v 7.98 		2.103 		15.702
v 0.07 		6.916 		23.322
v -1.242 		-1.197 		15.943
v 9.809 		1.755 		17.644
v 1.166 		-0.467 		28.562
v -1.153 		-1.427 		15.943
v 6.284 		-6.221 		23.322
v -1.473 		4.581 		17.644
v -1.053 		-1.653 		15.943
v 6.611 		-6.077 		23.322
v 7.896 		2.321 		15.702
v 0.032 		6.987 		22.963
v 2.024 		-1.962 		14.571
v 2.147 		-2.031 		14.571
v 7.801 		2.534 		15.702
v 6.93 		-5.916 		23.322
v 0.003 		7.043 		22.6
v 2.096 		-1.601 		14.438
v 7.628 		2.21 		15.476
v 2.201 		-1.667 		14.438
v 7.539 		2.41 		15.476
v 6.315 		-6.296 		22.963
v 9.468 		2.31 		17.333
v 0.985 		7.528 		22.235
v 2.309 		-1.728 		14.438
v 6.645 		-6.15 		22.963
v 0.644 		7.396 		22.235
v 9.371 		2.601 		17.333
v 2.42 		-1.784 		14.438
v 6.968 		-5.987 		22.963
v 9.261 		2.886 		17.333
v 0.309 		7.247 		22.235
v -1.049 		-2.226 		16.197
v 2.533 		-1.834 		14.438
v 9.265 		2.249 		17.032
v 6.339 		-6.354 		22.6
v 0.976 		7.553 		21.868
v 6.672 		-6.207 		22.6
v 8.778 		1.02 		16.197
v 6.997 		-6.043 		22.6
v 0.633 		7.421 		21.868
v 0.297 		7.272 		21.868
v 8.746 		1.278 		16.197
v 1.216 		-0.58 		28.562
v 1.272 		-0.691 		28.562
v 9.706 		1.111 		17.333
v 8.701 		1.535 		16.197
v 1.333 		-0.799 		28.562
v 9.669 		1.415 		17.333
v -0.25 		-3.25 		16.197
v 1 		-2 		14.886
v 1.399 		-0.904 		28.562
v 8.644 		1.789 		16.197
v -0.061 		-3.429 		16.197
v 9.616 		1.717 		17.333
v 0.973 		7.562 		21.5
v 1.547 		-1.103 		14.438
v 5.268 		-6.557 		23.322
v 0.63 		7.429 		21.5
v 1.628 		-1.197 		14.438
v 5.612 		-6.462 		23.322
v 9.549 		2.015 		17.333
v 1.713 		-1.287 		14.438
v 0.293 		7.28 		21.5
v 8.482 		1.239 		15.943
v 5.951 		-6.35 		23.322
v 1.803 		-1.372 		14.438
v 8.44 		1.483 		15.943
v 9.495 		1.09 		17.032
v 0.976 		7.553 		21.132
v 8.386 		1.724 		15.943
v 0.633 		7.421 		21.132
v 9.459 		1.384 		17.032
v 9.549 		-1.015 		25.667
v 8.32 		1.962 		15.943
v 1.038 		-0.976 		28.429
v 1.897 		-1.453 		14.438
v 0.297 		7.272 		21.132
v 5.287 		-6.635 		22.963
v 9.408 		1.675 		17.032
v 1.995 		-1.529 		14.438
v 9.344 		1.964 		17.032
v 0.985 		7.528 		20.765
v 5.635 		-6.539 		22.963
v 5.978 		-6.426 		22.963
v 0.644 		7.396 		20.765
v 5.303 		-6.696 		22.6
v 0.309 		7.247 		20.765
v 5.654 		-6.599 		22.6
v 0.973 		0.5 		28.562
v 0.985 		0.748 		28.562
v 8.206 		1.198 		15.702
v 9.265 		-1.249 		25.968
v 0.976 		0.624 		28.562
v 5.999 		-6.485 		22.6
v 1.021 		-1.534 		14.72
v 0.63 		0.5 		28.429
v 9.261 		-1.886 		25.667
v 9.27 		1.068 		16.742
v 9.371 		-1.601 		25.667
v 1.114 		-1.095 		14.571
v 0.661 		0.921 		28.429
v 9.468 		-1.31 		25.667
v 9.235 		1.351 		16.742
v 1.195 		-1.21 		14.571
v 0.644 		0.781 		28.429
v 8.167 		1.428 		15.702
v 1.281 		-1.321 		14.571
v 8.115 		1.656 		15.702
v 0.633 		0.641 		28.429
v 8.512 		-5.03 		22.235
v 1.373 		-1.427 		14.571
v 8.053 		1.881 		15.702
v 8.778 		-4.778 		22.235
v 0.661 		7.354 		20.4
v 7.919 		1.156 		15.476
v 0.328 		7.207 		20.4
v 9.03 		-4.512 		22.235
v 1.471 		-1.529 		14.571
v 9.443 		-1.962 		25.356
v 7.35 		6.261 		24.37
v 0.685 		7.296 		20.037
v 7.882 		1.372 		15.476
v 9.557 		-1.667 		25.356
v 0.355 		7.15 		20.037
v 8.531 		-5.05 		21.868
v 9.656 		-1.367 		25.356
v 7.834 		1.586 		15.476
v 8.797 		-4.797 		21.868
v 9.74 		-1.063 		25.356
v 7.707 		6.172 		24.027
v 7.775 		1.797 		15.476
v 9.05 		-4.531 		21.868
v 0.293 		0.5 		28.28
v 7.423 		6.371 		24.027
v 0.716 		7.221 		19.678
v 0.328 		0.971 		28.28
v 7.707 		2.005 		15.476
v 0.309 		0.814 		28.28
v 7.775 		6.265 		23.677
v 0.297 		0.657 		28.28
v 7.487 		6.468 		23.677
v 9.611 		-2.031 		25.035
v 1.573 		-1.627 		14.571
v 1.679 		-1.719 		14.571
v 9.728 		-1.728 		25.035
v 7.19 		6.656 		23.677
v 8.537 		-5.057 		21.5
v 1.79 		-1.805 		14.571
v 9.83 		-1.42 		25.035
v 8.803 		-4.803 		21.5
v 0.003 		7.043 		20.4
v 9.916 		-1.107 		25.035
v 1.905 		-1.886 		14.571
v 9.057 		-4.537 		21.5
v 0.032 		6.987 		20.037
v 7.35 		2.095 		15.264
v 8.531 		-5.05 		21.132
v 7.267 		2.282 		15.264
v 8.797 		-4.797 		21.132
v 0.389 		7.077 		19.678
v 0.976 		0.376 		28.562
v 9.884 		-1.784 		24.707
v 7.175 		2.464 		15.264
v 0.07 		6.916 		19.678
v 9.05 		-4.531 		21.132
v 0.985 		0.252 		28.562
v 8.634 		5.153 		24.37
v 9.988 		-1.468 		24.707
v 0.633 		0.359 		28.429
v 8.4 		5.4 		24.37
v 8.512 		-5.03 		20.765
v 10.077 		-1.147 		24.707
v 0.644 		0.219 		28.429
v 8.778 		-4.778 		20.765
v 1.124 		-1.653 		14.72
v 0.661 		0.079 		28.429
v 8.732 		5.242 		24.027
v 9.03 		-4.512 		20.765
v 1.233 		-1.767 		14.72
v 8.493 		5.493 		24.027
v 0.753 		7.131 		19.323
v 1.347 		-1.876 		14.72
v 0.431 		6.988 		19.323
v 8.242 		5.732 		24.027
v 1.466 		-1.979 		14.72
v 9.315 		-2.25 		25.356
v 0.117 		6.83 		19.323
v 8.818 		5.32 		23.677
v 7.542 		1.512 		15.264
v 7.487 		1.71 		15.264
v 0.798 		7.024 		18.973
v 9.333 		-2.618 		25.035
v 8.575 		5.575 		23.677
v 0.481 		6.884 		18.973
v 7.423 		1.904 		15.264
v 9.479 		-2.328 		25.035
v 0.171 		6.728 		18.973
v 7.337 		-5.902 		22.235
v 8.32 		5.818 		23.677
v 7.19 		1.619 		15.067
v 9.315 		-2.986 		24.707
v 2.024 		-3.062 		15.067
v 0.297 		0.343 		28.28
v 7.647 		-5.706 		22.235
v -1.667 		4.332 		17.644
v 2.147 		-2.766 		14.886
v 0.309 		0.186 		28.28
v 9.479 		-2.696 		24.707
v 7.946 		-5.495 		22.235
v 0.328 		0.029 		28.28
v -1.849 		4.074 		17.644
v 8.235 		-5.27 		22.235
v 9.629 		-2.399 		24.707
v 9.764 		-2.095 		24.707
v 7.622 		1.111 		15.264
v 2.309 		-2.829 		14.886
v 0.848 		6.902 		18.63
v 7.351 		-5.925 		21.868
v 0.537 		6.764 		18.63
v 7.587 		1.313 		15.264
v 2.474 		-2.883 		14.886
v 7.662 		-5.729 		21.868
v 8.153 		5.634 		24.37
v 0.003 		-0.019 		28.114
v 0.234 		6.611 		18.63
v 2.641 		-2.93 		14.886
v 7.962 		-5.517 		21.868
v 7.896 		5.856 		24.37
v -2.137 		4.267 		18.293
v 2.81 		-2.968 		14.886
v 8.252 		-5.291 		21.868
v 7.628 		6.066 		24.37
v 7.314 		1.066 		15.067
v 7.282 		1.252 		15.067
v -2.018 		3.807 		17.644
v 2.981 		-2.997 		14.886
v 7.24 		1.437 		15.067
v 7.98 		5.959 		24.027
v 0.905 		6.764 		18.293
v 0.685 		-0.06 		28.429
v 0.601 		6.629 		18.293
v -2.315 		3.986 		18.293
v 0.716 		-0.197 		28.429
v 0.304 		6.479 		18.293
v -2.479 		3.696 		18.293
v 0.753 		-0.333 		28.429
v 8.053 		6.048 		23.677
v 0.014 		6.315 		18.293
v -2.629 		3.399 		18.293
v 0.798 		-0.467 		28.429
v 8.258 		-5.298 		21.5
v 7.074 		2.642 		15.264
v -2.764 		3.095 		18.293
v 0.969 		6.611 		17.965
v 8.252 		-5.291 		21.132
v 6.965 		2.815 		15.264
v 8.235 		-5.27 		20.765
v -2.173 		3.9 		17.965
v 0.672 		6.479 		17.965
v 6.847 		2.982 		15.264
v 0.355 		-0.126 		28.28
v -2.333 		3.618 		17.965
v 8.206 		6.235 		22.6
v 0.382 		6.333 		17.965
v 0.389 		-0.279 		28.28
v -2.479 		3.328 		17.965
v 0.1 		6.173 		17.965
v 7.356 		-5.933 		21.5
v 0.431 		-0.431 		28.28
v 6.706 		2.642 		15.067
v 8.115 		6.124 		23.322
v 6.597 		2.797 		15.067
v 8.575 		-1.039 		26.803
v 7.834 		6.344 		23.322
v 6.481 		2.946 		15.067
v 7.542 		6.549 		23.322
v 6.34 		2.606 		14.886
v 6.233 		2.743 		14.886
v 7.707 		-1.005 		27.524
v 7.24 		6.74 		23.322
v -2.173 		3.532 		17.644
v 7.667 		-5.736 		21.5
v 0.75 		6.315 		17.644
v -2.315 		3.25 		17.644
v 2.569 		-2.569 		14.72
v 6.12 		2.874 		14.886
v 0.468 		6.173 		17.644
v 0.848 		-0.598 		28.429
v 7.968 		-5.524 		21.5
v 2.667 		-2.247 		14.571
v 0.905 		-0.727 		28.429
v 7.351 		-5.925 		21.132
v -1.121 		4.688 		17.333
v 2.803 		-2.284 		14.571
v 0.969 		-0.853 		28.429
v 7.662 		-5.729 		21.132
v -1.321 		4.456 		17.333
v 2.94 		-2.315 		14.571
v -1.509 		4.215 		17.333
v 0.481 		-0.58 		28.28
v 6.986 		2.149 		15.067
v 8.167 		6.186 		22.963
v 0.537 		-0.727 		28.28
v 0.193 		6.018 		17.644
v -1.157 		4.322 		17.032
v 7.962 		-5.517 		21.132
v 7.882 		6.408 		22.963
v 6.9 		2.318 		15.067
v -1.339 		4.089 		17.032
v 0.601 		-0.871 		28.28
v 7.587 		6.616 		22.963
v 7.337 		-5.902 		20.765
v 6.807 		2.482 		15.067
v 7.282 		6.809 		22.963
v 7.647 		-5.706 		20.765
v 6.618 		2.167 		14.886
v 7.919 		6.459 		22.6
v 7.622 		6.669 		22.6
v 7.946 		-5.495 		20.765
v 6.532 		2.318 		14.886
v 0.834 		6.137 		17.333
v 7.314 		6.863 		22.6
v -1.685 		3.965 		17.333
v 6.44 		2.464 		14.886
v -1.849 		3.706 		17.333
v 2.129 		-2.399 		14.72
v 0.56 		6 		17.333
v -2 		3.44 		17.333
v 2.273 		-2.463 		14.72
v 0.294 		5.849 		17.333
v -1.509 		3.847 		17.032
v 0.032 		-0.19 		28.114
v 2.42 		-2.519 		14.72
v -1.667 		3.597 		17.032
v 6.356 		-6.396 		22.235
v 0.07 		-0.359 		28.114
v 0.035 		5.685 		17.333
v 6.25 		2.149 		14.72
v -1.813 		3.34 		17.032
v 6.691 		-6.247 		22.235
v -1.946 		3.076 		17.032
v 2.273 		-2.095 		14.571
v 9.124 		5.115 		23.322
v 0.924 		5.946 		17.032
v 6.166 		2.282 		14.72
v 0.117 		-0.526 		28.114
v 8.891 		5.386 		23.322
v 0.171 		-0.691 		28.114
v 0.66 		5.813 		17.032
v 2.402 		-2.152 		14.571
v 6.328 		-1.012 		28.28
v 8.644 		5.644 		23.322
v 0.234 		-0.853 		28.114
v 2.533 		-2.202 		14.571
v 0.403 		5.667 		17.032
v 8.386 		5.891 		23.322
v 7.018 		-6.083 		22.235
v 0.153 		5.509 		17.032
v 6.367 		-6.421 		21.868
v -1.157 		3.954 		16.742
v 6.703 		-6.272 		21.868
v 6.696 		-1.012 		28.114
v -1.321 		3.721 		16.742
v 7.031 		-6.106 		21.868
v -1.473 		3.481 		16.742
v -1.613 		3.233 		16.742
v 3.993 		2.978 		14.438
v 9.186 		5.167 		22.963
v 0.767 		5.613 		16.742
v 2.721 		-2.611 		14.72
v 3.871 		2.999 		14.438
v 8.95 		5.44 		22.963
v -1.121 		3.587 		16.463
v 0.519 		5.473 		16.742
v -1.267 		3.357 		16.463
v 2.874 		-2.645 		14.72
v -1.401 		3.12 		16.463
v 0.279 		5.321 		16.742
v 8.701 		5.701 		22.963
v 6 		3 		14.886
v 3.029 		-2.672 		14.72
v 8.44 		5.95 		22.963
v 5.314 		-6.74 		22.235
v 0.046 		5.157 		16.742
v 5.667 		-6.642 		22.235
v 8.997 		5.482 		22.6
v 0.88 		5.401 		16.463
v 6.015 		-6.528 		22.235
v 5.876 		2.653 		14.72
v -2.137 		3.166 		17.333
v 8.746 		5.746 		22.6
v 0.643 		5.267 		16.463
v 5.767 		2.767 		14.72
v 8.482 		5.997 		22.6
v -2.884 		2.784 		18.293
v 1.054 		-2.481 		15.067
v 5.32 		-6.766 		21.868
v 0.413 		5.121 		16.463
v 5.653 		2.876 		14.72
v 5.675 		-6.668 		21.868
v -2.988 		2.468 		18.293
v 1.126 		-2.12 		14.886
v 6.024 		-6.553 		21.868
v -3.077 		2.147 		18.293
v 1.257 		-2.233 		14.886
v -2.611 		3.031 		17.965
v 5.534 		2.979 		14.72
v -2.728 		2.728 		17.965
v 1.394 		-2.34 		14.886
v 1.536 		-2.44 		14.886
v -2.83 		2.42 		17.965
v 5.427 		2.627 		14.571
v -2.916 		2.107 		17.965
v 1.682 		-2.532 		14.886
v 3.129 		2.999 		14.438
v 5.321 		2.719 		14.571
v 5.529 		-1.005 		28.562
v 5.184 		7.221 		24.37
v 5.21 		2.805 		14.571
v 0.19 		4.964 		16.463
v 5.879 		7.149 		24.027
v 5.55 		7.258 		24.027
v 7.175 		-1.464 		27.736
v 6.37 		-6.429 		21.5
v 5.216 		7.35 		24.027
v 6.707 		-6.28 		21.5
v 7.267 		-1.282 		27.736
v 7.035 		-6.114 		21.5
v 7.35 		-1.095 		27.736
v 3.76 		5.797 		16.197
v -2.443 		2.962 		17.644
v 5.918 		7.258 		23.677
v -2.557 		2.667 		17.644
v 3.5 		5.803 		16.197
v 6.076 		2.41 		14.72
v 3.0834 		2.6765 		14.336
v 3.0814 		2.6779 		14.3366
v 5.583 		7.368 		23.677
v 3.0642 		2.6893 		14.3412
v -2.656 		2.367 		17.644
v 3.048 		2.7001 		14.3458
v 3.24 		5.797 		16.197
v 5.979 		2.534 		14.72
v 5.244 		7.462 		23.677
v -2.74 		2.063 		17.644
v 8.242 		-1.197 		27.057
v 3.007 		2.978 		14.438
v 3.994 		5.512 		15.943
v 8.177 		-2 		26.803
v 2.886 		2.951 		14.438
v 1.518 		-2.807 		15.067
v 5.886 		2.095 		14.571
v 3.747 		5.531 		15.943
v 2.767 		2.918 		14.438
v 3.5 		5.537 		15.943
v 8.294 		-1.767 		26.803
v 1.682 		-2.9 		15.067
v 5.805 		2.21 		14.571
v 3.253 		5.531 		15.943
v 8.4 		-1.529 		26.803
v 1.851 		-2.986 		15.067
v 6.367 		-6.421 		21.132
v -2.987 		1.79 		17.965
v 8.493 		-1.287 		26.803
v 6.703 		-6.272 		21.132
v -3.043 		1.471 		17.965
v 3 		2.732 		14.3595
v 5.719 		2.321 		14.571
v -3.083 		1.148 		17.965
v 7.031 		-6.106 		21.132
v 6.284 		7.221 		23.322
v -2.809 		1.755 		17.644
v 5.627 		2.427 		14.571
v 1.833 		-2.618 		14.886
v -2.863 		1.444 		17.644
v 1.988 		-2.696 		14.886
v 6.356 		-6.396 		20.765
v 6.645 		7.15 		22.963
v -2.902 		1.131 		17.644
v 6.315 		7.296 		22.963
v 2.9326 		2.7653 		14.375
v 6.691 		-6.247 		20.765
v 2.938 		2.7626 		14.3737
v 2.9836 		2.7401 		14.3633
v 2.8782 		2.7921 		14.3884
v 2.7921 		2.8346 		14.4094
v 7.018 		-6.083 		20.765
v 2.767 		2.847 		14.4158
v 2.765 		2.848 		14.4163
v 6.672 		7.207 		22.6
v 1.018 		-2.847 		15.264
v 5.529 		2.529 		14.571
v 1.185 		-2.965 		15.264
v 6.339 		7.354 		22.6
v -2.066 		2.805 		17.032
v 1.358 		-3.074 		15.264
v 7.539 		-1.41 		27.524
v 7.628 		-1.21 		27.524
v 5.453 		2.103 		14.438
v 1.203 		-2.597 		15.067
v 5.372 		2.197 		14.438
v 7.801 		-1.534 		27.298
v 5.287 		2.287 		14.438
v 1.358 		-2.706 		15.067
v -1.741 		2.979 		16.742
v 7.896 		-1.321 		27.298
v 2.6494 		2.8873 		14.441
v 2.6455 		2.8886 		14.442
v 2.6616 		2.8832 		14.438
v 2.536 		2.9259 		14.4708
v 5.197 		2.372 		14.438
v 7.98 		-1.103 		27.298
v -1.856 		2.719 		16.742
v 5.951 		7.35 		23.322
v 2.533 		2.9269 		14.4716
v 5.612 		7.462 		23.322
v 2.518 		2.932 		14.4755
v -1.959 		2.453 		16.742
v 5.103 		2.453 		14.438
v 5.268 		7.557 		23.322
v -2.048 		2.183 		16.742
v 3.966 		5.235 		15.702
v 5.322 		-6.775 		21.5
v -1.524 		2.876 		16.463
v 1.59 		-2.076 		14.72
v 7.215 		-1.982 		27.524
v 5.677 		-6.677 		21.5
v 6.027 		-6.562 		21.5
v 2.4914 		2.9373 		14.4811
v 2.4904 		2.9375 		14.4813
v 7.332 		-1.797 		27.524
v 2.4117 		2.9531 		14.4991
v 2.3327 		2.9688 		14.517
v 5.978 		7.426 		22.963
v -1.634 		2.627 		16.463
v 1.718 		-2.166 		14.72
v 2.2844 		2.9783 		14.5287
v 2.261 		2.983 		14.5344
v 5.32 		-6.766 		21.132
v 5.675 		-6.668 		21.132
v 7.44 		-1.606 		27.524
v 3.733 		5.252 		15.702
v 6.024 		-6.553 		21.132
v 1.851 		-2.25 		14.72
v -1.732 		2.372 		16.463
v 3.5 		5.258 		15.702
v 2.0822 		2.9947 		14.571
v 2.024 		2.9984 		14.5851
v 1.988 		-2.328 		14.72
v 7.581 		-1.946 		27.298
v 2.1709 		2.9889 		14.5523
v 2.1695 		2.989 		14.5526
v 5.314 		-6.74 		20.765
v 7.13 		1.799 		15.067
v -1.818 		2.113 		16.463
v 2.1531 		2.99 		14.556
v 7.696 		-1.743 		27.298
v 3.267 		5.252 		15.702
v 2.0182 		2.9988 		14.5865
v 2.0012 		2.9999 		14.5906
v 5.635 		7.539 		22.963
v 2.0204 		2.9987 		14.5859
v 7.062 		1.976 		15.067
v 5.667 		-6.642 		20.765
v 2 		3 		14.5909
v 6.015 		-6.528 		20.765
v 5.287 		7.635 		22.963
v 6.883 		1.526 		14.886
v 6.829 		1.691 		14.886
v 5.999 		7.485 		22.6
v 1 		3 		14.886
v 6.766 		1.853 		14.886
v 1.8892 		2.9928 		14.6147
v 5.654 		7.599 		22.6
v 2.98 		5.778 		16.197
v 1.8377 		2.9894 		14.6256
v 1.836 		2.9893 		14.626
v 6.696 		2.012 		14.886
v 5.303 		7.696 		22.6
v 1.7543 		2.984 		14.6449
v -2.261 		2.886 		17.333
v 1.739 		2.983 		14.6484
v 2.722 		5.746 		16.197
v -2.371 		2.601 		17.333
v 1.466 		2.979 		14.72
v 4.179 		-6.396 		24.37
v 2.465 		5.701 		16.197
v -2.468 		2.31 		17.333
v 2.563 		-1.063 		14.225
v 2.211 		5.644 		16.197
v 2.641 		-1.107 		14.225
v 4.517 		-6.354 		24.37
v 2.721 		-1.147 		14.225
v 6.997 		1.019 		14.886
v 7.062 		6.443 		24.37
v 6.968 		1.19 		14.886
v -2.172 		2.529 		17.032
v 7.942 		-1.874 		27.057
v 2.803 		-1.184 		14.225
v 6.93 		1.359 		14.886
v 6.766 		6.611 		24.37
v 4.852 		-6.296 		24.37
v -2.265 		2.249 		17.032
v 2.886 		-1.216 		14.225
v 1.6689 		2.9691 		14.6612
v 6.463 		6.764 		24.37
v 1.6191 		2.9592 		14.6713
v 1.512 		2.9379 		14.6931
v 2.971 		-1.244 		14.225
v 3.006 		5.512 		15.943
v 6.152 		6.902 		24.37
v 8.053 		-1.653 		27.057
v 2.761 		5.482 		15.943
v 2.517 		5.44 		15.943
v 1.5014 		2.9358 		14.6953
v 1.5021 		2.936 		14.6951
v -1.891 		1.85 		16.463
v 2.276 		5.386 		15.943
v 1.482 		2.932 		14.6996
v 8.153 		-1.427 		27.057
v 6.519 		1.58 		14.72
v -1.95 		1.584 		16.463
v 2.038 		5.32 		15.943
v 6.463 		1.727 		14.72
v -1.997 		1.315 		16.463
v 6.399 		1.871 		14.72
v 4.192 		-6.528 		24.027
v -2.03 		1.045 		16.463
v 7.13 		6.557 		24.027
v 4.536 		-6.485 		24.027
v 6.328 		2.012 		14.72
v 1.3662 		2.8926 		14.72
v 1.3447 		2.8853 		14.7243
v 6.829 		6.728 		24.027
v 1.3671 		2.8929 		14.7198
v 1.34 		2.8837 		14.7253
v 4.878 		-6.426 		24.027
v 1.235 		2.848 		14.7488
v 2.569 		-1.468 		14.323
v 6.519 		6.884 		24.027
v 6.152 		1.598 		14.571
v 1.4805 		2.9315 		14.6999
v 2.667 		-1.511 		14.323
v 4.203 		-6.642 		23.677
v 4.553 		-6.599 		23.677
v 6.202 		7.024 		24.027
v 2.767 		-1.55 		14.323
v 4.9 		-6.539 		23.677
v 1.2119 		2.8366 		14.7527
v 1.1794 		2.8206 		14.7582
v -2.549 		2.015 		17.333
v 1.0814 		2.7722 		14.777
v 1.0238 		2.7437 		14.7882
v -2.616 		1.717 		17.333
v 6.883 		6.83 		23.677
v 1 		2.732 		14.7934
v -2.669 		1.415 		17.333
v 6.569 		6.988 		23.677
v 3.034 		5.235 		15.702
v 6.645 		1.126 		14.72
v -2.706 		1.111 		17.333
v 0.519 		2.946 		15.067
v 6.247 		7.131 		23.677
v 6.611 		1.279 		14.72
v 2.802 		5.206 		15.702
v 0.88 		2.874 		14.886
v 2.038 		-1.113 		14.323
v 6.569 		1.431 		14.72
v -2.344 		1.964 		17.032
v 2.119 		-1.183 		14.323
v 2.572 		5.167 		15.702
v 6.315 		1.06 		14.571
v 3.16 		-6.421 		24.37
v 2.203 		-1.249 		14.323
v 0.767 		2.743 		14.886
v -2.408 		1.675 		17.032
v 2.344 		5.115 		15.702
v 2.29 		-1.31 		14.323
v 6.284 		1.197 		14.571
v 0.66 		2.606 		14.886
v 3.5 		-6.429 		24.37
v -2.459 		1.384 		17.032
v 6.247 		1.333 		14.571
v 2.381 		-1.367 		14.323
v 3.84 		-6.421 		24.37
v -2.495 		1.09 		17.032
v 6.202 		1.467 		14.571
v 2.474 		-1.42 		14.323
v 7.178 		-2.518 		27.298
v 3.154 		-6.553 		24.027
v 7.322 		-2.334 		27.298
v 0.153 		2.982 		15.264
v 5.834 		7.024 		24.37
v 3.5 		-6.562 		24.027
v 0.035 		2.815 		15.264
v 7.456 		-2.143 		27.298
v 5.511 		7.131 		24.37
v 3.846 		-6.553 		24.027
v 0.403 		2.797 		15.067
v 0.294 		2.642 		15.067
v 3.148 		-6.668 		23.677
v 6.095 		1.727 		14.571
v 6.031 		1.853 		14.571
v -2.124 		1.909 		16.742
v 2.868 		-1.583 		14.323
v -2.186 		1.631 		16.742
v 7.546 		-2.5 		27.057
v 2.971 		-1.612 		14.323
v 5.962 		1.976 		14.571
v 6.93 		6.916 		23.322
v 7.688 		-2.298 		27.057
v -2.235 		1.351 		16.742
v 0.193 		2.482 		15.067
v 6.611 		7.077 		23.322
v 7.82 		-2.089 		27.057
v 0.1 		2.318 		15.067
v -2.27 		1.068 		16.742
v 5.784 		1.58 		14.438
v 5.728 		1.691 		14.438
v 0.014 		2.149 		15.067
v 7.91 		-2.446 		26.803
v 1.961 		5.575 		16.197
v 8.049 		-2.226 		26.803
v 6.968 		6.987 		22.963
v 0.56 		2.464 		14.886
v 5.667 		1.799 		14.438
v 4.656 		-4.115 		15.702
v 1.713 		5.493 		16.197
v 4.881 		-4.053 		15.702
v 1.471 		5.4 		16.197
v 1.233 		5.294 		16.197
v 4.156 		-3.919 		15.476
v -3.207 		3.672 		20.4
v 6.997 		7.043 		22.6
v 1 		5.177 		16.197
v 4.372 		-3.882 		15.476
v 3.5 		-6.677 		23.677
v -3.354 		3.339 		20.4
v 1.803 		5.242 		15.943
v 4.586 		-3.834 		15.476
v 7.232 		-2.882 		27.057
v 1.573 		5.153 		15.943
v 5.601 		1.904 		14.438
v 4.797 		-3.775 		15.476
v 5.529 		2.005 		14.438
v 0.9521 		2.7001 		14.8011
v 0.8785 		2.6512 		14.8131
v -3.15 		3.645 		20.037
v 3.852 		-6.668 		23.677
v 5.005 		-3.707 		15.476
v 8.235 		6.27 		22.235
v -3.296 		3.315 		20.037
v 0.8266 		2.6166 		14.823
v 0.782 		2.587 		14.8315
v 7.946 		6.495 		22.235
v -3.221 		3.284 		19.678
v 0.468 		2.318 		14.886
v 7.647 		6.706 		22.235
v -3.131 		3.247 		19.323
v 7.337 		6.902 		22.235
v 3.938 		4.946 		15.476
v 3.719 		4.962 		15.476
v 4.213 		-6.74 		23.322
v 3.062 		-3.946 		15.476
v 3.5 		4.968 		15.476
v 7.393 		-2.695 		27.057
v 3.281 		-3.962 		15.476
v 0.6072 		2.4327 		14.8574
v 0.6675 		2.486 		14.848
v 4.567 		-6.696 		23.322
v -3.485 		2.999 		20.4
v 3.281 		4.962 		15.476
v 3.5 		-3.968 		15.476
v 0.5887 		2.4164 		14.8609
v 0.586 		2.414 		14.8614
v 7.429 		-3.061 		26.803
v 8.252 		6.291 		21.868
v -3.599 		2.654 		20.4
v 3.719 		-3.962 		15.476
v 7.6 		-2.864 		26.803
v 0.7385 		2.5486 		14.8369
v 0.738 		2.5481 		14.837
v 3.062 		4.946 		15.476
v 4.919 		-6.635 		23.322
v 0.7062 		2.5201 		14.842
v -3.696 		2.303 		20.4
v 7.76 		-2.659 		26.803
v 3.938 		-3.946 		15.476
v 5.951 		1.114 		14.438
v 7.962 		6.517 		21.868
v 4.221 		-6.82 		22.963
v 5.918 		1.233 		14.438
v 4.579 		-6.776 		22.963
v -3.426 		2.978 		20.037
v 4.935 		-6.715 		22.963
v 5.879 		1.351 		14.438
v -3.539 		2.635 		20.037
v 5.834 		1.467 		14.438
v -3.635 		2.287 		20.037
v 4.227 		-6.883 		22.6
v 7.662 		6.729 		21.868
v 4.589 		-6.839 		22.6
v 0.4898 		2.305 		14.8732
v 0.4898 		2.305 		14.8732
v 7.351 		6.925 		21.868
v 3.908 		4.647 		15.264
v 0.4823 		2.2965 		14.8743
v 4.947 		-6.776 		22.6
v 0.413 		2.218 		14.8851
v 3.704 		4.662 		15.264
v 6.166 		-1.282 		28.28
v 3.5 		4.667 		15.264
v 6.25 		-1.149 		28.28
v -3.35 		2.951 		19.678
v -3.462 		2.612 		19.678
v 3.296 		4.662 		15.264
v -3.557 		2.268 		19.678
v 5.42 		1.526 		14.323
v 3.092 		4.647 		15.264
v 5.367 		1.619 		14.323
v 3.143 		-6.766 		23.322
v 6.44 		-1.464 		28.114
v 5.31 		1.71 		14.323
v 0.3806 		2.1693 		14.8873
v 0.3799 		2.1681 		14.8874
v 6.532 		-1.318 		28.114
v 0.3891 		2.182 		14.8867
v 4.278 		-4.746 		16.197
v 0.3994 		2.1976 		14.886
v 3.5 		-6.775 		23.322
v 6.618 		-1.167 		28.114
v 0.29 		2.033 		14.8984
v 0.284 		2.024 		14.8992
v 6.807 		-1.482 		27.933
v 4.535 		-4.701 		16.197
v 3.857 		-6.766 		23.322
v 0.2827 		2.0221 		14.8993
v 6.9 		-1.318 		27.933
v 0.268 		2 		14.9019
v 6.986 		-1.149 		27.933
v -3.776 		1.947 		20.4
v 4.789 		-4.644 		16.197
v 3.139 		-6.847 		22.963
v 3.878 		4.337 		15.067
v -3.839 		1.589 		20.4
v 5.039 		-4.575 		16.197
v 3.689 		4.351 		15.067
v 3.5 		-6.856 		22.963
v 6.12 		-1.874 		28.114
v 6.233 		-1.743 		28.114
v -3.883 		1.227 		20.4
v 3.5 		4.356 		15.067
v 4.239 		-4.482 		15.943
v 6.34 		-1.606 		28.114
v 3.861 		-6.847 		22.963
v 4.483 		-4.44 		15.943
v 3.311 		4.351 		15.067
v 5.249 		1.797 		14.323
v 6.481 		-1.946 		27.933
v 3.122 		4.337 		15.067
v 0.2108 		1.8842 		14.9051
v 0.202 		1.8663 		14.9056
v 5.183 		1.881 		14.323
v 6.597 		-1.797 		27.933
v 3.136 		-6.91 		22.6
v 6.706 		-1.642 		27.933
v 0.152 		1.765 		14.9111
v 5.113 		1.962 		14.323
v 3.5 		-6.919 		22.6
v 6.847 		-1.982 		27.736
v 6.965 		-1.815 		27.736
v 7.074 		-1.642 		27.736
v 3.864 		-6.91 		22.6
v 0.1375 		1.7224 		14.9101
v 0.1316 		1.7051 		14.9097
v 4.724 		-4.386 		15.943
v 0.1398 		1.7291 		14.9102
v 0.0834 		1.5632 		14.9107
v 9.03 		5.512 		22.235
v 0.075 		1.5387 		14.9107
v 8.778 		5.778 		22.235
v 4.962 		-4.32 		15.943
v 0.068 		1.518 		14.9114
v 5.627 		-1.427 		28.429
v 5.719 		-1.321 		28.429
v 8.512 		6.03 		22.235
v 5.805 		-1.21 		28.429
v 2.148 		-6.296 		24.37
v 0.0394 		1.3741 		14.9049
v 0.038 		1.367 		14.9047
v 5.886 		-1.095 		28.429
v 0.042 		1.387 		14.9055
v 9.05 		5.531 		21.868
v 0.017 		1.261 		14.9031
v 3.847 		4.018 		14.886
v 2.483 		-6.354 		24.37
v 5.979 		-1.534 		28.28
v 8.797 		5.797 		21.868
v 3.673 		4.031 		14.886
v 6.076 		-1.41 		28.28
v 2.821 		-6.396 		24.37
v 3.5 		4.035 		14.886
v 8.531 		6.05 		21.868
v 0.0135 		1.2068 		14.8983
v 0.0131 		1.2012 		14.8978
v 0.0126 		1.1938 		14.8972
v 4.198 		-4.206 		15.702
v 3.327 		4.031 		14.886
v 0.0013 		1.0204 		14.8871
v 4.428 		-4.167 		15.702
v 0.0012 		1.0193 		14.887
v 3.153 		4.018 		14.886
v 5.103 		-1.453 		28.562
v -3.715 		1.935 		20.037
v 2.122 		-6.426 		24.027
v 5.197 		-1.372 		28.562
v 5.287 		-1.287 		28.562
v -3.776 		1.579 		20.037
v 5.372 		-1.197 		28.562
v 2.464 		-6.485 		24.027
v -3.82 		1.221 		20.037
v 5.453 		-1.103 		28.562
v 2.808 		-6.528 		24.027
v 1.038 		-0.976 		14.571
v 1.0974 		-0.7801 		14.5139
v 1.1016 		-0.7821 		14.5128
v 1 		-0.732 		14.5391
v 5.529 		-1.529 		28.429
v 1.1813 		-0.8215 		14.4934
v 1.235 		-0.848 		14.4803
v 3.24 		-4.797 		16.197
v 2.1 		-6.539 		23.677
v 5.612 		1.029 		14.323
v 8.258 		6.298 		21.5
v 3.5 		-4.803 		16.197
v 2.447 		-6.599 		23.677
v 8.252 		6.291 		21.132
v 8.235 		6.27 		20.765
v 5.653 		-1.876 		28.28
v 3.76 		-4.797 		16.197
v 5.767 		-1.767 		28.28
v 2.797 		-6.642 		23.677
v -3.635 		1.919 		19.678
v 4.02 		-4.778 		16.197
v 5.876 		-1.653 		28.28
v -3.696 		1.567 		19.678
v 3.253 		-4.531 		15.943
v -3.74 		1.213 		19.678
v 3.5 		-4.537 		15.943
v 7.968 		6.524 		21.5
v 3.747 		-4.531 		15.943
v 7.667 		6.736 		21.5
v 5.21 		-1.805 		28.429
v 3.971 		3.672 		14.72
v 5.321 		-1.719 		28.429
v 3.994 		-4.512 		15.943
v 5.427 		-1.627 		28.429
v 3.814 		3.691 		14.72
v 1.166 		-6.024 		24.37
v 5.511 		1.333 		14.323
v 5.468 		1.431 		14.323
v 1.489 		-6.131 		24.37
v 3.657 		3.703 		14.72
v 3.5 		3.707 		14.72
v 1.2454 		-0.8516 		14.4775
v 5.534 		-1.979 		28.28
v 1.399 		-0.904 		14.438
v 1.816 		-6.221 		24.37
v 5.147 		1.279 		14.225
v 1.383 		-0.8983 		14.4421
v 1.3988 		-0.9037 		14.438
v 3.343 		3.703 		14.72
v 7.356 		6.933 		21.5
v 5.107 		1.359 		14.225
v 1.3992 		-0.9039 		14.4379
v 1.3994 		-0.9039 		14.4379
v 1.4061 		-0.9062 		14.4365
v 6 		-2 		28.114
v 7.962 		6.517 		21.132
v 3.186 		3.691 		14.72
v 7.662 		6.729 		21.132
v 1.482 		-0.932 		14.4211
v 7.351 		6.925 		21.132
v 6.226 		-2.226 		27.933
v 6.357 		-2.089 		27.933
v 5.583 		1.132 		14.323
v 6.143 		-2.721 		27.736
v 3.267 		-4.252 		15.702
v 6.298 		-2.587 		27.736
v 7.946 		6.495 		20.765
v 3.5 		-4.258 		15.702
v 6.446 		-2.446 		27.736
v 6.587 		-2.298 		27.736
v 3.733 		-4.252 		15.702
v 7.647 		6.706 		20.765
v 6.721 		-2.143 		27.736
v 3.966 		-4.235 		15.702
v 7.337 		6.902 		20.765
v 1.5448 		-0.9445 		14.4066
v 1.5509 		-0.9457 		14.4052
v 1.606 		-0.9566 		14.3931
v 1.6998 		-0.9752 		14.3725
v 1.7019 		-0.9756 		14.372
v 3.921 		3.339 		14.571
v 5.55 		1.233 		14.323
v 1.739 		-0.983 		14.3644
v -3.258 		2.918 		19.323
v 3.781 		3.356 		14.571
v 5.149 		-2.25 		28.28
v 3.641 		3.367 		14.571
v 5.282 		-2.166 		28.28
v -3.368 		2.583 		19.323
v 5.41 		-2.076 		28.28
v -3.462 		2.244 		19.323
v 9.057 		5.537 		21.5
v 1.121 		-6.149 		24.027
v 5.244 		1.029 		14.225
v 1.45 		-6.258 		24.027
v 8.803 		5.803 		21.5
v 1.784 		-6.35 		24.027
v 5.216 		1.114 		14.225
v 8.537 		6.057 		21.5
v 5.318 		-2.532 		28.114
v 4.71 		-3.487 		15.264
v 5.464 		-2.44 		28.114
v 5.184 		1.197 		14.225
v 9.05 		5.531 		21.132
v 8.797 		5.797 		21.132
v 5.606 		-2.34 		28.114
v 4.904 		-3.423 		15.264
v 1.082 		-6.258 		23.677
v 5.743 		-2.233 		28.114
v 8.531 		6.05 		21.132
v 5.874 		-2.12 		28.114
v 1.417 		-6.368 		23.677
v 5.095 		-3.35 		15.264
v -3.149 		2.879 		18.973
v -3.258 		2.55 		18.973
v 9.03 		5.512 		20.765
v 5.946 		-2.481 		27.933
v 1.756 		-6.462 		23.677
v 3.5 		3.37 		14.571
v -3.35 		2.216 		18.973
v 6.089 		-2.357 		27.933
v 8.778 		5.778 		20.765
v 1.8232 		-0.9885 		14.3446
v 3.359 		3.367 		14.571
v 1.8555 		-0.9906 		14.337
v 1.8599 		-0.9909 		14.336
v 8.512 		6.03 		20.765
v 3.219 		3.356 		14.571
v 4.619 		-3.19 		15.067
v -3.131 		2.511 		18.63
v 3.079 		3.339 		14.571
v 5.642 		-2.706 		27.933
v 5.797 		-2.597 		27.933
v -3.221 		2.184 		18.63
v 5.642 		-3.074 		27.736
v 5.815 		-2.965 		27.736
v 5.982 		-2.847 		27.736
v 2.081 		-6.635 		23.322
v 5.039 		5.575 		16.197
v 4.799 		-3.13 		15.067
v 2.433 		-6.696 		23.322
v 2.787 		-6.74 		23.322
v 4.789 		5.644 		16.197
v -3.539 		1.9 		19.323
v 2.119 		5.053 		15.702
v 4.535 		5.701 		16.197
v -3.599 		1.553 		19.323
v 6.691 		7.247 		22.235
v 4.278 		5.746 		16.197
v 5.167 		-2.618 		28.114
v 2.844 		4.919 		15.476
v 5.149 		-2.986 		27.933
v 0.003 		-0.019 		14.886
v -3.642 		1.203 		19.323
v 5.318 		-2.9 		27.933
v 2.628 		4.882 		15.476
v 4.962 		5.32 		15.943
v 0.0002 		0.9964 		14.886
v 5.482 		-2.807 		27.933
v 4.724 		5.386 		15.943
v 0.0004 		0.9945 		14.8858
v 2.414 		4.834 		15.476
v 6.356 		7.396 		22.235
v 4.313 		-3.587 		15.264
v 2.065 		-6.715 		22.963
v 6.703 		7.272 		21.868
v 2.203 		4.775 		15.476
v -3.426 		1.878 		18.973
v 4.512 		-3.542 		15.264
v 4.483 		5.44 		15.943
v 6.367 		7.421 		21.868
v -3.485 		1.536 		18.973
v 4.239 		5.482 		15.943
v 4.252 		-3.282 		15.067
v 0.0101 		0.8442 		14.8717
v -3.528 		1.192 		18.973
v 0.0111 		0.8294 		14.8707
v 0.017 		0.739 		14.8643
v 4.437 		-3.24 		15.067
v 0.032 		-0.19 		14.886
v 0.07 		-0.359 		14.886
v -3.296 		1.852 		18.63
v -3.354 		1.517 		18.63
v 1.347 		5.053 		15.943
v -3.396 		1.179 		18.63
v 6.015 		7.528 		22.235
v 5.667 		7.642 		22.235
v 1.126 		4.942 		15.943
v 4.111 		-3.622 		15.264
v 5.314 		7.74 		22.235
v 2.421 		-6.776 		22.963
v 6.024 		7.553 		21.868
v 5.675 		7.668 		21.868
v 4.656 		5.115 		15.702
v 2.779 		-6.82 		22.963
v 5.32 		7.766 		21.868
v 4.428 		5.167 		15.702
v 1.897 		4.98 		15.702
v 4.198 		5.206 		15.702
v 1.679 		4.896 		15.702
v 2.053 		-6.776 		22.6
v 6.707 		7.28 		21.5
v 6.37 		7.429 		21.5
v 2.411 		-6.839 		22.6
v 1.466 		4.801 		15.702
v -3.15 		1.823 		18.293
v 6.703 		7.272 		21.132
v 6.367 		7.421 		21.132
v 2.773 		-6.883 		22.6
v 1.257 		4.696 		15.702
v 6.691 		7.247 		20.765
v 4.02 		5.778 		16.197
v 6.356 		7.396 		20.765
v 3.122 		-3.337 		15.067
v 0.0307 		0.67 		14.8548
v 6.027 		7.562 		21.5
v 3.311 		-3.351 		15.067
v -3.207 		1.495 		18.293
v 5.677 		7.677 		21.5
v 3.5 		-3.356 		15.067
v 5.322 		7.775 		21.5
v -3.247 		1.165 		18.293
v 6.024 		7.553 		21.132
v 6.81 		-2.5 		27.524
v 5.675 		7.668 		21.132
v 3.689 		-3.351 		15.067
v 0.0373 		0.6365 		14.851
v 6.954 		-2.334 		27.524
v 0.0426 		0.6099 		14.848
v 5.32 		7.766 		21.132
v 6.015 		7.528 		20.765
v 0.0644 		0.5 		14.8357
v 0.0668 		0.488 		14.8346
v 1.049 		-6.35 		23.322
v 0.068 		0.482 		14.8341
v 5.667 		7.642 		20.765
v 7.089 		-2.161 		27.524
v 1.388 		-6.462 		23.322
v 5.314 		7.74 		20.765
v 4.881 		5.053 		15.702
v 1.732 		-6.557 		23.322
v 5.005 		4.707 		15.476
v 0.117 		-0.526 		14.886
v -0.018 		0.153 		28.114
v 0.171 		-0.691 		14.886
v 4.797 		4.775 		15.476
v 1.995 		4.707 		15.476
v 3.878 		-3.337 		15.067
v 1.79 		4.628 		15.476
v 6.161 		-3.089 		27.524
v -0.018 		0.847 		28.114
v 7.018 		7.083 		22.235
v 1.022 		-6.426 		22.963
v 4.066 		-3.314 		15.067
v 6.334 		-2.954 		27.524
v 1.365 		-6.539 		22.963
v 6.5 		-2.81 		27.524
v 1.054 		4.581 		15.702
v 7.031 		7.106 		21.868
v 1.59 		4.539 		15.476
v 6.659 		-2.659 		27.524
v 0.234 		-0.853 		14.886
v 4.586 		4.834 		15.476
v 7.035 		7.114 		21.5
v 4.372 		4.882 		15.476
v 7.031 		7.106 		21.132
v 6.695 		-3.025 		27.298
v 4.156 		4.919 		15.476
v 7.018 		7.083 		20.765
v 6.864 		-2.864 		27.298
v 3.092 		-3.647 		15.264
v 1.713 		-6.635 		22.963
v 3.296 		-3.662 		15.264
v 7.025 		-2.695 		27.298
v 3.5 		-3.667 		15.264
v 1.001 		-6.485 		22.6
v 3.704 		-3.662 		15.264
v 1.346 		-6.599 		22.6
v 9.066 		4.628 		24.37
v 1.394 		4.44 		15.476
v 1.697 		-6.696 		22.6
v 4.313 		4.587 		15.264
v 3.908 		-3.647 		15.264
v 4.111 		4.622 		15.264
v -0.035 		0.5 		28.114
v 8.856 		4.896 		24.37
v -0.031 		0.673 		28.114
v 1.203 		4.332 		15.476
v 1.018 		4.215 		15.476
v -0.356 		0.5 		27.933
v -0.337 		0.878 		27.933
v -0.351 		0.689 		27.933
v 9.172 		4.707 		24.027
v 8.959 		4.98 		24.027
v -0.667 		0.5 		27.736
v -0.647 		0.908 		27.736
v 4.232 		-6.928 		22.235
v -0.662 		0.704 		27.736
v 2.119 		-4.053 		15.702
v 4.595 		-6.883 		22.235
v 2.344 		-4.115 		15.702
v 5.095 		4.35 		15.264
v 9.048 		5.053 		23.677
v 4.904 		4.423 		15.264
v 0.0804 		0.4454 		14.8283
v 0.1174 		0.3366 		14.8109
v 0.1182 		0.3343 		14.8105
v 4.71 		4.487 		15.264
v 2.203 		-3.775 		15.476
v 0.1456 		0.2538 		14.7998
v 4.956 		-6.82 		22.235
v 0.152 		0.235 		14.7973
v 2.414 		-3.834 		15.476
v 7.061 		-3.061 		27.057
v 2.889 		4.622 		15.264
v 2.628 		-3.882 		15.476
v 4.234 		-6.955 		21.868
v 2.687 		4.587 		15.264
v 4.599 		-6.91 		21.868
v 4.852 		7.296 		24.37
v 4.799 		4.13 		15.067
v 4.961 		-6.847 		21.868
v 2.844 		-3.919 		15.476
v 4.619 		4.19 		15.067
v 4.517 		7.354 		24.37
v 4.179 		7.396 		24.37
v -0.031 		0.327 		28.114
v 2.934 		4.314 		15.067
v 4.878 		7.426 		24.027
v -0.351 		0.311 		27.933
v 2.748 		4.282 		15.067
v 3.134 		-6.955 		22.235
v -0.337 		0.122 		27.933
v 4.512 		4.542 		15.264
v 4.536 		7.485 		24.027
v 2.563 		4.24 		15.067
v 3.5 		-6.964 		22.235
v 4.192 		7.528 		24.027
v 0.1825 		0.1732 		14.7842
v 0.2377 		0.0614 		14.7633
v 0.2587 		0.0188 		14.7554
v 4.437 		4.24 		15.067
v 3.866 		-6.955 		22.235
v 0.268 		0 		14.7524
v 4.252 		4.282 		15.067
v 0.389 		-0.279 		14.72
v 1.126 		-3.942 		15.943
v 4.9 		7.539 		23.677
v 0.431 		-0.431 		14.72
v 1.347 		-4.053 		15.943
v -0.662 		0.296 		27.736
v 8.524 		-1.876 		26.537
v -0.647 		0.092 		27.736
v 4.553 		7.599 		23.677
v 2.488 		4.542 		15.264
v 8.634 		-1.627 		26.537
v 2.29 		4.487 		15.264
v 4.203 		7.642 		23.677
v 0.481 		-0.58 		14.72
v 8.732 		-1.372 		26.537
v 0.537 		-0.727 		14.72
v 3.132 		-6.982 		21.868
v 8.818 		-1.113 		26.537
v 3.5 		-6.991 		21.868
v 0.601 		-0.871 		14.72
v 2.096 		4.423 		15.264
v 3.868 		-6.982 		21.868
v 4.066 		4.314 		15.067
v 1.054 		-3.581 		15.702
v 2.381 		4.19 		15.067
v 1.018 		-3.215 		15.476
v 4.235 		-6.964 		21.5
v 2.201 		4.13 		15.067
v 4.6 		-6.919 		21.5
v 8.741 		-1.979 		26.258
v 8.856 		-1.719 		26.258
v 8.959 		-1.453 		26.258
v 4.919 		7.635 		23.322
v 1.203 		-3.332 		15.476
v 4.567 		7.696 		23.322
v 9.048 		-1.183 		26.258
v 0.284 		-0.024 		14.7465
v 0.351 		-0.1248 		14.7219
v 4.213 		7.74 		23.322
v 0.3522 		-0.1266 		14.7215
v 1.394 		-3.44 		15.476
v 0.3566 		-0.1332 		14.72
v 0.413 		-0.218 		14.7038
v -0.314 		-0.066 		27.933
v 1.59 		-3.539 		15.476
v 1.905 		4.35 		15.264
v -0.282 		-0.252 		27.933
v 4.976 		4.062 		15.067
v 1.718 		4.267 		15.264
v 4.935 		7.715 		22.963
v 1.536 		4.175 		15.264
v 5.012 		3.696 		14.886
v -0.24 		-0.437 		27.933
v 4.853 		3.766 		14.886
v 4.579 		7.776 		22.963
v 4.691 		3.829 		14.886
v -0.622 		-0.111 		27.736
v 4.526 		3.883 		14.886
v -0.587 		-0.313 		27.736
v 1.358 		4.074 		15.264
v 4.963 		-6.856 		21.5
v -0.542 		-0.512 		27.736
v 4.359 		3.93 		14.886
v 4.234 		-6.955 		21.132
v 4.599 		-6.91 		21.132
v 4.19 		3.968 		14.886
v 4.961 		-6.847 		21.132
v 1.257 		-3.696 		15.702
v 0.4527 		-0.263 		14.691
v 0.5648 		-0.39 		14.658
v 0.565 		-0.3902 		14.658
v 0.4786 		-0.2923 		14.6833
v 1.466 		-3.801 		15.702
v 9.066 		-1.805 		25.968
v 0.586 		-0.414 		14.6525
v 1.679 		-3.896 		15.702
v 4.232 		-6.928 		20.765
v 4.595 		-6.883 		20.765
v 1.897 		-3.98 		15.702
v 2.024 		4.062 		15.067
v -0.19 		-0.619 		27.933
v -0.13 		-0.799 		27.933
v 4.221 		7.82 		22.963
v 4.956 		-6.82 		20.765
v 0.969 		-0.853 		14.571
v -0.062 		-0.976 		27.933
v 9.172 		-1.529 		25.968
v -0.487 		-0.71 		27.736
v 4.947 		7.776 		22.6
v -0.423 		-0.904 		27.736
v 1.79 		-3.628 		15.476
v 4.589 		7.839 		22.6
v 1.995 		-3.707 		15.476
v 2.981 		3.997 		14.886
v 2.81 		3.968 		14.886
v 4.431 		3.569 		14.72
v 8.267 		-2.357 		26.537
v 2.641 		3.93 		14.886
v 4.279 		3.611 		14.72
v 8.401 		-2.12 		26.537
v 2.474 		3.883 		14.886
v 4.126 		3.645 		14.72
v -0.968 		0.5 		27.524
v -0.962 		0.281 		27.524
v 8.321 		-2.721 		26.258
v -0.946 		0.062 		27.524
v 4.227 		7.883 		22.6
v 2.038 		-4.32 		15.943
v 2.276 		-4.386 		15.943
v -0.946 		0.938 		27.524
v 0.627 		-0.4502 		14.6404
v 0.6898 		-0.5056 		14.6219
v 5.012 		3.328 		14.72
v 0.7242 		-0.536 		14.6124
v 2.309 		3.829 		14.886
v -0.962 		0.719 		27.524
v 2.517 		-4.44 		15.943
v 0.782 		-0.587 		14.5966
v 4.871 		3.399 		14.72
v 2.147 		3.766 		14.886
v 4.727 		3.463 		14.72
v 0.905 		-0.727 		14.571
v 8.473 		-2.481 		26.258
v 2.761 		-4.482 		15.943
v 3.006 		-4.512 		15.943
v 3.132 		-6.991 		21.5
v 4.727 		3.095 		14.571
v 3.5 		-7 		21.5
v 3.868 		-6.991 		21.5
v 4.598 		3.152 		14.571
v 3.132 		-6.982 		21.132
v -0.919 		-0.156 		27.524
v 3.5 		-6.991 		21.132
v 3.868 		-6.982 		21.132
v 8.613 		-2.233 		26.258
v -0.882 		-0.372 		27.524
v -0.834 		-0.586 		27.524
v 4.956 		7.82 		22.235
v 3.134 		-6.955 		20.765
v 3.5 		-6.964 		20.765
v -0.775 		-0.797 		27.524
v 4.595 		7.883 		22.235
v 3.866 		-6.955 		20.765
v -0.707 		-1.005 		27.524
v 4.232 		7.928 		22.235
v 2.211 		-4.644 		16.197
v 2.465 		-4.701 		16.197
v 4.961 		7.847 		21.868
v 2.722 		-4.746 		16.197
v 4.599 		7.91 		21.868
v 2.98 		-4.778 		16.197
v 3.029 		3.672 		14.72
v 2.044 		-6.82 		22.235
v 0.7946 		-0.5954 		14.5927
v 0.8175 		-0.6106 		14.5856
v 4.234 		7.955 		21.868
v 0.8686 		-0.6446 		14.571
v 2.874 		3.645 		14.72
v 0.9561 		-0.7028 		14.5491
v 2.405 		-6.883 		22.235
v 0.9812 		-0.7195 		14.5434
v 4.58 		3.519 		14.72
v 2.721 		3.611 		14.72
v 2.768 		-6.928 		22.235
v 4.467 		3.202 		14.571
v 2.569 		3.569 		14.72
v 4.333 		3.247 		14.571
v 2.039 		-6.847 		21.868
v 4.197 		3.284 		14.571
v 2.401 		-6.91 		21.868
v 3.925 		2.635 		14.323
v 4.963 		7.856 		21.5
v 4.6 		7.919 		21.5
v 2.572 		-4.167 		15.702
v -1.252 		0.267 		27.298
v 4.235 		7.964 		21.5
v 3.943 		2.268 		14.225
v -1.258 		0.5 		27.298
v -1.235 		0.034 		27.298
v 2.802 		-4.206 		15.702
v 4.961 		7.847 		21.132
v 4.599 		7.91 		21.132
v -1.235 		0.966 		27.298
v 4.019 		3.997 		14.886
v 4.234 		7.955 		21.132
v 3.034 		-4.235 		15.702
v 2.766 		-6.955 		21.868
v 4.956 		7.82 		20.765
v 8.813 		-2.34 		25.968
v 4.595 		7.883 		20.765
v 4.232 		7.928 		20.765
v 8.946 		-2.076 		25.968
v -1.252 		0.733 		27.298
v 3.993 		1.878 		14.144
v 1 		-4.177 		16.197
v 1.233 		-4.294 		16.197
v 9 		-2.44 		25.667
v 1.333 		-6.642 		22.235
v 1.471 		-4.4 		16.197
v 1.686 		-6.74 		22.235
v 9.137 		-2.166 		25.667
v 4.06 		3.315 		14.571
v 1.713 		-4.493 		16.197
v 1.325 		-6.668 		21.868
v 1.961 		-4.575 		16.197
v 1.68 		-6.766 		21.868
v 8.206 		6.235 		20.4
v 3.971 		1.495 		14.081
v 8.339 		-3.089 		25.968
v 2.94 		3.315 		14.571
v 5.095 		2.886 		14.571
v 4.976 		2.962 		14.571
v 2.037 		-6.856 		21.5
v 8.509 		-2.847 		25.968
v 3.9831 		1.2591 		14.0563
v 3.983 		1.261 		14.0565
v 2.803 		3.284 		14.571
v 2.4 		-6.919 		21.5
v 1.573 		-4.153 		15.943
v 3.9833 		1.256 		14.056
v 7.919 		6.459 		20.4
v 4.853 		3.031 		14.571
v 1.803 		-4.242 		15.943
v 2.667 		3.247 		14.571
v 2.765 		-6.964 		21.5
v 7.622 		6.669 		20.4
v 2.039 		-6.847 		21.132
v -1.537 		0.5 		27.057
v 2.401 		-6.91 		21.132
v -1.512 		0.994 		27.057
v 3.9896 		1.1596 		14.0466
v 7.314 		6.863 		20.4
v 3.9917 		1.128 		14.0437
v 2.766 		-6.955 		21.132
v 3.9871 		1.1981 		14.0503
v 3.9852 		1.2267 		14.0531
v 4.904 		2.601 		14.438
v -1.531 		0.747 		27.057
v 2.044 		-6.82 		20.765
v 3.9969 		1.0474 		14.0365
v 3.9969 		1.0482 		14.0365
v 3.9973 		1.0418 		14.036
v 3.9939 		1.0933 		14.0406
v 8.167 		6.186 		20.037
v 2.405 		-6.883 		20.765
v 3.9975 		1.0386 		14.0358
v 7.882 		6.408 		20.037
v 4.799 		2.667 		14.438
v 2.768 		-6.928 		20.765
v 2.687 		-3.587 		15.264
v 3.9934 		1.1014 		14.0413
v 3.9999 		1.0018 		14.034
v -1.803 		0.5 		26.803
v 2.563 		-3.24 		15.067
v 8.667 		-2.597 		25.968
v 7.587 		6.616 		20.037
v 2.748 		-3.282 		15.067
v -1.797 		0.76 		26.803
v 2.42 		3.519 		14.72
v 2.934 		-3.314 		15.067
v 8.685 		-2.965 		25.667
v 2.273 		3.463 		14.72
v 7.282 		6.809 		20.037
v 8.849 		-2.706 		25.667
v 4.691 		2.728 		14.438
v 2.129 		3.399 		14.72
v 1.323 		-6.677 		21.5
v 1.678 		-6.775 		21.5
v 1.325 		-6.668 		21.132
v 2.533 		3.202 		14.571
v 1.68 		-6.766 		21.132
v 2.402 		3.152 		14.571
v 1.333 		-6.642 		20.765
v 1.686 		-6.74 		20.765
v 2.273 		3.095 		14.571
v 7.796 		-3.025 		26.537
v 7.964 		-2.81 		26.537
v 2.096 		-3.423 		15.264
v 8.115 		6.124 		19.678
v 2.29 		-3.487 		15.264
v 7.834 		6.344 		19.678
v -1.531 		0.253 		27.057
v 4.58 		2.784 		14.438
v 8.121 		-2.587 		26.537
v 2.488 		-3.542 		15.264
v -1.512 		0.006 		27.057
v 7.542 		6.549 		19.678
v 3.819 		2.654 		14.323
v 4.467 		2.834 		14.438
v 3.713 		2.667 		14.323
v 4.351 		2.879 		14.438
v -1.797 		0.24 		26.803
v 7.24 		6.74 		19.678
v 2.201 		-3.13 		15.067
v -1.778 		-0.02 		26.803
v 1.851 		3.986 		15.067
v 2.381 		-3.19 		15.067
v 4.233 		2.918 		14.438
v 9.173 		-2.9 		17.965
v 1.682 		3.9 		15.067
v 8.849 		-3.074 		17.644
v 4.114 		2.951 		14.438
v 1.518 		3.807 		15.067
v 3.856 		2.287 		14.225
v 9.018 		-2.807 		17.644
v 1.988 		3.696 		14.886
v 9.173 		-2.532 		17.644
v 1.833 		3.618 		14.886
v -1.206 		-0.198 		27.298
v 8.997 		5.482 		20.4
v 8.157 		-2.954 		26.258
v -1.167 		-0.428 		27.298
v -1.115 		-0.656 		27.298
v 8.746 		5.746 		20.4
v 2.889 		-3.622 		15.264
v 8.482 		5.997 		20.4
v 5.005 		2.529 		14.438
v 1.185 		3.965 		15.264
v 9.186 		5.167 		20.037
v 9.066 		-1.805 		17.032
v 8.95 		5.44 		20.037
v 1.018 		3.847 		15.264
v 8.849 		-3.074 		25.356
v 3.925 		1.9 		14.144
v 9.172 		-1.529 		17.032
v 1.536 		-3.175 		15.264
v 9.018 		-2.807 		25.356
v 3.856 		1.919 		14.144
v 8.701 		5.701 		20.037
v 1.718 		-3.267 		15.264
v -1.053 		-0.881 		27.298
v 1.358 		3.706 		15.067
v 1.203 		3.597 		15.067
v 9.173 		-2.532 		25.356
v 1.905 		-3.35 		15.264
v 8.44 		5.95 		20.037
v 9.173 		-2.9 		25.035
v 1.054 		3.481 		15.067
v 3.9332 		1.512 		14.0811
v 3.932 		1.518 		14.0819
v 1.682 		3.532 		14.886
v 1.536 		3.44 		14.886
v 9.124 		5.115 		19.678
v 3.9333 		1.5116 		14.081
v 8.741 		-1.979 		16.742
v 0.304 		-1.012 		14.886
v 3.9763 		1.2947 		14.0595
v 3.9783 		1.2847 		14.0586
v 8.891 		5.386 		19.678
v 3.9719 		1.3168 		14.0617
v 3.9624 		1.3647 		14.0662
v 7.25 		-3.25 		26.803
v 8.856 		-1.719 		16.742
v 1.394 		3.34 		14.886
v 3.9472 		1.4414 		14.0738
v 3.9467 		1.4439 		14.074
v 4.233 		2.55 		14.323
v 3.9591 		1.3816 		14.0678
v 8.644 		5.644 		19.678
v 3.9451 		1.4519 		14.0749
v 0.672 		-1.012 		14.72
v 4.132 		2.583 		14.323
v 8.959 		-1.453 		16.742
v 1.257 		3.233 		14.886
v 8.386 		5.891 		19.678
v 9.048 		-1.183 		16.742
v 5.282 		-3.267 		27.736
v 1.126 		3.12 		14.886
v 8.524 		-1.876 		16.463
v -1.482 		-0.239 		27.057
v 5.464 		-3.175 		27.736
v 0.046 		-2.334 		15.476
v -1.44 		-0.483 		27.057
v 8.634 		-1.627 		16.463
v 0.19 		-2.5 		15.476
v -1.386 		-0.724 		27.057
v 8.732 		-1.372 		16.463
v 3.607 		2.675 		14.323
v 5.039 		2.039 		14.323
v 4.962 		2.113 		14.323
v -1.32 		-0.962 		27.057
v 8.818 		-1.113 		16.463
v 4.881 		2.183 		14.323
v 6.143 		-3.456 		27.298
v 4.797 		2.249 		14.323
v 7.775 		6.265 		19.323
v 6.334 		-3.322 		27.298
v -1.746 		-0.278 		26.803
v 4.71 		2.31 		14.323
v 7.487 		6.468 		19.323
v 1.988 		3.328 		14.72
v 7.19 		6.656 		19.323
v 3.767 		2.303 		14.225
v 6.518 		-3.178 		27.298
v -1.701 		-0.535 		26.803
v 4.619 		2.367 		14.323
v 7.707 		6.172 		18.973
v 3.679 		2.314 		14.225
v 7.423 		6.371 		18.973
v 1.851 		3.25 		14.72
v -1.644 		-0.789 		26.803
v 1.718 		3.166 		14.72
v 9 		-2.44 		17.333
v 0.136 		-2.864 		15.702
v 7.35 		6.261 		18.63
v 1.59 		3.076 		14.72
v 9.137 		-2.166 		17.333
v 0.305 		-3.025 		15.702
v 6.5 		-3.546 		27.057
v 8.813 		-2.34 		17.032
v 8.946 		-2.076 		17.032
v 6.695 		-3.393 		27.057
v 0.341 		-2.659 		15.476
v -1.575 		-1.039 		26.803
v 6.882 		-3.232 		27.057
v 8.818 		5.32 		19.323
v 4.526 		2.42 		14.323
v 8.575 		5.575 		19.323
v 0.5 		-2.81 		15.476
v 6.864 		-3.6 		26.803
v 8.32 		5.818 		19.323
v 7.061 		-3.429 		26.803
v 0.666 		-2.954 		15.476
v 4.431 		2.468 		14.323
v 3.9272 		1.532 		14.0838
v 3.9285 		1.5282 		14.0833
v 3.9313 		1.5201 		14.0822
v 0.839 		-3.089 		15.476
v 3.906 		1.5945 		14.0927
v 4.333 		2.511 		14.323
v 8.685 		-2.965 		17.333
v 3.8991 		1.6148 		14.0955
v 3.869 		1.7033 		14.1085
v 3.8668 		1.7096 		14.1094
v 8.732 		5.242 		18.973
v 3.8808 		1.6685 		14.1034
v 8.849 		-2.706 		17.333
v 3.748 		3.015 		14.438
v 3.8534 		1.7491 		14.1154
v 8.493 		5.493 		18.973
v 3.848 		1.765 		14.1179
v 8.339 		-3.089 		17.032
v 3.624 		3.024 		14.438
v 6.298 		-3.688 		27.057
v 8.509 		-2.847 		17.032
v 8.242 		5.732 		18.973
v 6.226 		-4.049 		26.803
v 8.667 		-2.597 		17.032
v 6.446 		-3.91 		26.803
v 3.5 		2.677 		14.323
v 0.014 		-1.149 		15.067
v 8.634 		5.153 		18.63
v 8.4 		5.4 		18.63
v 0.1 		-1.318 		15.067
v 6.659 		-3.76 		26.803
v 0.193 		-1.482 		15.067
v 4.437 		2.063 		14.225
v 0.382 		-1.167 		14.886
v 3.5 		3.027 		14.438
v 8.321 		-2.721 		16.742
v 4.359 		2.107 		14.225
v 0.468 		-1.318 		14.886
v 8.473 		-2.481 		16.742
v 3.376 		3.024 		14.438
v 0.56 		-1.464 		14.886
v 4.279 		2.147 		14.225
v 8.613 		-2.233 		16.742
v 3.252 		3.015 		14.438
v 4.197 		2.184 		14.225
v 8.053 		6.048 		19.323
v 3.589 		2.32 		14.225
v 7.98 		5.959 		18.973
v 4.114 		2.216 		14.225
v 8.267 		-2.357 		16.463
v -0.35 		-1.095 		27.736
v 5.41 		-3.539 		27.524
v 8.401 		-2.12 		16.463
v 0.035 		-1.815 		15.264
v 5.606 		-3.44 		27.524
v -0.267 		-1.282 		27.736
v 5.797 		-3.332 		27.524
v 0.153 		-1.982 		15.264
v 8.153 		5.634 		18.63
v -0.175 		-1.464 		27.736
v 5.982 		-3.215 		27.524
v 7.896 		5.856 		18.63
v -0.074 		-1.642 		27.736
v 8.157 		-2.954 		16.742
v 0.294 		-1.642 		15.067
v 7.796 		-3.025 		16.463
v 0.403 		-1.797 		15.067
v 7.628 		6.066 		18.63
v 3.8275 		1.8064 		14.1239
v 7.964 		-2.81 		16.463
v 3.8465 		1.768 		14.1183
v 0.519 		-1.946 		15.067
v 3.8176 		1.8265 		14.1269
v 3.816 		1.8298 		14.1274
v 8.121 		-2.587 		16.463
v 5.946 		-3.581 		27.298
v 3.785 		1.935 		14.144
v 3.7622 		1.9389 		14.144
v 3.7347 		1.9945 		14.1553
v 0.66 		-1.606 		14.886
v 3.7631 		1.937 		14.1437
v 3.732 		2 		14.1564
v 0.767 		-1.743 		14.886
v 4.029 		2.612 		14.323
v 3.779 		1.9047 		14.1386
v 3.7762 		1.9104 		14.1395
v 6.672 		7.207 		20.4
v 0.88 		-1.874 		14.886
v 9.124 		-4.115 		19.678
v -0.628 		-1.21 		27.524
v 5.21 		-3.628 		27.524
v -0.539 		-1.41 		27.524
v 6.339 		7.354 		20.4
v 4.029 		2.244 		14.225
v 8.482 		-4.997 		20.4
v 5.103 		-3.98 		27.298
v 5.321 		-3.896 		27.298
v 6.645 		7.15 		20.037
v 8.746 		-4.746 		20.4
v 6.315 		7.296 		20.037
v -0.98 		-1.103 		27.298
v 5.534 		-3.801 		27.298
v -0.896 		-1.321 		27.298
v 8.997 		-4.482 		20.4
v 0.75 		-1.149 		14.72
v 6.284 		7.221 		19.678
v 5.743 		-3.696 		27.298
v 0.834 		-1.282 		14.72
v -0.801 		-1.534 		27.298
v 0.924 		-1.41 		14.72
v 8.44 		-4.95 		20.037
v 5.999 		7.485 		20.4
v 8.701 		-4.701 		20.037
v 5.654 		7.599 		20.4
v 2.147 		3.031 		14.571
v 8.95 		-4.44 		20.037
v 5.303 		7.696 		20.4
v -0.44 		-1.606 		27.524
v 4.789 		1.789 		14.225
v 9.186 		-4.167 		20.037
v -0.332 		-1.797 		27.524
v 5.653 		-4.053 		27.057
v -0.215 		-1.982 		27.524
v 5.978 		7.426 		20.037
v 5.874 		-3.942 		27.057
v 5.635 		7.539 		20.037
v 6.089 		-3.82 		27.057
v 3.393 		2.675 		14.323
v -0.696 		-1.743 		27.298
v 0.279 		-2.143 		15.264
v 0.413 		-2.298 		15.264
v 5.287 		7.635 		20.037
v -0.581 		-1.946 		27.298
v 4.724 		1.85 		14.225
v 0.554 		-2.446 		15.264
v 8.386 		-4.891 		19.678
v 8.644 		-4.644 		19.678
v 5.951 		7.35 		19.678
v 5.197 		-4.242 		27.057
v 5.612 		7.462 		19.678
v 0.643 		-2.089 		15.067
v 5.268 		7.557 		19.678
v 3.6585 		2.1105 		14.179
v 3.716 		2.024 		14.1612
v 5.427 		-4.153 		27.057
v 4.656 		1.909 		14.225
v 0.774 		-2.226 		15.067
v 3.6302 		2.153 		14.1881
v 3.587 		2.218 		14.202
v 4.586 		1.964 		14.225
v 0.911 		-2.357 		15.067
v 5.287 		-4.493 		26.803
v 5.529 		-4.4 		26.803
v 5.767 		-4.294 		26.803
v -0.942 		-1.874 		27.057
v 3.7244 		2.0114 		14.1587
v 6 		-4.177 		26.803
v 5.015 		1.512 		14.225
v 0.774 		5.049 		16.197
v 4.964 		1.586 		14.225
v 0.554 		4.91 		16.197
v 4.909 		1.656 		14.225
v 0.702 		-2.587 		15.264
v 8.891 		-4.386 		19.678
v 4.85 		1.724 		14.225
v 0.341 		4.76 		16.197
v 5.918 		7.258 		19.323
v 0.857 		-2.721 		15.264
v 0.136 		4.6 		16.197
v 5.583 		7.368 		19.323
v 0.911 		4.82 		15.943
v 5.244 		7.462 		19.323
v 0.702 		4.688 		15.943
v 5.879 		7.149 		18.973
v 0.136 		-3.6 		16.197
v 5.55 		7.258 		18.973
v 0.118 		-3.232 		15.943
v 4.512 		2.015 		14.225
v 8.321 		-3.456 		25.667
v 5.216 		7.35 		18.973
v 0.305 		-3.393 		15.943
v 8.509 		-3.215 		25.667
v -0.089 		-2.161 		27.524
v 0.5 		-3.546 		15.943
v 0.5 		4.546 		15.943
v -0.456 		-2.143 		27.298
v -0.322 		-2.334 		27.298
v 0.305 		4.393 		15.943
v 4.19 		1.79 		14.144
v 3.287 		2.667 		14.323
v -0.178 		-2.518 		27.298
v 5.184 		7.221 		18.63
v 0.118 		4.232 		15.943
v 7.232 		-3.618 		26.537
v 4.126 		1.823 		14.144
v -0.025 		-2.695 		27.298
v 0.341 		-3.76 		16.197
v 7.429 		-3.429 		26.537
v 0.554 		-3.91 		16.197
v 6.997 		7.043 		20.4
v 7.618 		-3.232 		26.537
v 8.115 		-5.124 		19.678
v 3.5843 		2.221 		14.2027
v 3.5687 		2.2387 		14.2066
v 6.968 		6.987 		20.037
v 3.56 		2.2486 		14.2087
v 7.178 		-3.982 		26.258
v 3.5 		2.322 		14.225
v 0.857 		4.456 		15.702
v 3.4953 		2.3219 		14.225
v 3.4299 		2.396 		14.2459
v 9.048 		-4.053 		19.323
v 7.393 		-3.796 		26.258
v 0.774 		-4.049 		16.197
v 6.93 		6.916 		19.678
v 4.535 		1.535 		14.144
v 3.4968 		2.3201 		14.2246
v 6.611 		7.077 		19.678
v 8.959 		-3.98 		18.973
v 3.414 		2.414 		14.2509
v 4.483 		1.584 		14.144
v 7.6 		-3.6 		26.258
v 3.5001 		2.3164 		14.2237
v 3.5 		2.3166 		14.2238
v 9.172 		-3.707 		18.973
v 0.702 		-3.688 		15.943
v 3.4991 		2.3176 		14.224
v -0.82 		-2.089 		27.057
v 0.666 		4.322 		15.702
v 4.428 		1.631 		14.144
v 7.796 		-3.393 		26.258
v 0.482 		4.178 		15.702
v -0.688 		-2.298 		27.057
v 8.856 		-3.896 		18.63
v 6.883 		6.83 		19.323
v 4.372 		1.675 		14.144
v 7.982 		-3.178 		26.258
v 4.313 		1.717 		14.144
v 9.066 		-3.628 		18.63
v -0.546 		-2.5 		27.057
v 6.569 		6.988 		19.323
v 4.252 		1.755 		14.144
v 6.247 		7.131 		19.323
v 0.839 		4.089 		15.476
v 7.13 		6.557 		18.973
v 6.829 		6.728 		18.973
v -0.91 		-2.446 		26.803
v 6.519 		6.884 		18.973
v 3.181 		2.654 		14.323
v 8.32 		-4.818 		19.323
v 6.202 		7.024 		18.973
v 8.575 		-4.575 		19.323
v 0.305 		4.025 		15.702
v 8.818 		-4.32 		19.323
v 0.136 		3.864 		15.702
v 7.546 		-3.964 		25.968
v 3.2758 		2.536 		14.2874
v 3.2685 		2.5424 		14.2895
v 0.911 		-3.82 		15.943
v 0.666 		3.954 		15.476
v 7.76 		-3.76 		25.968
v -0.393 		-2.695 		27.057
v 3.218 		2.587 		14.3034
v 3.4059 		2.4212 		14.2529
v 0.5 		3.81 		15.476
v -0.232 		-2.882 		27.057
v 5.063 		1.437 		14.225
v 3.304 		2.5111 		14.2797
v 7.964 		-3.546 		25.968
v 3.3018 		2.513 		14.2803
v 3.3519 		2.4688 		14.267
v 0.341 		3.659 		15.476
v -0.061 		-3.061 		27.057
v 8.157 		-3.322 		25.968
v 7.062 		6.443 		18.63
v 0.19 		3.5 		15.476
v 8.242 		-4.732 		18.973
v 0.482 		-3.178 		15.702
v -0.76 		-2.659 		26.803
v 8.493 		-4.493 		18.973
v 6.766 		6.611 		18.63
v 0.046 		3.334 		15.476
v -0.6 		-2.864 		26.803
v 0.666 		-3.322 		15.702
v 8.732 		-4.242 		18.973
v -0.429 		-3.061 		26.803
v 6.463 		6.764 		18.63
v 0.857 		-3.456 		15.702
v 7.91 		-3.91 		25.667
v 6.152 		6.902 		18.63
v 3.1308 		2.645 		14.323
v 3.1339 		2.6429 		14.3223
v 3.188 		2.607 		14.3099
v 3.1881 		2.6069 		14.3098
v 8.121 		-3.688 		25.667
v 4.717 		1.313 		14.144
v 3.177 		2.6143 		14.3124
v 4.675 		1.372 		14.144
v 8.4 		-4.4 		18.63
v 4.631 		1.428 		14.144
v 4.584 		1.483 		14.144
v 8.634 		-4.153 		18.63
v -1.242 		-1.197 		27.057
v 7.322 		-4.157 		25.968
v -1.153 		-1.427 		27.057
v 7.215 		-4.509 		25.667
v 5.834 		7.024 		18.63
v 3.218 		2.587 		0
v 3.414 		2.414 		0
v 3.587 		2.218 		0
v 3.732 		2 		0
v 3.848 		1.765 		0
v 7.456 		-4.321 		25.667
v 3.932 		1.518 		0
v 3.983 		1.261 		0
v 4 		1 		0
v -1.053 		-1.653 		27.057
v 4.852 		1.06 		14.144
v 1 		2.732 		0
v 1.235 		2.848 		0
v 1.482 		2.932 		0
v 1.739 		2.983 		0
v 2 		3 		0
v 2.261 		2.983 		0
v 2.518 		2.932 		0
v 2.765 		2.848 		0
v 3 		2.732 		0
v 5.511 		7.131 		18.63
v 0 		1 		0
v 0.017 		1.261 		0
v 0.068 		1.518 		0
v 7.688 		-4.121 		25.667
v 0.152 		1.765 		0
v 0.268 		2 		0
v 0.413 		2.218 		0
v 0.586 		2.414 		0
v 4.823 		1.126 		14.144
v 0.782 		2.587 		0
v -1.493 		-1.287 		26.803
v 3.983 		0.739 		0
v 3.932 		0.482 		0
v 3.848 		0.235 		0
v 3.732 		0 		0
v 3.587 		-0.218 		0
v 3.414 		-0.414 		0
v 3.218 		-0.587 		0
v -1.4 		-1.529 		26.803
v 2 		-1 		0
v 1.739 		-0.983 		0
v 1.482 		-0.932 		0
v 1.235 		-0.848 		0
v 1 		-0.732 		0
v 3 		-0.732 		0
v 2.765 		-0.848 		0
v 2.518 		-0.932 		0
v 2.261 		-0.983 		0
v 4.79 		1.19 		14.144
v 0.782 		-0.587 		0
v 0.586 		-0.414 		0
v 0.413 		-0.218 		0
v 0.268 		0 		0
v 0.152 		0.235 		0
v 0.068 		0.482 		0
v 0.017 		0.739 		0
v 9.315 		3.25 		25.356
v -1.294 		-1.767 		26.803
v 4.755 		1.252 		14.144
v 8.267 		-3.82 		25.356
v -1.177 		-2 		26.803
v 0.857 		3.721 		15.264
v 0.702 		3.587 		15.264
v 8.473 		-3.581 		25.356
v 7.267 		6.137 		18.293
v 8.053 		-5.048 		19.323
v 7.98 		-4.959 		18.973
v 8.667 		-3.332 		25.356
v 8.294 		5.294 		18.293
v 8.177 		5.177 		17.965
v 0.554 		3.446 		15.264
v 7.628 		-5.066 		18.63
v 0.413 		3.298 		15.264
v -1.049 		-2.226 		26.803
v 7.896 		-4.856 		18.63
v 0.279 		3.143 		15.264
v 8.153 		-4.634 		18.63
v 4.278 		1.278 		14.081
v 8.053 		5.524 		18.293
v 8.401 		-3.942 		25.035
v 9.479 		3.328 		25.035
v -2.057 		0.5 		26.537
v -2.05 		0.227 		26.537
v 4.239 		1.315 		14.081
v 9.333 		3.618 		25.035
v 4.198 		1.351 		14.081
v 7.801 		5.741 		18.293
v 8.613 		-3.696 		25.035
v 0.911 		3.357 		15.067
v 3.921 		-0.517 		14.081
v 4.156 		1.384 		14.081
v 4.111 		1.415 		14.081
v 3.871 		-0.536 		14.081
v 0.774 		3.226 		15.067
v 8.813 		-3.44 		25.035
v 3.971 		-0.495 		14.081
v 7.539 		5.946 		18.293
v 9 		-3.175 		25.035
v 0.643 		3.089 		15.067
v -2.05 		0.773 		26.537
v 8.524 		-4.053 		24.707
v 8.206 		-5.235 		20.4
v 7.942 		5.401 		17.965
v 8.741 		-3.801 		24.707
v 7.696 		5.613 		17.965
v 8.946 		-3.539 		24.707
v 9.764 		3.095 		24.707
v 7.44 		5.813 		17.965
v 9.629 		3.399 		24.707
v -2.291 		0.216 		26.258
v 9.137 		-3.267 		24.707
v 7.314 		-5.863 		20.4
v -2.298 		0.5 		26.258
v 7.622 		-5.669 		20.4
v 7.175 		6 		17.965
v 4.471 		1.019 		14.081
v 4.444 		1.066 		14.081
v -2.291 		0.784 		26.258
v 7.919 		-5.459 		20.4
v 4.415 		1.111 		14.081
v -2.517 		0.204 		25.968
v 4.384 		1.156 		14.081
v 7.282 		-5.809 		20.037
v 4.351 		1.198 		14.081
v -2.524 		0.5 		25.968
v 8.049 		-4.049 		25.356
v 7.587 		-5.616 		20.037
v 7.82 		5.267 		17.644
v -2.517 		0.796 		25.968
v 7.882 		-5.408 		20.037
v 7.581 		5.473 		17.644
v 8.167 		-5.186 		20.037
v 9.479 		3.696 		24.707
v 8.177 		-4.177 		25.035
v 7.332 		5.667 		17.644
v 3.925 		2.635 		28.677
v 8.294 		-4.294 		24.707
v -2.729 		0.194 		25.667
v -2.736 		0.5 		25.667
v 9.315 		3.986 		24.707
v 3.819 		-0.553 		14.081
v 4.315 		1.239 		14.081
v 3.819 		2.654 		28.677
v 7.332 		-4.667 		25.356
v 7.24 		-5.74 		19.678
v -2.729 		0.806 		25.667
v 7.581 		-4.473 		25.356
v 7.542 		-5.549 		19.678
v 3.713 		2.667 		28.677
v 7.82 		-4.267 		25.356
v 7.834 		-5.344 		19.678
v 3.607 		2.675 		28.677
v 7.688 		5.121 		17.333
v 7.456 		5.321 		17.333
v 7.215 		5.509 		17.333
v 3.608 		-0.595 		14.081
v 3.661 		-0.589 		14.081
v 7.322 		5.157 		17.032
v -2.03 		-0.045 		26.537
v 7.175 		-5 		25.035
v 4.06 		1.852 		14.144
v -1.997 		-0.315 		26.537
v 3.715 		-0.579 		14.081
v 7.19 		-5.656 		19.323
v -1.95 		-0.584 		26.537
v 7.44 		-4.813 		25.035
v -1.891 		-0.85 		26.537
v 7.487 		-5.468 		19.323
v 3.767 		-0.567 		14.081
v 9.265 		2.249 		25.968
v 7.696 		-4.613 		25.035
v 6.986 		6.315 		18.293
v 9.468 		2.31 		25.667
v 7.775 		-5.265 		19.323
v 7.942 		-4.401 		25.035
v 6.696 		6.479 		18.293
v 9.371 		2.601 		25.667
v 6.399 		6.629 		18.293
v 4.066 		1.444 		14.081
v 9.261 		2.886 		25.667
v 7.423 		-5.371 		18.973
v 4.019 		1.471 		14.081
v 7.707 		-5.172 		18.973
v 6.9 		6.173 		17.965
v 7.267 		-5.137 		24.707
v -2.27 		-0.068 		26.258
v 3.856 		-0.919 		14.144
v 7.35 		-5.261 		18.63
v 6.618 		6.333 		17.965
v 7.539 		-4.946 		24.707
v 3.925 		-0.9 		14.144
v -2.235 		-0.351 		26.258
v 3.993 		-0.878 		14.144
v 6.328 		6.479 		17.965
v 7.801 		-4.741 		24.707
v -2.186 		-0.631 		26.258
v 3.5 		2.677 		28.677
v 8.053 		-4.524 		24.707
v 3.393 		2.675 		28.677
v 6.532 		6.173 		17.644
v -2.124 		-0.909 		26.258
v 3.287 		2.667 		28.677
v 6.25 		6.315 		17.644
v 3.181 		2.654 		28.677
v 6.339 		-6.354 		20.4
v 3.572 		-0.961 		14.144
v 3.075 		2.635 		28.677
v 6.672 		-6.207 		20.4
v 4.02 		1.02 		14.036
v 3.643 		-0.956 		14.144
v 6.997 		-6.043 		20.4
v 6.095 		6.764 		18.293
v 3.715 		-0.947 		14.144
v 3.785 		-0.935 		14.144
v -2.495 		-0.09 		25.968
v 5.784 		6.884 		18.293
v -2.459 		-0.384 		25.968
v 6.315 		-6.296 		20.037
v 5.468 		6.988 		18.293
v 8.803 		0.5 		16.197
v -2.408 		-0.675 		25.968
v 6.645 		-6.15 		20.037
v 9.27 		1.068 		26.258
v 8.797 		0.76 		16.197
v 5.147 		7.077 		18.293
v 6.81 		-3.964 		26.537
v -2.344 		-0.964 		25.968
v 9.235 		1.351 		26.258
v 8.537 		0.5 		15.943
v 3.339 		-0.589 		14.081
v 6.968 		-5.987 		20.037
v 6.031 		6.611 		17.965
v -2.706 		-0.111 		25.667
v 7.025 		-3.796 		26.537
v 5.728 		6.728 		17.965
v 8.531 		0.747 		15.943
v 3.392 		-0.595 		14.081
v -2.669 		-0.415 		25.667
v 5.42 		6.83 		17.965
v 6.284 		-6.221 		19.678
v -2.616 		-0.717 		25.667
v 3.446 		-0.599 		14.081
v 8.512 		0.994 		15.943
v 5.107 		6.916 		17.965
v 6.611 		-6.077 		19.678
v 3.943 		2.268 		28.775
v 3.5 		-0.6 		14.081
v -2.549 		-1.015 		25.667
v 6.93 		-5.916 		19.678
v 6.357 		-4.267 		26.537
v 3.856 		2.287 		28.775
v 3.554 		-0.599 		14.081
v 6.12 		-4.401 		26.537
v 3.767 		2.303 		28.775
v 6.587 		-4.121 		26.537
v 3.679 		2.314 		28.775
v 8.778 		-0.02 		16.197
v 3.589 		2.32 		28.775
v 6.233 		-4.613 		26.258
v 8.797 		0.24 		16.197
v 6.481 		-4.473 		26.258
v 6.721 		-4.321 		26.258
v 6.954 		-4.157 		26.258
v -2.933 		0.5 		25.356
v -2.925 		0.184 		25.356
v 3.0775 		-0.6805 		14.1076
v 5.962 		6.443 		17.644
v 3.048 		-0.7001 		14.1126
v 3.1585 		-0.6266 		14.0944
v 5.667 		6.557 		17.644
v 3.1515 		-0.6312 		14.0955
v 3.1323 		-0.644 		14.0986
v 8.512 		0.006 		15.943
v 5.303 		-6.696 		20.4
v 3.218 		-0.587 		14.085
v 5.367 		6.656 		17.644
v 8.531 		0.253 		15.943
v 3.285 		-0.579 		14.081
v 5.654 		-6.599 		20.4
v -2.925 		0.816 		25.356
v 3.5 		2.322 		28.775
v 3.411 		2.32 		28.775
v 5.999 		-6.485 		20.4
v 8.235 		0.034 		15.702
v 6.847 		-4.509 		25.968
v 3.357 		-0.956 		14.144
v 3.428 		-0.961 		14.144
v 5.287 		-6.635 		20.037
v 7.089 		-4.339 		25.968
v 3.321 		2.314 		28.775
v 3.5 		-0.963 		14.144
v 8.252 		0.267 		15.702
v 3.233 		2.303 		28.775
v 5.635 		-6.539 		20.037
v 5.978 		-6.426 		20.037
v 3.144 		2.287 		28.775
v 8.258 		0.5 		15.702
v -2.902 		-0.131 		25.356
v 7.074 		5.849 		17.644
v 3.057 		2.268 		28.775
v 8.252 		0.733 		15.702
v 6.807 		6.018 		17.644
v -2.863 		-0.444 		25.356
v 6.34 		-4.813 		25.968
v 5.268 		-6.557 		19.678
v 8.235 		0.966 		15.702
v -2.809 		-0.755 		25.356
v 6.597 		-4.667 		25.968
v 5.612 		-6.462 		19.678
v 3.075 		-0.9 		14.144
v -3.083 		-0.148 		25.035
v 6.166 		6.137 		17.333
v 6.166 		-5.137 		25.667
v -3.043 		-0.471 		25.035
v 5.951 		-6.35 		19.678
v 3.144 		-0.919 		14.144
v 6.44 		-5 		25.667
v 5.886 		6.261 		17.333
v -2.987 		-0.79 		25.035
v 6.706 		-4.849 		25.667
v 3.215 		-0.935 		14.144
v 9.495 		1.09 		25.968
v 6.965 		-4.685 		25.667
v 5.601 		6.371 		17.333
v 7.946 		0.062 		15.476
v 3.285 		-0.947 		14.144
v 9.459 		1.384 		25.968
v 7.962 		0.281 		15.476
v 5.31 		6.468 		17.333
v 7.968 		0.5 		15.476
v 7.962 		0.719 		15.476
v -0.964 		-2.81 		26.537
v 7.946 		0.938 		15.476
v 9.408 		1.675 		25.968
v -0.796 		-3.025 		26.537
v 6.247 		-6.131 		19.323
v 5.113 		-4.818 		26.537
v 5.529 		6.172 		17.032
v 6.569 		-5.988 		19.323
v 5.372 		-4.732 		26.537
v 9.344 		1.964 		25.968
v 5.249 		6.265 		17.032
v 6.883 		-5.83 		19.323
v -1.818 		-1.113 		26.537
v 3.993 		1.878 		28.856
v 5.627 		-4.634 		26.537
v 6.202 		-6.024 		18.973
v -1.732 		-1.372 		26.537
v 3.925 		1.9 		28.856
v 5.876 		-4.524 		26.537
v 6.519 		-5.884 		18.973
v 3.856 		1.919 		28.856
v 8.644 		-0.789 		16.197
v -1.634 		-1.627 		26.537
v 6.829 		-5.728 		18.973
v 9.706 		1.111 		25.667
v 8.701 		-0.535 		16.197
v 6.965 		5.685 		17.333
v 8.746 		-0.278 		16.197
v -1.524 		-1.876 		26.537
v 9.669 		1.415 		25.667
v 6.706 		5.849 		17.333
v 7.13 		-5.557 		18.973
v 5.183 		-5.048 		26.258
v 6.44 		6 		17.333
v 9.616 		1.717 		25.667
v 5.453 		-4.959 		26.258
v 3.847 		-0.148 		14.036
v 8.32 		-0.962 		15.943
v 7.089 		5.339 		17.032
v 3.878 		-0.131 		14.036
v 8.386 		-0.724 		15.943
v 9.549 		2.015 		25.667
v 5.719 		-4.856 		26.258
v -2.048 		-1.183 		26.258
v 6.847 		5.509 		17.032
v 3.908 		-0.111 		14.036
v -1.959 		-1.453 		26.258
v 8.44 		-0.483 		15.943
v 3.938 		-0.09 		14.036
v 5.979 		-4.741 		26.258
v -1.856 		-1.719 		26.258
v 6.597 		5.667 		17.032
v 3.966 		-0.068 		14.036
v 8.482 		-0.239 		15.943
v 3.994 		-0.045 		14.036
v 6.152 		-5.902 		18.63
v -1.741 		-1.979 		26.258
v 6.34 		5.813 		17.032
v 6.463 		-5.764 		18.63
v 3.785 		1.935 		28.856
v 6.766 		-5.611 		18.63
v 3.715 		1.947 		28.856
v 7.062 		-5.443 		18.63
v 3.643 		1.956 		28.856
v 5.805 		-5.066 		25.968
v 3.572 		1.961 		28.856
v 6.954 		5.157 		16.742
v -2.066 		-1.805 		25.968
v 6.076 		-4.946 		25.968
v 6.721 		5.321 		16.742
v 6.481 		5.473 		16.742
v 9.74 		2.063 		25.356
v 8.206 		-0.198 		15.702
v 6.233 		5.613 		16.742
v 9.656 		2.367 		25.356
v 6.807 		-5.018 		25.356
v 5.244 		-6.462 		19.323
v 7.074 		-4.849 		25.356
v -2.265 		-1.249 		25.968
v 8.167 		-0.428 		15.702
v 9.557 		2.667 		25.356
v 5.583 		-6.368 		19.323
v 6.587 		5.121 		16.463
v -2.172 		-1.529 		25.968
v 7.882 		-0.372 		15.476
v 6.357 		5.267 		16.463
v 9.443 		2.962 		25.356
v 5.918 		-6.258 		19.323
v 7.919 		-0.156 		15.476
v 6.12 		5.401 		16.463
v -2.468 		-1.31 		25.667
v 5.216 		-6.35 		18.973
v 3.713 		-0.203 		14.036
v 5.55 		-6.258 		18.973
v -2.371 		-1.601 		25.667
v 3.748 		-0.192 		14.036
v 5.249 		-5.265 		25.968
v 3.781 		-0.179 		14.036
v 5.879 		-6.149 		18.973
v -2.261 		-1.886 		25.667
v 6.076 		5.946 		17.032
v 5.529 		-5.172 		25.968
v 3.814 		-0.165 		14.036
v 8.053 		-0.881 		15.702
v 5.805 		6.066 		17.032
v 5.31 		-5.468 		25.667
v 8.115 		-0.656 		15.702
v 5.184 		-6.221 		18.63
v 5.601 		-5.371 		25.667
v 7.775 		-0.797 		15.476
v 5.511 		-6.131 		18.63
v 7.834 		-0.586 		15.476
v 5.834 		-6.024 		18.63
v 5.886 		-5.261 		25.667
v 9.916 		2.107 		25.035
v 5.979 		5.741 		16.742
v 9.83 		2.42 		25.035
v -1.401 		-2.12 		26.537
v 3.643 		-0.221 		14.036
v 5.719 		5.856 		16.742
v 3.679 		-0.213 		14.036
v -1.267 		-2.357 		26.537
v 9.728 		2.728 		25.035
v -1.121 		-2.587 		26.537
v 5.453 		5.959 		16.742
v 9.611 		3.031 		25.035
v 7.667 		0.5 		15.264
v 8.524 		-4.053 		18.293
v 10.077 		2.147 		24.707
v 5.183 		6.048 		16.742
v 7.662 		0.704 		15.264
v -1.613 		-2.233 		26.258
v 6.25 		-5.315 		25.356
v 8.741 		-3.801 		18.293
v -1.473 		-2.481 		26.258
v 7.647 		0.908 		15.264
v 9.988 		2.468 		24.707
v -1.321 		-2.721 		26.258
v 6.532 		-5.173 		25.356
v 5.876 		5.524 		16.463
v -1.157 		-2.954 		26.258
v 8.946 		-3.539 		18.293
v 9.884 		2.784 		24.707
v 7.356 		0.5 		15.067
v 3.2953 		-0.5188 		14.0735
v 3.2975 		-0.5168 		14.0732
v 6.328 		-5.479 		25.035
v 3.2758 		-0.536 		14.0761
v 5.627 		5.634 		16.463
v 6.618 		-5.333 		25.035
v 9.137 		-3.267 		18.293
v 3.3062 		-0.5091 		14.0721
v 7.351 		0.689 		15.067
v 3.3573 		-0.4641 		14.0655
v 3.4008 		-0.4257 		14.0601
v 3.4096 		-0.4179 		14.059
v 6.9 		-5.173 		25.035
v 3.3738 		-0.4495 		14.0634
v 8.401 		-3.942 		17.965
v 5.372 		5.732 		16.463
v 7.337 		0.878 		15.067
v 3.414 		-0.414 		14.0585
v 8.613 		-3.696 		17.965
v 6.399 		-5.629 		24.707
v 5.113 		5.818 		16.463
v -1.946 		-2.076 		25.968
v 3.921 		1.517 		28.919
v 8.813 		-3.44 		17.965
v 3.871 		1.536 		28.919
v 6.696 		-5.479 		24.707
v -1.813 		-2.34 		25.968
v 3.819 		1.553 		28.919
v 9 		-3.175 		17.965
v 6.986 		-5.315 		24.707
v 3.2275 		-0.5786 		14.0832
v -1.667 		-2.597 		25.968
v 3.2308 		-0.5757 		14.0826
v 3.2391 		-0.5684 		14.081
v -1.509 		-2.847 		25.968
v 7.647 		0.092 		15.264
v -1.339 		-3.089 		25.968
v 9.902 		1.131 		25.356
v 7.662 		0.296 		15.264
v -2 		-2.44 		25.667
v 9.863 		1.444 		25.356
v -1.849 		-2.706 		25.667
v 7.337 		0.122 		15.067
v 9.809 		1.755 		25.356
v -1.685 		-2.965 		25.667
v 7.351 		0.311 		15.067
v 5.367 		-5.656 		25.356
v 9.048 		5.053 		19.323
v 8.267 		-3.82 		17.644
v 10.083 		1.148 		25.035
v 5.667 		-5.557 		25.356
v 8.473 		-3.581 		17.644
v 9.172 		4.707 		18.973
v 10.043 		1.471 		25.035
v 8.959 		4.98 		18.973
v 5.962 		-5.443 		25.356
v 8.667 		-3.332 		17.644
v 9.987 		1.79 		25.035
v 7.542 		-0.512 		15.264
v 7.587 		-0.313 		15.264
v 7.622 		-0.111 		15.264
v 9.066 		4.628 		18.63
v 7.24 		-0.437 		15.067
v 8.856 		4.896 		18.63
v 7.282 		-0.252 		15.067
v 7.314 		-0.066 		15.067
v -2.137 		-2.166 		25.667
v 10.247 		1.165 		24.707
v 5.107 		-5.916 		25.035
v -2.74 		-1.063 		25.356
v 5.42 		-5.83 		25.035
v 10.207 		1.495 		24.707
v 8.049 		-4.049 		17.644
v 10.15 		1.823 		24.707
v -2.656 		-1.367 		25.356
v 5.728 		-5.728 		25.035
v 3.767 		1.567 		28.919
v 3.715 		1.579 		28.919
v -2.557 		-1.667 		25.356
v 9.137 		4.267 		18.293
v 6.031 		-5.611 		25.035
v 3.661 		1.589 		28.919
v 8.294 		-4.294 		18.293
v -2.443 		-1.962 		25.356
v 5.147 		-6.077 		24.707
v 8.946 		4.539 		18.293
v 8.177 		-4.177 		17.965
v 7.423 		-0.904 		15.264
v 5.468 		-5.988 		24.707
v 7.487 		-0.71 		15.264
v 8.741 		4.801 		18.293
v 8.524 		5.053 		18.293
v 5.784 		-5.884 		24.707
v 6.095 		-5.764 		24.707
v 9 		4.175 		17.965
v 7.267 		-5.137 		18.293
v 7.19 		-0.619 		15.067
v 8.813 		4.44 		17.965
v 7.539 		-4.946 		18.293
v -2.916 		-1.107 		25.035
v 3.608 		1.595 		28.919
v -2.83 		-1.42 		25.035
v 8.613 		4.696 		17.965
v 7.801 		-4.741 		18.293
v 8.053 		-4.524 		18.293
v -2.728 		-1.728 		25.035
v 8.401 		4.942 		17.965
v 6.997 		-0.019 		14.886
v 7.175 		-5 		17.965
v -2.611 		-2.031 		25.035
v 5.427 		5.153 		27.057
v 7.018 		0.153 		14.886
v -3.077 		-1.147 		24.707
v 7.44 		-4.813 		17.965
v 5.039 		-1.039 		28.677
v 7.031 		0.327 		14.886
v -2.988 		-1.468 		24.707
v 7.696 		-4.613 		17.965
v 3.5 		1.963 		28.856
v 7.035 		0.5 		14.886
v 7.942 		-4.401 		17.965
v -2.884 		-1.784 		24.707
v 7.031 		0.673 		14.886
v 5.197 		5.242 		27.057
v 8.849 		4.074 		17.644
v 7.018 		0.847 		14.886
v 8.667 		4.332 		17.644
v 6 		5.177 		26.803
v 3.428 		1.961 		28.856
v 3.5723 		-0.2347 		14.0363
v 3.5718 		-0.2352 		14.0364
v 8.473 		4.581 		17.644
v 3.56 		-0.2486 		14.038
v 3.357 		1.956 		28.856
v 3.575 		-0.2316 		14.036
v 3.608 		-0.227 		14.036
v 3.577 		-0.2293 		14.0359
v 8.267 		4.82 		17.644
v 4.512 		-1.015 		28.775
v 5.767 		5.294 		26.803
v 3.587 		-0.218 		14.0351
v -2.018 		-2.807 		25.356
v 5.529 		5.4 		26.803
v -1.849 		-3.074 		25.356
v 7.332 		-4.667 		17.644
v 5.287 		5.493 		26.803
v 7.581 		-4.473 		17.644
v 3.5323 		-0.28 		14.0417
v 3.5379 		-0.2736 		14.0409
v 7.82 		-4.267 		17.644
v 3.4322 		-0.3934 		14.0559
v 3.4576 		-0.3646 		14.0521
v 3.5 		-0.3166 		14.0461
v 8.049 		5.049 		17.644
v 3.4932 		-0.3243 		14.047
v 6.707 		0.5 		14.72
v 3.4855 		-0.3331 		14.0481
v -2.315 		-2.25 		25.356
v 3.5314 		-0.281 		14.0418
v 6.703 		0.657 		14.72
v -2.173 		-2.532 		25.356
v 9.173 		3.9 		17.965
v 6.691 		0.814 		14.72
v 9.173 		3.532 		17.644
v 9.018 		3.807 		17.644
v 6.672 		0.971 		14.72
v 8.321 		-3.456 		17.333
v 8.509 		-3.215 		17.333
v -2.479 		-2.328 		25.035
v -2.333 		-2.618 		25.035
v 6.37 		0.5 		14.571
v 6.367 		0.641 		14.571
v -2.173 		-2.9 		25.035
v 6.356 		0.781 		14.571
v 7.322 		5.157 		25.968
v -2.764 		-2.095 		24.707
v 7.91 		-3.91 		17.333
v -2.629 		-2.399 		24.707
v 6.339 		0.921 		14.571
v 8.121 		-3.688 		17.333
v -2.479 		-2.696 		24.707
v 8.509 		4.215 		17.333
v -2.315 		-2.986 		24.707
v 7.546 		-3.964 		17.032
v 7.688 		5.121 		25.667
v 8.321 		4.456 		17.333
v 7.456 		5.321 		25.667
v 7.76 		-3.76 		17.032
v 7.215 		5.509 		25.667
v 7.964 		-3.546 		17.032
v 8.157 		-3.322 		17.032
v 8.339 		4.089 		17.032
v 6.672 		0.029 		14.72
v 6.691 		0.186 		14.72
v 2.488 		-1.015 		28.775
v 3.285 		1.947 		28.856
v -3.106 		0.175 		25.035
v -3.114 		0.5 		25.035
v 3.215 		1.935 		28.856
v 6.703 		0.343 		14.72
v -3.106 		0.825 		25.035
v 3.144 		1.919 		28.856
v 6.339 		0.079 		14.571
v 3.075 		1.9 		28.856
v 8.121 		4.688 		17.333
v 6.356 		0.219 		14.571
v 7.91 		4.91 		17.333
v -3.272 		0.167 		24.707
v 6.367 		0.359 		14.571
v 7.178 		-3.982 		16.742
v -3.28 		0.5 		24.707
v 8.157 		4.322 		17.032
v 7.964 		4.546 		17.032
v 7.393 		-3.796 		16.742
v 1.961 		-1.039 		28.677
v 7.267 		6.137 		24.707
v -3.272 		0.833 		24.707
v 7.76 		4.76 		17.032
v 7.6 		-3.6 		16.742
v 7.546 		4.964 		17.032
v 4.619 		-1.367 		28.677
v 7.796 		-3.393 		16.742
v 4.71 		-1.31 		28.677
v 7.982 		-3.178 		16.742
v 8.177 		5.177 		25.035
v 6.027 		0.5 		14.438
v 4.797 		-1.249 		28.677
v 6.024 		0.624 		14.438
v 4.881 		-1.183 		28.677
v 3.554 		1.599 		28.919
v 7.232 		-3.618 		16.463
v 4.962 		-1.113 		28.677
v 8.294 		5.294 		24.707
v 6.015 		0.748 		14.438
v 3.7166 		-0.0231 		14.0236
v 3.5 		1.6 		28.919
v 3.716 		-0.024 		14.0236
v 7.982 		4.178 		16.742
v 3.7222 		-0.0148 		14.0232
v 3.732 		0 		14.0225
v -3.247 		-0.165 		24.707
v 7.429 		-3.429 		16.463
v 5.999 		0.871 		14.438
v -3.207 		-0.495 		24.707
v 7.796 		4.393 		16.742
v -3.15 		-0.823 		24.707
v 7.618 		-3.232 		16.463
v 5.978 		0.993 		14.438
v 7.82 		5.267 		25.356
v 7.6 		4.6 		16.742
v 7.581 		5.473 		25.356
v 7.393 		4.796 		16.742
v 3.446 		1.599 		28.919
v 3.392 		1.595 		28.919
v 7.178 		4.982 		16.742
v 4.114 		-1.216 		28.775
v 3.6309 		-0.152 		14.0308
v 3.6324 		-0.1497 		14.0307
v 7.332 		5.667 		25.356
v 3.6546 		-0.1164 		14.0287
v 3.339 		1.589 		28.919
v 4.197 		-1.184 		28.775
v 3.669 		-0.0947 		14.0274
v 3.6768 		-0.083 		14.0268
v 3.6585 		-0.1104 		14.0283
v 7.618 		4.232 		16.463
v 3.6814 		-0.0761 		14.0264
v 3.6977 		-0.0516 		14.025
v 4.279 		-1.147 		28.775
v 3.7144 		-0.0265 		14.0238
v -0.25 		-3.25 		26.803
v 7.429 		4.429 		16.463
v 3.7029 		-0.0437 		14.0246
v 5.978 		0.007 		14.438
v 4.359 		-1.107 		28.775
v -0.061 		-3.429 		26.803
v 7.232 		4.618 		16.463
v 4.437 		-1.063 		28.775
v 5.999 		0.129 		14.438
v 3.6031 		-0.1938 		14.0335
v 3.6291 		-0.1547 		14.031
v 3.6297 		-0.1538 		14.031
v 3.6045 		-0.1917 		14.0334
v 6.015 		0.252 		14.438
v 6.024 		0.376 		14.438
v 3.285 		1.579 		28.919
v 3.233 		1.567 		28.919
v 3.181 		1.553 		28.919
v 7.942 		5.401 		25.035
v 3.129 		1.536 		28.919
v -0.618 		-3.232 		26.537
v 7.696 		5.613 		25.035
v 3.079 		1.517 		28.919
v 9.137 		3.166 		17.333
v -0.429 		-3.429 		26.537
v 4.233 		-1.55 		28.677
v 9 		3.44 		17.333
v 7.44 		5.813 		25.035
v 6.883 		-0.526 		14.886
v 4.333 		-1.511 		28.677
v 7.175 		6 		25.035
v 8.849 		3.706 		17.333
v 6.93 		-0.359 		14.886
v -0.982 		-3.178 		26.258
v 4.431 		-1.468 		28.677
v 8.053 		5.524 		24.707
v 6.968 		-0.19 		14.886
v -0.796 		-3.393 		26.258
v 7.215 		-4.509 		17.333
v 8.685 		3.965 		17.333
v 4.526 		-1.42 		28.677
v 7.801 		5.741 		24.707
v -0.6 		-3.6 		26.258
v 7.456 		-4.321 		17.333
v 7.539 		5.946 		24.707
v 8.946 		3.076 		17.032
v 8.813 		3.34 		17.032
v 3.971 		1.495 		28.919
v 7.688 		-4.121 		17.333
v 8.667 		3.597 		17.032
v -0.232 		-3.618 		26.537
v 7.062 		-0.976 		15.067
v -0.025 		-3.796 		26.537
v 7.13 		-0.799 		15.067
v 8.509 		3.847 		17.032
v 7.322 		-4.157 		17.032
v 4.132 		-1.583 		28.677
v -0.393 		-3.796 		26.258
v 6.766 		-0.853 		14.886
v 6.829 		-0.691 		14.886
v -0.178 		-3.982 		26.258
v 5.529 		6.172 		25.968
v 3.589 		-1.32 		28.775
v 5.249 		6.265 		25.968
v 3.679 		-1.314 		28.775
v 3.767 		-1.303 		28.775
v 3.856 		-1.287 		28.775
v 8.613 		3.233 		16.742
v 3.943 		-1.268 		28.775
v 8.473 		3.481 		16.742
v -0.964 		-3.546 		25.968
v 6.569 		-0.431 		14.72
v 6.166 		6.137 		25.667
v 4.029 		-1.244 		28.775
v 8.321 		3.721 		16.742
v -0.76 		-3.76 		25.968
v 5.886 		6.261 		25.667
v 6.611 		-0.279 		14.72
v 6.807 		-5.018 		17.644
v 5.601 		6.371 		25.667
v -0.546 		-3.964 		25.968
v 5.31 		6.468 		25.667
v 7.074 		-4.849 		17.644
v 3.878 		1.131 		28.964
v 3.847 		1.148 		28.964
v 6.645 		-0.126 		14.72
v 8.401 		3.12 		16.463
v 3.8476 		0.2342 		14.0141
v 3.848 		0.235 		14.0141
v 3.8465 		0.232 		14.0142
v -0.91 		-3.91 		25.667
v 6.202 		-0.467 		14.571
v 8.267 		3.357 		16.463
v 6.247 		-0.333 		14.571
v 6.284 		-0.197 		14.571
v 6.81 		-3.964 		16.463
v 6.315 		-0.06 		14.571
v 6.587 		5.121 		26.537
v 6.357 		5.267 		26.537
v 3.057 		-1.268 		28.775
v 6.12 		5.401 		26.537
v 8.157 		3.954 		16.742
v 3.144 		-1.287 		28.775
v 6.954 		5.157 		26.258
v -0.322 		-4.157 		25.968
v 8.121 		3.587 		16.463
v 3.816 		0.1702 		14.0155
v 3.8165 		0.1712 		14.0155
v 3.233 		-1.303 		28.775
v 6.721 		5.321 		26.258
v 3.8206 		0.1794 		14.0153
v 3.994 		1.045 		28.964
v 7.025 		-3.796 		16.463
v 3.8291 		0.1968 		14.0148
v 3.8309 		0.2004 		14.0147
v 3.321 		-1.314 		28.775
v 7.964 		3.81 		16.463
v 3.8273 		0.193 		14.0149
v 3.938 		1.09 		28.964
v 3.411 		-1.32 		28.775
v 3.966 		1.068 		28.964
v 6.481 		5.473 		26.258
v 3.8408 		0.2204 		14.0144
v 7.796 		4.025 		16.463
v 6.399 		-0.871 		14.72
v 3.8374 		0.2136 		14.0145
v 6.463 		-0.727 		14.72
v 3.908 		1.111 		28.964
v 3.5 		-1.322 		28.775
v 6.233 		5.613 		26.258
v 3.7833 		0.104 		14.0177
v 3.7874 		0.1122 		14.0174
v 3.7938 		0.1252 		14.017
v 6.519 		-0.58 		14.72
v 3.8053 		0.1485 		14.0162
v 6.166 		-5.137 		17.333
v 3.8083 		0.1545 		14.016
v 3.8099 		0.1578 		14.0159
v 6.44 		-5 		17.333
v 3.734 		0.0041 		14.0222
v -0.089 		-4.339 		25.968
v 3.7489 		0.0342 		14.0208
v 3.7466 		0.0295 		14.021
v 3.7394 		0.0149 		14.0217
v 6.706 		-4.849 		17.333
v 3.7547 		0.046 		14.0202
v -0.688 		-4.121 		25.667
v 3.7624 		0.0616 		14.0195
v 7.025 		4.796 		16.463
v 3.7814 		0.1 		14.0179
v 3.814 		1.165 		28.964
v -0.456 		-4.321 		25.667
v 6.81 		4.964 		16.463
v 3.7826 		0.1025 		14.0178
v 6.152 		-0.598 		14.571
v 3.781 		1.179 		28.964
v -0.215 		-4.509 		25.667
v 3.748 		1.192 		28.964
v 3.713 		1.203 		28.964
v 3.607 		-1.675 		28.677
v 5.834 		-0.467 		14.438
v 9.172 		2.529 		17.032
v 5.879 		-0.351 		14.438
v 6.965 		-4.685 		17.333
v 3.713 		-1.667 		28.677
v 9.066 		2.805 		17.032
v 3.819 		-1.654 		28.677
v 5.918 		-0.233 		14.438
v 3.925 		-1.635 		28.677
v 6.34 		-4.813 		17.032
v 5.951 		-0.114 		14.438
v 3.679 		1.213 		28.964
v 4.029 		-1.612 		28.677
v 6.597 		-4.667 		17.032
v 3.643 		1.221 		28.964
v 6.847 		-4.509 		17.032
v 9.048 		2.183 		16.742
v 3.608 		1.227 		28.964
v -0.82 		-4.267 		25.356
v 3.572 		1.232 		28.964
v 8.959 		2.453 		16.742
v -0.581 		-4.473 		25.356
v 7.089 		5.339 		25.968
v 8.856 		2.719 		16.742
v 7.089 		-4.339 		17.032
v -0.332 		-4.667 		25.356
v 8.741 		2.979 		16.742
v -0.074 		-4.849 		25.356
v 8.818 		2.113 		16.463
v 3.075 		-1.635 		28.677
v 8.732 		2.372 		16.463
v 5.962 		-0.976 		14.571
v 3.181 		-1.654 		28.677
v 8.634 		2.627 		16.463
v 6.031 		-0.853 		14.571
v 8.524 		2.876 		16.463
v 3.8905 		0.36 		14.0125
v 3.8905 		0.36 		14.0125
v 6.233 		-4.613 		16.742
v 3.8956 		0.3749 		14.0125
v 3.8971 		0.3794 		14.0125
v 3.287 		-1.667 		28.677
v 3.8946 		0.3721 		14.0125
v 6.481 		-4.473 		16.742
v 6.095 		-0.727 		14.571
v -0.942 		-4.401 		25.035
v 3.9023 		0.3948 		14.0125
v 3.393 		-1.675 		28.677
v 3.9038 		0.3992 		14.0125
v 6.721 		-4.321 		16.742
v 3.9098 		0.4169 		14.0127
v 3.9103 		0.4183 		14.0127
v 3.9087 		0.4135 		14.0127
v -0.696 		-4.613 		25.035
v 3.5 		-1.677 		28.677
v 3.9154 		0.4332 		14.0129
v 3.9171 		0.4381 		14.013
v 3.9221 		0.4528 		14.0132
v 5.667 		-0.799 		14.438
v -0.44 		-4.813 		25.035
v 6.954 		-4.157 		16.742
v 3.9239 		0.4583 		14.0133
v 3.9289 		0.473 		14.0135
v 3.931 		0.4789 		14.0136
v -0.175 		-5 		25.035
v 3.9279 		0.47 		14.0135
v 5.728 		-0.691 		14.438
v 3.932 		0.482 		14.0137
v 3.85 		0.2408 		14.014
v 3.8506 		0.2426 		14.0139
v 5.784 		-0.58 		14.438
v 3.855 		0.2556 		14.0137
v -0.801 		-4.741 		24.707
v 3.8571 		0.2618 		14.0135
v 3.864 		0.2822 		14.0131
v -0.539 		-4.946 		24.707
v 3.8709 		0.3023 		14.0128
v 3.8692 		0.2974 		14.0129
v 6.12 		-4.401 		16.463
v 9.186 		1.631 		16.742
v 3.8687 		0.296 		14.0129
v 6.357 		-4.267 		16.463
v -0.267 		-5.137 		24.707
v 3.8759 		0.3171 		14.0127
v 9.124 		1.909 		16.742
v 3.8776 		0.3219 		14.0126
v 3.884 		0.3408 		14.0125
v 3.8825 		0.3364 		14.0125
v 3.8786 		0.3251 		14.0126
v 2.563 		-1.063 		28.775
v 6.847 		5.509 		25.968
v 3.8891 		0.3557 		14.0125
v 9.03 		1.045 		16.463
v 6.587 		-4.121 		16.463
v 8.997 		1.315 		16.463
v 2.641 		-1.107 		28.775
v 8.95 		1.584 		16.463
v 5.601 		-0.904 		14.438
v 2.721 		-1.147 		28.775
v 8.891 		1.85 		16.463
v 2.803 		-1.184 		28.775
v 2.886 		-1.216 		28.775
v 2.971 		-1.244 		28.775
v -1.157 		-3.322 		25.968
v 5.805 		-5.066 		17.032
v -1.509 		-3.215 		25.667
v -1.321 		-3.456 		25.667
v 4.947 		7.776 		20.4
v 6.597 		5.667 		25.968
v 5.677 		0.5 		14.323
v 3.9611 		0.6288 		14.0172
v 3.9635 		0.6407 		14.0176
v -1.121 		-3.688 		25.667
v 3.9595 		0.6208 		14.0169
v 3.9586 		0.616 		14.0167
v 5.675 		0.607 		14.323
v 4.589 		7.839 		20.4
v 6.076 		-4.946 		17.032
v 3.9661 		0.654 		14.0181
v 3.9689 		0.6681 		14.0186
v 3.9735 		0.6912 		14.0195
v 3.9746 		0.6966 		14.0197
v 3.9715 		0.681 		14.0191
v 5.667 		0.713 		14.323
v 3.536 		1.234 		28.964
v 4.227 		7.883 		20.4
v 3.977 		0.7086 		14.0202
v 3.5 		1.235 		28.964
v 3.9806 		0.7268 		14.021
v 5.654 		0.819 		14.323
v 2.569 		-1.468 		28.677
v 3.464 		1.234 		28.964
v 3.9829 		0.7385 		14.0215
v 3.983 		0.739 		14.0216
v -1.667 		-3.332 		25.356
v 4.935 		7.715 		20.037
v 6.34 		5.813 		25.968
v 3.9332 		0.488 		14.0138
v 5.635 		0.925 		14.323
v 3.9343 		0.4935 		14.0139
v 2.667 		-1.511 		28.677
v 3.9356 		0.5 		14.014
v -1.473 		-3.581 		25.356
v 3.9398 		0.5215 		14.0143
v 3.9385 		0.5145 		14.0142
v 3.9362 		0.5033 		14.014
v -1.267 		-3.82 		25.356
v 4.579 		7.776 		20.037
v 2.767 		-1.55 		28.677
v 3.9427 		0.536 		14.0146
v 3.9442 		0.5437 		14.0148
v -1.049 		-4.049 		25.356
v 3.9471 		0.5581 		14.0151
v 3.9488 		0.5666 		14.0153
v 5.183 		-5.048 		16.742
v 4.221 		7.82 		20.037
v 3.9528 		0.5867 		14.0158
v 3.9535 		0.5902 		14.0159
v 3.9516 		0.5809 		14.0157
v 5.453 		-4.959 		16.742
v 4.919 		7.635 		19.678
v 3.9562 		0.6037 		14.0163
v 3.428 		1.232 		28.964
v 3.9583 		0.6146 		14.0167
v 3.392 		1.227 		28.964
v 4.567 		7.696 		19.678
v 4.213 		7.74 		19.678
v 6.965 		5.685 		25.667
v 3.357 		1.221 		28.964
v 6.706 		5.849 		25.667
v 5.322 		0.5 		14.225
v 3.321 		1.213 		28.964
v 6.44 		6 		25.667
v 2.038 		-1.113 		28.677
v 5.32 		0.589 		14.225
v -2 		-3.175 		25.035
v 2.119 		-1.183 		28.677
v 5.314 		0.679 		14.225
v -1.813 		-3.44 		25.035
v 5.303 		0.767 		14.225
v 2.203 		-1.249 		28.677
v 2.29 		-1.31 		28.677
v 5.719 		-4.856 		16.742
v -1.613 		-3.696 		25.035
v 5.287 		0.856 		14.225
v 2.381 		-1.367 		28.677
v 5.979 		-4.741 		16.742
v -1.401 		-3.942 		25.035
v 3.9917 		0.872 		14.0273
v 3.9917 		0.8721 		14.0273
v 5.268 		0.943 		14.225
v 5.113 		-4.818 		16.463
v 3.9942 		0.9112 		14.0292
v 2.474 		-1.42 		28.677
v 3.9967 		0.949 		14.0312
v 3.9968 		0.9502 		14.0312
v 3.997 		0.9546 		14.0315
v 5.372 		-4.732 		16.463
v 3.9843 		0.7588 		14.0223
v 3.984 		0.7542 		14.0221
v 4.9 		7.539 		19.323
v 3.9833 		0.744 		14.0218
v 3.985 		0.7694 		14.0227
v 5.627 		-4.634 		16.463
v -1.946 		-3.539 		24.707
v 3.9864 		0.7912 		14.0236
v 3.9893 		0.8349 		14.0256
v 5.876 		-4.524 		16.463
v 4.553 		7.599 		19.323
v 3.9907 		0.8579 		14.0266
v 3.9912 		0.8644 		14.0269
v -1.741 		-3.801 		24.707
v 4.203 		7.642 		19.323
v -1.524 		-4.053 		24.707
v 2.868 		-1.583 		28.677
v 5.635 		0.075 		14.323
v 4.878 		7.426 		18.973
v 2.971 		-1.612 		28.677
v 5.654 		0.181 		14.323
v 4.536 		7.485 		18.973
v 5.667 		0.287 		14.323
v 3.287 		1.203 		28.964
v 5.675 		0.393 		14.323
v 4.192 		7.528 		18.973
v 3.252 		1.192 		28.964
v 3.219 		1.179 		28.964
v -2.137 		-3.267 		24.707
v 3.186 		1.165 		28.964
v 6.399 		-5.629 		18.293
v 4.852 		7.296 		18.63
v 3.153 		1.148 		28.964
v 4.517 		7.354 		18.63
v -1.177 		-4.177 		25.035
v 6.696 		-5.479 		18.293
v 4.179 		7.396 		18.63
v 3.122 		1.131 		28.964
v -1.294 		-4.294 		24.707
v 6.986 		-5.315 		18.293
v 1.471 		-1.005 		28.562
v -1.053 		-4.524 		24.707
v 5.268 		0.057 		14.225
v 5.287 		0.144 		14.225
v 2.024 		-0.9984 		14.3028
v 2.0292 		-0.9981 		14.3018
v 5.303 		0.233 		14.225
v 2.149 		-0.9903 		14.2773
v 5.314 		0.321 		14.225
v 2.23 		-0.985 		14.2615
v 2.261 		-0.983 		14.2555
v -3.024 		-1.834 		24.37
v 5.876 		5.524 		26.537
v 5.32 		0.411 		14.225
v 5.627 		5.634 		26.537
v 6.328 		-5.479 		17.965
v -2.902 		-2.152 		24.37
v 6.618 		-5.333 		17.965
v -2.764 		-2.463 		24.37
v 4.823 		7.15 		18.293
v -2.611 		-2.766 		24.37
v 6.9 		-5.173 		17.965
v 4.495 		7.207 		18.293
v -2.443 		-3.062 		24.37
v 4.165 		7.247 		18.293
v 6.25 		-5.315 		17.644
v 6.532 		-5.173 		17.644
v 4.79 		6.987 		17.965
v 5.005 		-1.529 		28.562
v 5.612 		-0.029 		14.323
v 4.471 		7.043 		17.965
v 4.148 		7.083 		17.965
v 5.063 		6.74 		17.644
v 4.755 		6.809 		17.644
v 5.55 		-0.233 		14.323
v 4.444 		6.863 		17.644
v -3.024 		-2.202 		24.027
v 4.131 		6.902 		17.644
v -2.884 		-2.519 		24.027
v 5.583 		-0.132 		14.323
v -2.728 		-2.829 		24.027
v 2.94 		-0.852 		14.144
v 5.372 		5.732 		26.537
v 3.007 		-0.878 		14.144
v 5.147 		-0.279 		14.225
v 5.113 		5.818 		26.537
v 5.184 		-0.197 		14.225
v 5.979 		5.741 		26.258
v 4.799 		-1.667 		28.562
v 5.216 		-0.114 		14.225
v -2.988 		-2.569 		23.677
v 5.015 		6.549 		17.333
v 5.147 		-6.077 		18.293
v -2.83 		-2.883 		23.677
v 4.717 		6.616 		17.333
v 5.244 		-0.029 		14.225
v 3.092 		1.111 		28.964
v 2.2876 		-0.9777 		14.2496
v 5.468 		-5.988 		18.293
v 4.415 		6.669 		17.333
v 3.062 		1.09 		28.964
v 2.414 		-0.964 		14.225
v 2.4025 		-0.9549 		14.225
v 5.784 		-5.884 		18.293
v 4.111 		6.706 		17.333
v 2.4239 		-0.9507 		14.2213
v 2.4301 		-0.9494 		14.2202
v 2.518 		-0.932 		14.2057
v -3.077 		-2.611 		23.322
v 6.095 		-5.764 		18.293
v 5.719 		5.856 		26.258
v 4.964 		6.344 		17.032
v 5.453 		5.959 		26.258
v -2.916 		-2.93 		23.322
v 4.675 		6.408 		17.032
v 5.107 		-5.916 		17.965
v 5.42 		-5.83 		17.965
v 4.384 		6.459 		17.032
v 5.728 		-5.728 		17.965
v 4.09 		6.495 		17.032
v -2.987 		-2.968 		22.963
v 5.183 		6.048 		26.258
v 6.031 		-5.611 		17.965
v -3.043 		-2.997 		22.6
v 2.5509 		-0.9208 		14.1994
v 2.5394 		-0.9247 		14.2016
v 2.536 		-0.9259 		14.2022
v 2.5983 		-0.9047 		14.1906
v 2.6734 		-0.8791 		14.1767
v 2.7542 		-0.8517 		14.1623
v 2.765 		-0.848 		14.1604
v 4.909 		6.124 		16.742
v 5.42 		-0.526 		14.323
v 2.874 		-0.823 		14.144
v 4.631 		6.186 		16.742
v 5.468 		-0.431 		14.323
v 4.351 		6.235 		16.742
v -3.083 		-3.018 		22.235
v 2.971 		2.612 		28.677
v 5.511 		-0.333 		14.323
v 5.107 		-0.359 		14.225
v -3.083 		-3.018 		20.765
v 4.068 		6.27 		16.742
v 6.076 		5.946 		25.968
v 5.367 		-5.656 		17.644
v 5.805 		6.066 		25.968
v 5.667 		-5.557 		17.644
v 4.85 		5.891 		16.463
v 2.868 		2.583 		28.677
v 4.584 		5.95 		16.463
v 2.767 		2.55 		28.677
v 4.315 		5.997 		16.463
v -3.421 		0.16 		24.37
v -3.429 		0.5 		24.37
v 5.113 		-0.962 		14.323
v 5.962 		-5.443 		17.644
v 5.183 		-0.881 		14.323
v -3.421 		0.84 		24.37
v 6.532 		6.173 		25.356
v 2.8784 		-0.792 		14.1389
v 2.8918 		-0.7854 		14.1368
v 5.249 		-0.797 		14.323
v 2.9833 		-0.7402 		14.1232
v 2.9872 		-0.7383 		14.1226
v 2.9028 		-0.78 		14.1351
v 6.25 		6.315 		25.356
v 5.31 		-0.71 		14.323
v 3 		-0.732 		14.1208
v 2.7841 		-0.8386 		14.1564
v -3.562 		0.5 		24.027
v -3.553 		0.154 		24.027
v 6.9 		6.173 		25.035
v 2.8455 		-0.8083 		14.144
v 5.367 		-0.619 		14.323
v 6.618 		6.333 		25.035
v 5.31 		-5.468 		17.333
v 6.328 		6.479 		25.035
v 5.601 		-5.371 		17.333
v 6.986 		6.315 		24.707
v 5.886 		-5.261 		17.333
v 2.667 		2.511 		28.677
v 6.696 		6.479 		24.707
v 2.569 		2.468 		28.677
v -3.553 		0.846 		24.027
v 5.249 		-5.265 		17.032
v 6.399 		6.629 		24.707
v 4.935 		0.785 		14.144
v 5.529 		-5.172 		17.032
v -3.668 		0.148 		23.677
v -3.677 		0.5 		23.677
v 4.919 		0.856 		14.144
v 4.9 		0.925 		14.144
v -3.668 		0.852 		23.677
v 2.971 		2.244 		28.775
v 4.878 		0.993 		14.144
v 2.886 		2.216 		28.775
v 4.227 		-6.883 		20.4
v 4.589 		-6.839 		20.4
v 2.803 		2.184 		28.775
v 2.721 		2.147 		28.775
v 4.947 		-6.776 		20.4
v 4.221 		-6.82 		20.037
v -3.396 		-0.179 		24.37
v 4.963 		0.5 		14.144
v 4.579 		-6.776 		20.037
v 5.962 		6.443 		25.356
v -3.354 		-0.517 		24.37
v 4.961 		0.572 		14.144
v 5.667 		6.557 		25.356
v 4.935 		-6.715 		20.037
v 3.0196 		-0.719 		14.1175
v -3.296 		-0.852 		24.37
v 5.367 		6.656 		25.356
v 4.956 		0.643 		14.144
v 4.947 		0.715 		14.144
v 4.213 		-6.74 		19.678
v -3.528 		-0.192 		24.027
v 4.6 		0.5 		14.081
v 4.599 		0.554 		14.081
v 4.567 		-6.696 		19.678
v -3.485 		-0.536 		24.027
v 4.595 		0.608 		14.081
v -3.426 		-0.878 		24.027
v 4.919 		-6.635 		19.678
v 1.9184 		-0.9947 		14.323
v 6.031 		6.611 		25.035
v 4.589 		0.661 		14.081
v 1.9232 		-0.995 		14.3221
v -3.642 		-0.203 		23.677
v 5.728 		6.728 		25.035
v -3.599 		-0.553 		23.677
v 2.641 		2.107 		28.775
v 5.42 		6.83 		25.035
v -3.539 		-0.9 		23.677
v 2.563 		2.063 		28.775
v 5.107 		6.916 		25.035
v 6.095 		6.764 		24.707
v 3.136 		-6.91 		20.4
v 3.5 		-6.919 		20.4
v 4.567 		0.767 		14.081
v 5.784 		6.884 		24.707
v 4.553 		0.819 		14.081
v 3.864 		-6.91 		20.4
v 5.468 		6.988 		24.707
v 4.536 		0.871 		14.081
v 4.517 		0.921 		14.081
v 3.139 		-6.847 		20.037
v 5.147 		7.077 		24.707
v 3.5 		-6.856 		20.037
v 4.495 		0.971 		14.081
v 3.861 		-6.847 		20.037
v -3.766 		0.143 		23.322
v 2.474 		2.42 		28.677
v -3.775 		0.5 		23.322
v -3.766 		0.857 		23.322
v 2.381 		2.367 		28.677
v 2.29 		2.31 		28.677
v 3.143 		-6.766 		19.678
v -3.847 		0.139 		22.963
v -3.856 		0.5 		22.963
v 3.5 		-6.775 		19.678
v 2.203 		2.249 		28.677
v 7.074 		5.849 		25.356
v -3.847 		0.861 		22.963
v 3.857 		-6.766 		19.678
v 2.119 		2.183 		28.677
v 6.807 		6.018 		25.356
v 2.038 		2.113 		28.677
v -3.91 		0.136 		22.6
v -3.919 		0.5 		22.6
v -3.91 		0.864 		22.6
v 4.131 		0.878 		14.036
v 4.111 		0.908 		14.036
v -3.74 		-0.213 		23.322
v -3.696 		-0.567 		23.322
v 4.203 		-6.642 		19.323
v 4.09 		0.938 		14.036
v -3.635 		-0.919 		23.322
v 1.961 		2.039 		28.677
v 4.553 		-6.599 		19.323
v 4.9 		-6.539 		19.323
v -3.82 		-0.221 		22.963
v 5.42 		1.526 		28.677
v -3.776 		-0.579 		22.963
v 4.192 		-6.528 		18.973
v -3.715 		-0.935 		22.963
v 5.367 		1.619 		28.677
v 3.007 		1.878 		28.856
v 4.536 		-6.485 		18.973
v 5.31 		1.71 		28.677
v 4.192 		0.748 		14.036
v -3.883 		-0.227 		22.6
v 2.94 		1.852 		28.856
v -3.839 		-0.589 		22.6
v -3.776 		-0.947 		22.6
v 4.878 		-6.426 		18.973
v 2.874 		1.823 		28.856
v 4.179 		0.781 		14.036
v 5.249 		1.797 		28.677
v 2.81 		1.79 		28.856
v 4.165 		0.814 		14.036
v 5.183 		1.881 		28.677
v 5.113 		1.962 		28.677
v -3.221 		-1.184 		24.37
v 4.179 		-6.396 		18.63
v 4.148 		0.847 		14.036
v -3.131 		-1.511 		24.37
v 4.517 		-6.354 		18.63
v -3.35 		-1.216 		24.027
v -3.258 		-1.55 		24.027
v 4.852 		-6.296 		18.63
v -3.149 		-1.879 		24.027
v -3.462 		-1.244 		23.677
v -3.368 		-1.583 		23.677
v -3.258 		-1.918 		23.677
v -3.131 		-2.247 		23.677
v 4.579 		0.715 		14.081
v 5.612 		1.029 		28.677
v -3.557 		-1.268 		23.322
v -3.462 		-1.612 		23.322
v 5.147 		1.279 		28.775
v -3.35 		-1.951 		23.322
v 5.107 		1.359 		28.775
v 3.148 		-6.668 		19.323
v 3.5 		-6.677 		19.323
v 5.511 		1.333 		28.677
v 2.748 		1.755 		28.856
v -3.635 		-1.287 		22.963
v 5.468 		1.431 		28.677
v 2.687 		1.717 		28.856
v -3.539 		-1.635 		22.963
v -3.426 		-1.978 		22.963
v 3.852 		-6.668 		19.323
v -3.696 		-1.303 		22.6
v 2.628 		1.675 		28.856
v 4.221 		0.643 		14.036
v -3.599 		-1.654 		22.6
v 3.154 		-6.553 		18.973
v 4.213 		0.679 		14.036
v 2.572 		1.631 		28.856
v -3.485 		-1.999 		22.6
v 3.5 		-6.562 		18.973
v 3.846 		-6.553 		18.973
v -3.221 		-2.284 		23.322
v -3.296 		-2.315 		22.963
v 3.16 		-6.421 		18.63
v 5.244 		1.029 		28.775
v -3.15 		-2.645 		22.963
v 2.488 		2.015 		28.775
v -3.354 		-2.339 		22.6
v 2.414 		1.964 		28.775
v -3.207 		-2.672 		22.6
v 5.216 		1.114 		28.775
v 3.5 		-6.429 		18.63
v 2.344 		1.909 		28.775
v 2.276 		1.85 		28.775
v 5.184 		1.197 		28.775
v 3.84 		-6.421 		18.63
v -3.955 		0.134 		22.235
v -3.964 		0.5 		22.235
v 2.211 		1.789 		28.775
v -3.955 		0.866 		22.235
v -3.982 		0.132 		21.868
v -3.991 		0.5 		21.868
v -3.982 		0.868 		21.868
v 5.583 		1.132 		28.677
v -3.928 		-0.232 		22.235
v 5.55 		1.233 		28.677
v -3.883 		-0.595 		22.235
v -3.82 		-0.956 		22.235
v 2.517 		1.584 		28.856
v 2.053 		-6.776 		20.4
v 2.465 		1.535 		28.856
v -3.955 		-0.234 		21.868
v -3.91 		-0.599 		21.868
v -3.847 		-0.961 		21.868
v 2.411 		-6.839 		20.4
v 2.773 		-6.883 		20.4
v -4 		0.5 		21.5
v -3.991 		0.132 		21.5
v -3.991 		0.868 		21.5
v 2.15 		1.724 		28.775
v -3.982 		0.132 		21.132
v 2.065 		-6.715 		20.037
v -3.991 		0.5 		21.132
v 7.25 		4.25 		26.803
v 2.091 		1.656 		28.775
v -3.982 		0.868 		21.132
v 2.036 		1.586 		28.775
v 2.421 		-6.776 		20.037
v -3.964 		0.5 		20.765
v -3.955 		0.134 		20.765
v 2.779 		-6.82 		20.037
v -3.955 		0.866 		20.765
v 3.029 		1.495 		28.919
v 2.081 		-6.635 		19.678
v 2.981 		1.471 		28.919
v 2.433 		-6.696 		19.678
v -3.964 		-0.235 		21.5
v -3.919 		-0.6 		21.5
v 2.934 		1.444 		28.919
v -3.856 		-0.963 		21.5
v 2.787 		-6.74 		19.678
v 7.456 		3.143 		27.298
v -3.955 		-0.234 		21.132
v -3.91 		-0.599 		21.132
v 7.322 		3.334 		27.298
v -3.847 		-0.961 		21.132
v 2.889 		1.415 		28.919
v -3.928 		-0.232 		20.765
v 2.844 		1.384 		28.919
v -3.883 		-0.595 		20.765
v 7.178 		3.518 		27.298
v -3.82 		-0.956 		20.765
v 2.802 		1.351 		28.919
v 1.001 		-6.485 		20.4
v -3.74 		-1.314 		22.235
v 1.346 		-6.599 		20.4
v 7.393 		3.695 		27.057
v 1.697 		-6.696 		20.4
v 7.232 		3.882 		27.057
v 7.76 		3.659 		26.803
v 2.761 		1.315 		28.919
v 7.6 		3.864 		26.803
v 1.022 		-6.426 		20.037
v 2.722 		1.278 		28.919
v 7.429 		4.061 		26.803
v 1.365 		-6.539 		20.037
v 1.713 		-6.635 		20.037
v 1.049 		-6.35 		19.678
v 3.034 		1.068 		28.964
v 3.006 		1.045 		28.964
v 1.388 		-6.462 		19.678
v 1.732 		-6.557 		19.678
v 7.82 		3.089 		27.057
v 7.688 		3.298 		27.057
v 2.98 		1.02 		28.964
v 7.546 		3.5 		27.057
v 8.049 		3.226 		26.803
v 7.91 		3.446 		26.803
v 2.1 		-6.539 		19.323
v 2.447 		-6.599 		19.323
v 2.797 		-6.642 		19.323
v 2.122 		-6.426 		18.973
v 2.685 		1.239 		28.919
v 5.642 		4.074 		27.736
v 2.649 		1.198 		28.919
v 5.464 		4.175 		27.736
v 2.464 		-6.485 		18.973
v 2.616 		1.156 		28.919
v 2.585 		1.111 		28.919
v 5.282 		4.267 		27.736
v 2.808 		-6.528 		18.973
v 2.556 		1.066 		28.919
v 2.148 		-6.296 		18.63
v 2.483 		-6.354 		18.63
v 6.357 		3.089 		27.933
v 2.821 		-6.396 		18.63
v 6.226 		3.226 		27.933
v 2.416 		1.483 		28.856
v 6.721 		3.143 		27.736
v 2.369 		1.428 		28.856
v 6.587 		3.298 		27.736
v 6.446 		3.446 		27.736
v 2.325 		1.372 		28.856
v 2.283 		1.313 		28.856
v 6.298 		3.587 		27.736
v 6.143 		3.721 		27.736
v 2.529 		1.019 		28.919
v 5.41 		3.076 		28.28
v 5.282 		3.166 		28.28
v 2.245 		1.252 		28.856
v 5.149 		3.25 		28.28
v 5.797 		3.597 		27.933
v 5.642 		3.706 		27.933
v 5.982 		3.847 		27.736
v 5.815 		3.965 		27.736
v 5.167 		3.618 		28.114
v 5.482 		3.807 		27.933
v 5.318 		3.9 		27.933
v 5.149 		3.986 		27.933
v 5.874 		3.12 		28.114
v 5.743 		3.233 		28.114
v 6.089 		3.357 		27.933
v 5.946 		3.481 		27.933
v 5.606 		3.34 		28.114
v 5.464 		3.44 		28.114
v 5.318 		3.532 		28.114
v 6.161 		4.089 		27.524
v 6.518 		4.178 		27.298
v 6.334 		4.322 		27.298
v 6.143 		4.456 		27.298
v 6.298 		4.688 		27.057
v 6.864 		4.6 		26.803
v 6.659 		4.76 		26.803
v 6.446 		4.91 		26.803
v 6.226 		5.049 		26.803
v 6.882 		4.232 		27.057
v 6.695 		4.393 		27.057
v 6.5 		4.546 		27.057
v 7.061 		4.429 		26.803
v 5.21 		4.628 		27.524
v 5.743 		4.696 		27.298
v 5.534 		4.801 		27.298
v 5.321 		4.896 		27.298
v 5.103 		4.98 		27.298
v 5.982 		4.215 		27.524
v 5.797 		4.332 		27.524
v 5.606 		4.44 		27.524
v 5.41 		4.539 		27.524
v 5.946 		4.581 		27.298
v 6.089 		4.82 		27.057
v 5.874 		4.942 		27.057
v 5.653 		5.053 		27.057
v 6.659 		3.659 		27.524
v 6.5 		3.81 		27.524
v 6.334 		3.954 		27.524
v 7.025 		3.695 		27.298
v 6.695 		4.025 		27.298
# 7990 vertices

g group_0_1206582

usemtl color_1206582
s 0

f 9 	1 	6
f 3 	7 	2
f 5 	9 	6
f 9 	34 	1
f 7873 	57 	7847
f 58 	5 	4
f 5 	60 	9
f 60 	5 	58
f 553 	16 	14
f 34 	24 	1
f 16 	557 	63
f 18 	26 	19
f 16 	553 	557
f 22 	26 	18
f 26 	29 	19
f 19 	29 	836
f 7901 	28 	33
f 24 	37 	27
f 22 	83 	26
f 78 	83 	22
f 34 	37 	24
f 7417 	40 	32
f 37 	41 	27
f 35 	217 	42
f 28 	45 	33
f 9 	101 	34
f 7426 	7427 	44
f 28 	17 	45
f 33 	45 	51
f 41 	37 	106
f 52 	7860 	48
f 45 	16 	63
f 25 	49 	55
f 45 	63 	51
f 33 	51 	38
f 57 	58 	4
f 25 	55 	30
f 54 	61 	39
f 45 	17 	16
f 30 	62 	36
f 30 	55 	62
f 57 	64 	58
f 65 	58 	64
f 65 	66 	58
f 31 	212 	35
f 7878 	7884 	20
f 51 	63 	7926
f 50 	20 	7884
f 217 	35 	212
f 58 	66 	60
f 125 	136 	67
f 49 	67 	71
f 67 	155 	71
f 70 	75 	64
f 49 	71 	55
f 55 	79 	62
f 79 	55 	71
f 52 	445 	54
f 62 	79 	6724
f 26 	84 	29
f 75 	65 	64
f 83 	84 	26
f 65 	86 	66
f 136 	150 	67
f 84 	83 	117
f 88 	77 	127
f 75 	86 	65
f 117 	145 	84
f 77 	88 	92
f 158 	79 	71
f 77 	92 	81
f 81 	94 	82
f 81 	92 	94
f 82 	94 	7689
f 78 	112 	83
f 112 	117 	83
f 91 	89 	271
f 88 	188 	92
f 101 	9 	60
f 31 	35 	7286
f 1464 	115 	119
f 34 	103 	37
f 98 	119 	125
f 101 	103 	34
f 102 	104 	72
f 98 	125 	99
f 37 	103 	106
f 99 	49 	25
f 125 	49 	99
f 60 	108 	101
f 104 	78 	72
f 5203 	76 	73
f 104 	112 	78
f 66 	108 	60
f 108 	114 	101
f 80 	76 	5210
f 111 	105 	143
f 130 	134 	108
f 90 	347 	95
f 109 	132 	115
f 108 	134 	114
f 986 	105 	116
f 80 	5210 	5214
f 101 	114 	103
f 111 	116 	105
f 114 	118 	106
f 89 	986 	116
f 39 	61 	93
f 106 	103 	114
f 97 	93 	69
f 61 	69 	93
f 124 	104 	102
f 119 	133 	136
f 97 	126 	100
f 119 	136 	125
f 124 	102 	59
f 122 	5308 	128
f 124 	129 	104
f 126 	97 	69
f 86 	130 	66
f 100 	126 	159
f 86 	1937 	130
f 132 	109 	4441
f 104 	129 	112
f 66 	130 	108
f 119 	115 	133
f 132 	133 	115
f 5303 	122 	120
f 122 	5303 	5308
f 67 	49 	125
f 128 	5312 	131
f 59 	1850 	124
f 23 	97 	100
f 59 	1767 	1850
f 12 	23 	100
f 137 	148 	156
f 141 	15 	12
f 137 	156 	139
f 141 	12 	100
f 132 	210 	133
f 141 	144 	15
f 121 	154 	127
f 127 	154 	88
f 3193 	144 	147
f 112 	149 	117
f 123 	386 	394
f 159 	141 	100
f 123 	394 	135
f 129 	149 	112
f 117 	149 	153
f 146 	163 	168
f 146 	168 	152
f 121 	151 	154
f 145 	117 	153
f 155 	67 	150
f 138 	403 	140
f 71 	155 	158
f 155 	173 	158
f 139 	110 	143
f 156 	110 	139
f 141 	161 	144
f 110 	111 	143
f 187 	88 	154
f 161 	141 	159
f 161 	165 	144
f 148 	414 	156
f 150 	164 	167
f 144 	165 	147
f 411 	414 	148
f 114 	7613 	118
f 165 	169 	147
f 160 	166 	170
f 155 	150 	167
f 152 	171 	157
f 173 	155 	167
f 170 	162 	160
f 523 	161 	159
f 152 	168 	171
f 157 	171 	176
f 162 	174 	7
f 130 	1941 	134
f 162 	170 	174
f 543 	169 	165
f 5377 	7 	174
f 187 	188 	88
f 164 	178 	181
f 168 	163 	274
f 2 	7 	5377
f 178 	2503 	181
f 819 	179 	175
f 164 	181 	167
f 167 	185 	173
f 167 	181 	185
f 283 	166 	231
f 171 	285 	176
f 166 	283 	287
f 189 	183 	433
f 92 	188 	190
f 183 	189 	229
f 92 	190 	94
f 178 	2499 	2503
f 183 	229 	184
f 94 	190 	32
f 181 	2507 	185
f 234 	184 	229
f 180 	194 	172
f 191 	146 	152
f 194 	1469 	196
f 152 	192 	191
f 192 	152 	157
f 192 	157 	142
f 7413 	7415 	190
f 201 	4237 	199
f 240 	200 	203
f 204 	132 	4441
f 210 	132 	204
f 206 	213 	197
f 1466 	194 	180
f 214 	136 	133
f 146 	250 	208
f 212 	31 	193
f 151 	211 	215
f 194 	1466 	1469
f 214 	133 	210
f 150 	136 	214
f 200 	218 	203
f 215 	154 	151
f 187 	154 	215
f 160 	47 	42
f 200 	216 	218
f 203 	218 	220
f 217 	160 	42
f 260 	206 	201
f 218 	342 	220
f 160 	162 	47
f 203 	220 	208
f 206 	261 	213
f 208 	220 	163
f 261 	265 	213
f 255 	214 	210
f 213 	265 	464
f 96 	226 	487
f 208 	163 	146
f 193 	248 	227
f 4210 	228 	199
f 222 	224 	7610
f 193 	227 	212
f 226 	96 	221
f 212 	231 	217
f 212 	227 	231
f 228 	233 	199
f 217 	166 	160
f 242 	229 	189
f 217 	231 	166
f 229 	247 	234
f 229 	242 	247
f 199 	233 	201
f 218 	339 	342
f 209 	184 	234
f 209 	237 	223
f 209 	234 	237
f 225 	179 	239
f 179 	820 	239
f 225 	239 	228
f 246 	233 	228
f 238 	245 	221
f 164 	214 	255
f 239 	246 	228
f 214 	164 	150
f 246 	251 	233
f 1926 	222 	219
f 226 	221 	245
f 245 	7875 	226
f 253 	113 	107
f 204 	254 	210
f 107 	249 	253
f 204 	252 	254
f 113 	253 	151
f 239 	820 	866
f 248 	270 	273
f 226 	7875 	232
f 210 	254 	255
f 239 	866 	246
f 248 	273 	227
f 121 	113 	151
f 246 	869 	251
f 234 	247 	256
f 276 	231 	227
f 276 	283 	231
f 234 	256 	237
f 233 	260 	201
f 170 	166 	287
f 252 	258 	262
f 238 	332 	7906
f 258 	2547 	2550
f 260 	261 	206
f 258 	2550 	262
f 254 	252 	262
f 254 	262 	195
f 233 	251 	260
f 244 	240 	203
f 275 	302 	264
f 254 	195 	255
f 264 	302 	267
f 260 	269 	261
f 292 	236 	235
f 244 	203 	208
f 243 	266 	270
f 255 	178 	164
f 260 	251 	269
f 268 	89 	116
f 236 	292 	295
f 250 	244 	208
f 255 	195 	178
f 146 	191 	250
f 236 	295 	241
f 280 	265 	261
f 271 	89 	268
f 243 	270 	248
f 1952 	259 	257
f 261 	269 	280
f 259 	2287 	263
f 205 	253 	249
f 96 	91 	221
f 253 	211 	151
f 274 	163 	272
f 275 	264 	263
f 271 	221 	91
f 211 	253 	205
f 168 	274 	277
f 227 	273 	276
f 274 	296 	277
f 256 	247 	301
f 168 	277 	171
f 276 	300 	283
f 285 	171 	277
f 305 	282 	286
f 302 	308 	267
f 277 	299 	285
f 5441 	170 	287
f 257 	259 	7652
f 272 	289 	293
f 7654 	259 	263
f 274 	272 	293
f 7360 	295 	7361
f 284 	297 	268
f 273 	1148 	1154
f 1056 	286 	282
f 242 	294 	298
f 296 	274 	293
f 276 	273 	1154
f 267 	353 	7728
f 241 	202 	249
f 299 	277 	296
f 298 	247 	242
f 202 	241 	295
f 288 	1062 	291
f 301 	247 	298
f 249 	202 	205
f 287 	5443 	5446
f 287 	5446 	5441
f 1368 	1341 	256
f 256 	301 	1368
f 289 	323 	293
f 307 	85 	140
f 292 	7361 	295
f 298 	319 	301
f 307 	140 	403
f 85 	307 	313
f 268 	297 	271
f 271 	238 	221
f 294 	317 	298
f 297 	238 	271
f 294 	314 	317
f 319 	298 	317
f 323 	289 	379
f 1475 	316 	321
f 327 	319 	317
f 293 	324 	296
f 297 	284 	329
f 306 	304 	456
f 324 	293 	323
f 279 	290 	539
f 2026 	330 	308
f 296 	324 	68
f 290 	235 	539
f 330 	310 	308
f 314 	326 	317
f 315 	310 	333
f 314 	325 	326
f 290 	292 	235
f 317 	326 	327
f 328 	281 	172
f 296 	68 	299
f 328 	284 	281
f 303 	282 	305
f 299 	68 	7428
f 328 	329 	284
f 303 	278 	282
f 297 	332 	238
f 286 	309 	305
f 310 	330 	333
f 323 	76 	324
f 323 	73 	76
f 309 	288 	312
f 329 	332 	297
f 324 	80 	68
f 309 	286 	288
f 80 	324 	76
f 325 	658 	326
f 87 	85 	313
f 333 	335 	315
f 312 	291 	316
f 333 	418 	335
f 245 	238 	7906
f 312 	288 	291
f 216 	336 	339
f 172 	194 	328
f 194 	196 	328
f 7470 	341 	334
f 339 	218 	216
f 328 	196 	329
f 329 	198 	332
f 196 	198 	329
f 337 	90 	87
f 220 	342 	272
f 342 	289 	272
f 87 	313 	337
f 342 	355 	289
f 347 	90 	337
f 220 	272 	163
f 343 	340 	369
f 344 	1085 	345
f 678 	361 	346
f 336 	350 	339
f 361 	364 	346
f 349 	350 	336
f 437 	346 	364
f 339 	350 	355
f 267 	308 	353
f 7483 	7484 	7744
f 193 	95 	347
f 357 	7733 	353
f 339 	355 	342
f 31 	95 	193
f 1048 	278 	354
f 318 	360 	348
f 307 	403 	430
f 348 	360 	352
f 360 	362 	352
f 7762 	21 	7393
f 7392 	7393 	21
f 359 	363 	7750
f 1085 	344 	1081
f 359 	391 	363
f 313 	439 	337
f 387 	391 	359
f 7769 	7762 	7395
f 352 	362 	356
f 355 	350 	373
f 356 	365 	374
f 361 	389 	364
f 362 	365 	356
f 337 	243 	347
f 379 	289 	355
f 363 	366 	43
f 347 	248 	193
f 360 	318 	531
f 531 	535 	360
f 360 	535 	362
f 370 	350 	349
f 371 	440 	367
f 402 	369 	340
f 370 	349 	368
f 353 	310 	357
f 373 	350 	370
f 308 	310 	353
f 310 	315 	357
f 357 	315 	358
f 355 	373 	379
f 387 	359 	358
f 376 	369 	402
f 376 	459 	369
f 366 	363 	393
f 365 	384 	374
f 368 	122 	370
f 368 	120 	122
f 370 	122 	128
f 370 	128 	373
f 248 	347 	243
f 374 	384 	375
f 373 	131 	379
f 387 	358 	315
f 382 	361 	702
f 375 	388 	380
f 373 	128 	131
f 315 	335 	387
f 384 	388 	375
f 385 	340 	7500
f 379 	73 	323
f 382 	389 	361
f 379 	131 	73
f 382 	1554 	389
f 7331 	7335 	187
f 396 	7535 	390
f 389 	397 	364
f 393 	363 	391
f 390 	407 	396
f 366 	393 	399
f 410 	393 	391
f 7535 	396 	385
f 400 	138 	135
f 392 	395 	401
f 367 	364 	397
f 385 	402 	340
f 367 	177 	371
f 396 	402 	385
f 135 	394 	400
f 403 	138 	400
f 177 	367 	397
f 371 	180 	172
f 177 	180 	371
f 401 	395 	5783
f 401 	5785 	406
f 401 	5783 	5785
f 407 	390 	404
f 407 	408 	396
f 7361 	292 	7362
f 372 	344 	378
f 335 	338 	387
f 338 	391 	387
f 378 	344 	345
f 396 	408 	402
f 382 	1551 	1554
f 391 	338 	410
f 381 	378 	345
f 408 	376 	402
f 338 	589 	410
f 394 	412 	416
f 381 	345 	351
f 416 	400 	394
f 351 	383 	381
f 403 	400 	422
f 376 	408 	503
f 354 	398 	383
f 351 	354 	383
f 403 	422 	430
f 354 	278 	398
f 398 	278 	303
f 344 	372 	413
f 415 	110 	156
f 386 	412 	394
f 589 	595 	410
f 414 	415 	156
f 415 	420 	110
f 7359 	292 	7357
f 290 	7357 	292
f 7359 	7362 	292
f 415 	444 	420
f 420 	111 	110
f 427 	116 	111
f 422 	400 	416
f 420 	427 	111
f 423 	429 	2134
f 268 	116 	427
f 422 	478 	430
f 197 	213 	434
f 346 	411 	765
f 307 	436 	313
f 307 	430 	436
f 411 	437 	414
f 411 	346 	437
f 313 	436 	439
f 437 	440 	414
f 343 	447 	421
f 417 	431 	438
f 243 	337 	439
f 366 	48 	43
f 447 	450 	421
f 437 	367 	440
f 476 	423 	419
f 421 	450 	426
f 366 	442 	48
f 364 	367 	437
f 438 	463 	441
f 433 	426 	455
f 423 	443 	429
f 414 	440 	415
f 438 	457 	463
f 48 	442 	52
f 423 	476 	443
f 189 	433 	455
f 412 	461 	469
f 442 	445 	52
f 429 	443 	446
f 343 	369 	447
f 440 	444 	415
f 369 	459 	447
f 54 	449 	61
f 444 	281 	420
f 448 	424 	1746
f 429 	446 	435
f 445 	449 	54
f 435 	413 	372
f 435 	446 	413
f 424 	448 	451
f 281 	427 	420
f 427 	284 	268
f 430 	479 	436
f 281 	284 	427
f 424 	451 	431
f 455 	426 	450
f 452 	456 	304
f 431 	451 	457
f 436 	481 	439
f 439 	266 	243
f 439 	481 	266
f 371 	444 	440
f 431 	457 	438
f 464 	452 	434
f 459 	465 	447
f 371 	172 	444
f 213 	464 	434
f 444 	172 	281
f 441 	395 	392
f 452 	466 	456
f 441 	463 	395
f 459 	554 	465
f 447 	465 	450
f 464 	466 	452
f 466 	504 	456
f 450 	470 	455
f 449 	472 	61
f 469 	461 	1227
f 450 	465 	470
f 460 	473 	419
f 451 	448 	5835
f 7561 	107 	113
f 416 	412 	469
f 455 	470 	474
f 468 	473 	460
f 416 	469 	475
f 419 	473 	476
f 61 	472 	69
f 455 	474 	189
f 472 	477 	69
f 242 	189 	474
f 416 	475 	422
f 478 	422 	475
f 235 	453 	539
f 459 	551 	554
f 126 	69 	477
f 473 	1331 	476
f 479 	430 	478
f 456 	504 	493
f 481 	436 	479
f 366 	399 	442
f 560 	470 	465
f 476 	1331 	1335
f 399 	405 	442
f 458 	454 	236
f 462 	458 	241
f 474 	294 	242
f 241 	458 	236
f 480 	482 	485
f 462 	241 	249
f 249 	107 	462
f 1222 	461 	955
f 493 	306 	456
f 407 	404 	495
f 306 	493 	311
f 489 	495 	404
f 512 	488 	485
f 469 	1231 	475
f 311 	497 	318
f 408 	407 	498
f 491 	499 	483
f 200 	488 	216
f 493 	497 	311
f 469 	1227 	1231
f 488 	512 	216
f 495 	498 	407
f 475 	1235 	478
f 408 	498 	503
f 497 	531 	318
f 442 	405 	445
f 1236 	479 	478
f 449 	445 	505
f 482 	502 	507
f 493 	506 	497
f 405 	505 	445
f 481 	479 	1241
f 504 	506 	493
f 506 	508 	497
f 505 	672 	449
f 505 	688 	672
f 496 	492 	1405
f 495 	522 	498
f 20 	499 	491
f 482 	507 	485
f 485 	507 	512
f 504 	572 	506
f 453 	490 	511
f 506 	574 	508
f 592 	613 	502
f 505 	405 	568
f 453 	494 	490
f 7612 	494 	454
f 568 	688 	505
f 464 	516 	466
f 514 	517 	489
f 494 	453 	454
f 514 	529 	517
f 265 	516 	464
f 159 	126 	519
f 525 	529 	514
f 570 	466 	516
f 495 	489 	517
f 507 	619 	512
f 517 	522 	495
f 512 	336 	216
f 513 	521 	515
f 126 	477 	519
f 519 	523 	159
f 619 	336 	512
f 520 	521 	513
f 466 	570 	504
f 570 	572 	504
f 498 	618 	503
f 511 	539 	453
f 1362 	496 	1405
f 265 	580 	516
f 580 	582 	516
f 499 	520 	483
f 510 	509 	530
f 499 	7932 	520
f 533 	510 	530
f 240 	7929 	526
f 529 	534 	517
f 528 	550 	532
f 7932 	521 	520
f 528 	547 	550
f 529 	768 	534
f 517 	534 	522
f 161 	538 	165
f 539 	511 	533
f 235 	454 	453
f 541 	365 	362
f 523 	538 	161
f 538 	543 	165
f 535 	541 	362
f 480 	485 	524
f 541 	545 	365
f 235 	236 	454
f 148 	137 	537
f 524 	488 	526
f 524 	485 	488
f 767 	529 	525
f 526 	488 	200
f 546 	471 	467
f 365 	545 	384
f 526 	200 	240
f 545 	548 	384
f 544 	546 	467
f 680 	519 	477
f 546 	513 	471
f 384 	548 	388
f 551 	459 	376
f 532 	552 	537
f 714 	523 	519
f 546 	520 	513
f 14 	549 	553
f 550 	552 	532
f 503 	551 	376
f 718 	538 	523
f 148 	537 	552
f 508 	531 	497
f 718 	722 	538
f 634 	535 	531
f 538 	722 	543
f 411 	148 	552
f 480 	63 	557
f 634 	636 	535
f 722 	729 	543
f 542 	822 	827
f 542 	827 	558
f 562 	399 	393
f 560 	465 	554
f 636 	541 	535
f 470 	560 	564
f 547 	762 	550
f 562 	393 	410
f 549 	563 	553
f 399 	562 	565
f 470 	564 	474
f 552 	550 	765
f 549 	561 	563
f 294 	474 	564
f 567 	553 	563
f 565 	405 	399
f 552 	765 	411
f 565 	568 	405
f 551 	503 	576
f 567 	557 	553
f 557 	567 	482
f 428 	559 	556
f 554 	578 	583
f 583 	560 	554
f 559 	428 	432
f 582 	570 	516
f 564 	560 	633
f 570 	605 	572
f 557 	482 	480
f 559 	432 	527
f 432 	320 	527
f 530 	527 	320
f 571 	540 	981
f 1794 	585 	561
f 530 	322 	533
f 564 	633 	314
f 572 	574 	506
f 540 	575 	544
f 322 	530 	320
f 561 	585 	587
f 533 	279 	539
f 587 	563 	561
f 571 	575 	540
f 279 	533 	322
f 508 	574 	657
f 562 	410 	595
f 575 	483 	544
f 592 	567 	563
f 280 	580 	265
f 578 	554 	551
f 565 	562 	642
f 569 	577 	581
f 576 	578 	551
f 567 	592 	502
f 645 	568 	565
f 536 	822 	542
f 544 	483 	546
f 645 	649 	568
f 569 	581 	573
f 573 	581 	547
f 546 	483 	520
f 335 	418 	586
f 558 	830 	566
f 558 	827 	830
f 573 	547 	528
f 566 	386 	123
f 335 	586 	338
f 579 	559 	500
f 566 	830 	386
f 586 	589 	338
f 576 	590 	578
f 555 	96 	571
f 500 	527 	509
f 592 	563 	587
f 91 	96 	555
f 588 	590 	576
f 500 	559 	527
f 567 	502 	482
f 578 	590 	594
f 758 	581 	577
f 487 	571 	96
f 527 	530 	509
f 590 	796 	594
f 510 	533 	511
f 487 	575 	571
f 589 	608 	595
f 575 	491 	483
f 578 	594 	583
f 584 	682 	685
f 593 	630 	635
f 487 	491 	575
f 583 	594 	641
f 595 	642 	562
f 593 	635 	596
f 585 	584 	685
f 589 	586 	601
f 588 	624 	790
f 991 	602 	569
f 694 	592 	587
f 601 	608 	589
f 582 	605 	570
f 605 	610 	572
f 601 	620 	608
f 694 	613 	592
f 590 	793 	796
f 597 	606 	612
f 605 	1337 	610
f 1332 	1337 	605
f 608 	614 	595
f 572 	610 	574
f 610 	615 	574
f 597 	612 	598
f 616 	507 	502
f 598 	617 	602
f 595 	614 	642
f 598 	612 	617
f 723 	518 	599
f 614 	651 	642
f 502 	613 	616
f 574 	615 	657
f 723 	515 	518
f 619 	507 	616
f 498 	522 	618
f 556 	559 	579
f 503 	618 	576
f 599 	785 	603
f 580 	1325 	582
f 608 	622 	614
f 602 	577 	569
f 534 	624 	522
f 620 	622 	608
f 604 	6748 	607
f 624 	618 	522
f 622 	304 	614
f 582 	1332 	605
f 618 	588 	576
f 624 	588 	618
f 610 	1340 	615
f 786 	790 	624
f 625 	613 	694
f 614 	304 	651
f 602 	617 	577
f 613 	625 	631
f 1337 	1340 	610
f 630 	593 	591
f 531 	508 	634
f 616 	613 	631
f 560 	583 	633
f 508 	657 	634
f 616 	637 	619
f 606 	828 	612
f 622 	620 	434
f 622 	452 	304
f 631 	637 	616
f 612 	831 	617
f 314 	294 	564
f 853 	621 	596
f 434 	452 	622
f 619 	637 	349
f 541 	640 	545
f 641 	633 	583
f 541 	636 	640
f 633 	325 	314
f 640 	644 	545
f 633 	641 	325
f 619 	349 	336
f 545 	644 	548
f 626 	861 	536
f 642 	645 	565
f 642 	651 	645
f 623 	654 	625
f 625 	661 	631
f 629 	500 	632
f 647 	687 	1479
f 643 	606 	597
f 669 	637 	631
f 643 	648 	606
f 631 	661 	669
f 632 	500 	509
f 637 	669 	368
f 632 	509 	638
f 651 	652 	645
f 637 	368 	349
f 639 	638 	510
f 509 	510 	638
f 683 	689 	640
f 639 	511 	490
f 648 	646 	851
f 623 	704 	392
f 510 	511 	639
f 645 	652 	649
f 856 	606 	648
f 641 	653 	325
f 648 	851 	856
f 649 	655 	770
f 658 	325 	653
f 652 	655 	649
f 856 	828 	606
f 603 	609 	763
f 654 	623 	392
f 661 	625 	654
f 770 	655 	348
f 652 	651 	306
f 654 	406 	661
f 627 	609 	666
f 326 	664 	327
f 627 	666 	628
f 651 	304 	306
f 326 	658 	664
f 306 	311 	652
f 647 	327 	664
f 652 	311 	655
f 318 	348 	655
f 401 	654 	392
f 664 	681 	687
f 311 	318 	655
f 654 	401 	406
f 687 	647 	664
f 668 	759 	671
f 629 	632 	3286
f 472 	449 	672
f 661 	406 	409
f 472 	675 	477
f 653 	676 	658
f 661 	409 	669
f 677 	636 	634
f 675 	472 	672
f 669 	409 	120
f 653 	673 	676
f 675 	680 	477
f 669 	120 	368
f 658 	676 	681
f 657 	677 	634
f 677 	683 	636
f 677 	707 	683
f 519 	680 	714
f 664 	658 	681
f 636 	683 	640
f 689 	644 	640
f 665 	733 	697
f 682 	701 	685
f 681 	726 	687
f 670 	665 	697
f 691 	587 	585
f 688 	692 	672
f 691 	585 	685
f 694 	587 	691
f 672 	692 	675
f 674 	702 	678
f 675 	695 	680
f 727 	663 	659
f 676 	721 	681
f 702 	361 	678
f 692 	695 	675
f 695 	698 	680
f 740 	668 	663
f 670 	700 	674
f 680 	698 	714
f 682 	417 	701
f 670 	697 	700
f 700 	702 	674
f 568 	649 	688
f 685 	701 	704
f 684 	703 	690
f 615 	699 	657
f 679 	760 	769
f 679 	769 	686
f 657 	699 	677
f 685 	704 	691
f 686 	769 	773
f 699 	707 	677
f 691 	623 	694
f 686 	773 	591
f 683 	708 	689
f 691 	704 	623
f 709 	700 	697
f 695 	778 	698
f 707 	708 	683
f 706 	709 	697
f 694 	623 	625
f 377 	702 	700
f 708 	711 	689
f 673 	954 	713
f 377 	700 	709
f 957 	713 	954
f 377 	382 	702
f 673 	713 	717
f 701 	417 	438
f 957 	989 	713
f 441 	701 	438
f 704 	701 	441
f 717 	676 	673
f 719 	659 	7512
f 714 	718 	523
f 721 	676 	717
f 684 	471 	703
f 441 	392 	704
f 703 	723 	690
f 681 	721 	726
f 715 	719 	7512
f 515 	723 	703
f 513 	515 	703
f 719 	727 	659
f 690 	723 	693
f 748 	719 	715
f 660 	779 	728
f 719 	788 	727
f 662 	725 	730
f 1479 	687 	726
f 662 	731 	667
f 693 	599 	696
f 660 	733 	665
f 662 	730 	731
f 723 	599 	693
f 713 	734 	717
f 714 	698 	735
f 731 	579 	667
f 714 	735 	718
f 713 	732 	734
f 660 	728 	733
f 717 	734 	737
f 599 	603 	696
f 731 	556 	579
f 718 	736 	722
f 667 	579 	629
f 703 	471 	513
f 579 	500 	629
f 735 	736 	718
f 721 	717 	737
f 736 	738 	722
f 721 	739 	726
f 727 	740 	663
f 721 	737 	739
f 710 	783 	716
f 600 	720 	716
f 728 	743 	745
f 725 	720 	604
f 720 	600 	604
f 734 	757 	737
f 725 	604 	730
f 754 	757 	734
f 607 	730 	604
f 730 	607 	611
f 745 	733 	728
f 730 	611 	731
f 745 	706 	733
f 731 	611 	556
f 733 	706 	697
f 788 	719 	748
f 712 	752 	715
f 1414 	745 	743
f 750 	752 	712
f 732 	989 	751
f 752 	748 	715
f 732 	751 	754
f 766 	724 	4678
f 710 	4098 	753
f 732 	754 	734
f 746 	627 	749
f 771 	724 	766
f 737 	705 	739
f 577 	756 	758
f 737 	757 	705
f 724 	771 	747
f 705 	1536 	739
f 760 	679 	671
f 747 	776 	750
f 693 	742 	1073
f 761 	547 	581
f 4109 	716 	720
f 3299 	720 	725
f 690 	693 	1073
f 693 	696 	742
f 761 	581 	758
f 722 	738 	729
f 762 	547 	761
f 725 	662 	656
f 752 	840 	748
f 742 	696 	744
f 696 	763 	744
f 699 	1458 	707
f 744 	763 	746
f 765 	550 	762
f 735 	782 	736
f 780 	782 	735
f 763 	627 	746
f 764 	767 	525
f 755 	749 	628
f 753 	803 	6464
f 764 	774 	767
f 772 	774 	764
f 760 	671 	759
f 756 	660 	665
f 529 	767 	768
f 756 	665 	758
f 758 	665 	670
f 649 	770 	688
f 6754 	611 	607
f 758 	670 	761
f 761 	674 	762
f 770 	692 	688
f 761 	670 	674
f 770 	775 	692
f 6754 	425 	611
f 762 	678 	765
f 762 	674 	678
f 611 	425 	556
f 774 	777 	767
f 692 	775 	695
f 346 	765 	678
f 774 	829 	777
f 773 	630 	591
f 771 	776 	747
f 428 	556 	425
f 767 	777 	768
f 776 	837 	750
f 777 	801 	768
f 799 	760 	759
f 775 	778 	695
f 749 	627 	628
f 628 	650 	755
f 862 	776 	771
f 604 	600 	6748
f 778 	780 	698
f 6752 	607 	6748
f 607 	6752 	6754
f 603 	763 	696
f 823 	826 	772
f 698 	780 	735
f 773 	769 	993
f 772 	826 	774
f 763 	609 	627
f 6464 	781 	753
f 781 	783 	710
f 738 	736 	784
f 826 	829 	774
f 777 	829 	801
f 829 	928 	801
f 783 	600 	716
f 782 	784 	736
f 784 	787 	738
f 786 	624 	534
f 759 	668 	740
f 768 	786 	534
f 791 	740 	727
f 788 	791 	727
f 590 	588 	793
f 740 	791 	794
f 857 	789 	792
f 770 	348 	775
f 790 	793 	588
f 348 	352 	775
f 710 	753 	781
f 759 	740 	794
f 775 	352 	778
f 759 	794 	799
f 778 	356 	780
f 778 	352 	356
f 987 	760 	799
f 356 	374 	780
f 801 	786 	768
f 780 	374 	782
f 843 	788 	748
f 804 	790 	786
f 728 	779 	798
f 782 	375 	784
f 750 	837 	752
f 802 	805 	797
f 374 	375 	782
f 801 	804 	786
f 802 	836 	805
f 798 	743 	728
f 804 	807 	790
f 380 	787 	784
f 797 	805 	800
f 375 	380 	784
f 800 	808 	819
f 805 	808 	800
f 790 	807 	793
f 741 	806 	810
f 3816 	19 	802
f 793 	812 	796
f 789 	811 	792
f 792 	814 	795
f 793 	807 	812
f 799 	794 	1022
f 19 	836 	802
f 809 	839 	813
f 810 	766 	741
f 796 	812 	954
f 792 	811 	814
f 815 	771 	766
f 795 	816 	798
f 805 	842 	808
f 795 	814 	816
f 518 	785 	599
f 788 	817 	791
f 743 	798 	816
f 839 	860 	813
f 817 	788 	843
f 175 	800 	819
f 766 	810 	815
f 804 	801 	877
f 813 	860 	818
f 819 	820 	179
f 807 	887 	812
f 811 	1444 	814
f 819 	808 	824
f 819 	824 	820
f 820 	825 	866
f 824 	825 	820
f 822 	536 	861
f 816 	1455 	743
f 1414 	743 	1455
f 809 	834 	839
f 831 	612 	828
f 818 	863 	821
f 860 	863 	818
f 925 	825 	824
f 925 	927 	825
f 617 	756 	577
f 823 	835 	826
f 617 	831 	756
f 861 	833 	822
f 832 	835 	823
f 838 	828 	856
f 835 	841 	826
f 900 	827 	822
f 752 	837 	840
f 836 	842 	805
f 828 	838 	779
f 840 	843 	748
f 826 	841 	829
f 833 	900 	822
f 838 	865 	795
f 838 	798 	779
f 838 	795 	798
f 827 	906 	830
f 808 	845 	824
f 837 	776 	864
f 828 	779 	831
f 776 	862 	864
f 831 	660 	756
f 830 	912 	386
f 842 	845 	808
f 831 	779 	660
f 846 	832 	118
f 830 	906 	912
f 837 	847 	840
f 846 	849 	832
f 850 	844 	897
f 832 	849 	835
f 835 	852 	841
f 849 	852 	835
f 854 	842 	836
f 850 	855 	844
f 843 	840 	890
f 852 	931 	841
f 853 	596 	635
f 836 	29 	854
f 895 	817 	843
f 621 	853 	858
f 842 	854 	941
f 817 	895 	899
f 872 	874 	839
f 621 	858 	626
f 839 	874 	860
f 845 	842 	941
f 858 	861 	626
f 815 	862 	771
f 859 	467 	1041
f 815 	867 	862
f 858 	873 	861
f 540 	544 	859
f 859 	544 	467
f 851 	857 	865
f 864 	847 	837
f 863 	960 	821
f 851 	865 	856
f 838 	856 	865
f 968 	975 	848
f 853 	635 	868
f 867 	815 	6123
f 866 	869 	246
f 867 	870 	862
f 1648 	872 	834
f 975 	850 	848
f 251 	869 	962
f 858 	853 	871
f 850 	981 	855
f 792 	865 	857
f 853 	868 	871
f 862 	870 	864
f 834 	872 	839
f 865 	792 	795
f 251 	962 	269
f 870 	902 	864
f 540 	859 	855
f 873 	858 	871
f 864 	902 	847
f 863 	860 	878
f 874 	878 	860
f 960 	863 	930
f 877 	883 	804
f 861 	873 	833
f 804 	883 	807
f 807 	883 	887
f 882 	911 	888
f 840 	847 	890
f 882 	905 	911
f 929 	892 	877
f 877 	893 	883
f 843 	890 	895
f 892 	893 	877
f 883 	893 	896
f 871 	936 	873
f 871 	933 	936
f 7225 	881 	880
f 7232 	885 	884
f 883 	896 	887
f 881 	7234 	884
f 898 	963 	904
f 7225 	7234 	881
f 900 	906 	827
f 875 	903 	908
f 866 	825 	980
f 892 	909 	893
f 903 	1023 	908
f 980 	869 	866
f 901 	909 	892
f 893 	909 	913
f 875 	908 	879
f 890 	847 	907
f 29 	84 	1114
f 879 	914 	886
f 847 	902 	907
f 412 	386 	912
f 879 	908 	914
f 890 	916 	895
f 1114 	854 	29
f 893 	913 	896
f 891 	886 	917
f 907 	916 	890
f 946 	895 	916
f 933 	871 	868
f 886 	914 	917
f 891 	917 	905
f 84 	145 	1114
f 888 	911 	923
f 824 	845 	925
f 904 	969 	910
f 901 	2296 	909
f 891 	905 	882
f 888 	923 	894
f 910 	977 	915
f 894 	848 	897
f 910 	969 	977
f 833 	951 	900
f 977 	982 	915
f 947 	925 	845
f 894 	923 	848
f 903 	1019 	1023
f 946 	899 	895
f 897 	848 	850
f 899 	946 	949
f 928 	877 	801
f 928 	829 	929
f 841 	929 	829
f 906 	953 	955
f 928 	929 	877
f 1008 	905 	917
f 912 	906 	955
f 841 	931 	929
f 917 	914 	1006
f 461 	412 	912
f 930 	863 	878
f 912 	955 	461
f 901 	929 	931
f 929 	901 	892
f 965 	907 	902
f 980 	825 	927
f 2374 	2291 	931
f 873 	936 	945
f 934 	956 	959
f 943 	641 	594
f 934 	959 	940
f 936 	1584 	945
f 594 	796 	943
f 936 	1579 	1584
f 935 	1320 	948
f 873 	945 	833
f 943 	653 	641
f 845 	941 	947
f 947 	952 	925
f 943 	673 	653
f 951 	833 	945
f 1315 	930 	878
f 953 	906 	900
f 925 	952 	927
f 916 	985 	946
f 954 	943 	796
f 903 	875 	950
f 952 	1060 	927
f 953 	900 	951
f 950 	966 	903
f 954 	673 	943
f 949 	990 	995
f 957 	954 	887
f 954 	812 	887
f 1142 	956 	934
f 935 	1318 	1320
f 1160 	956 	1142
f 923 	968 	848
f 870 	961 	902
f 933 	958 	1579
f 964 	968 	923
f 960 	898 	821
f 869 	984 	962
f 6243 	961 	870
f 961 	965 	902
f 940 	959 	966
f 967 	280 	269
f 933 	1579 	936
f 963 	898 	960
f 963 	969 	904
f 962 	967 	269
f 971 	1310 	970
f 916 	907 	983
f 967 	972 	280
f 940 	966 	950
f 974 	1310 	973
f 971 	973 	1310
f 983 	907 	965
f 974 	976 	1310
f 986 	968 	964
f 968 	994 	975
f 580 	280 	972
f 986 	994 	968
f 953 	951 	1532
f 1325 	580 	972
f 938 	1310 	937
f 956 	998 	959
f 975 	981 	850
f 540 	855 	981
f 980 	984 	869
f 1013 	105 	964
f 985 	916 	983
f 983 	1002 	985
f 930 	932 	960
f 964 	105 	986
f 987 	769 	760
f 963 	960 	932
f 984 	988 	962
f 966 	1019 	903
f 957 	887 	989
f 896 	989 	887
f 949 	946 	990
f 732 	713 	989
f 932 	935 	963
f 987 	993 	769
f 992 	989 	896
f 946 	985 	990
f 963 	935 	969
f 935 	948 	969
f 896 	913 	992
f 988 	967 	962
f 989 	992 	751
f 948 	977 	969
f 988 	996 	967
f 555 	981 	975
f 773 	993 	997
f 555 	975 	994
f 1010 	977 	948
f 555 	571 	981
f 997 	630 	773
f 967 	996 	972
f 999 	635 	630
f 2072 	751 	992
f 997 	999 	630
f 992 	2531 	2072
f 89 	994 	986
f 982 	1011 	1000
f 999 	868 	635
f 1001 	983 	965
f 994 	89 	91
f 994 	91 	555
f 913 	2531 	992
f 1005 	1310 	1003
f 944 	1003 	1310
f 799 	1022 	1026
f 1002 	983 	1001
f 985 	1002 	1025
f 1026 	987 	799
f 984 	980 	1043
f 977 	1010 	982
f 917 	1006 	1008
f 990 	985 	1025
f 1013 	905 	1008
f 1011 	982 	1010
f 998 	956 	991
f 999 	997 	1064
f 1000 	1014 	1004
f 1015 	959 	998
f 1027 	995 	990
f 1941 	1012 	1009
f 1011 	1014 	1000
f 1025 	1027 	990
f 1014 	1016 	1004
f 1013 	911 	905
f 999 	1064 	1067
f 998 	573 	1015
f 911 	1013 	964
f 966 	959 	1015
f 868 	999 	1067
f 1013 	1008 	143
f 817 	1018 	791
f 1019 	966 	1015
f 817 	899 	1018
f 794 	791 	1018
f 923 	911 	964
f 1039 	1042 	1017
f 1024 	137 	1006
f 1018 	1022 	794
f 1006 	137 	139
f 1010 	948 	1336
f 1024 	914 	908
f 1007 	2008 	876
f 139 	1008 	1006
f 143 	1008 	139
f 1338 	1011 	1010
f 1024 	908 	1023
f 1343 	1014 	1011
f 1006 	914 	1024
f 1017 	1954 	1039
f 105 	1013 	143
f 1021 	1017 	1042
f 1028 	993 	987
f 1027 	1030 	995
f 987 	1026 	1028
f 993 	1028 	1033
f 569 	998 	991
f 569 	573 	998
f 1033 	997 	993
f 1064 	997 	1033
f 1015 	528 	1019
f 1025 	1002 	1051
f 528 	1015 	573
f 1019 	528 	532
f 1038 	1161 	1036
f 1019 	532 	1023
f 1037 	1041 	1029
f 1022 	1018 	1040
f 1023 	537 	1024
f 1030 	1077 	1082
f 532 	537 	1023
f 980 	927 	1043
f 1029 	1041 	1031
f 1043 	927 	1060
f 537 	137 	1024
f 1030 	1082 	1729
f 2312 	1034 	1666
f 1031 	1044 	1035
f 1043 	1047 	984
f 1046 	1002 	1001
f 1041 	1044 	1031
f 1043 	1061 	1047
f 2320 	1038 	1036
f 1044 	684 	1035
f 988 	984 	1047
f 1310 	1005 	1007
f 1050 	278 	1048
f 1044 	471 	684
f 1052 	996 	988
f 875 	1048 	1107
f 1049 	1053 	1039
f 1040 	1018 	899
f 1048 	879 	1050
f 988 	1047 	1052
f 1048 	875 	879
f 282 	278 	1050
f 1052 	1055 	996
f 1039 	1053 	1042
f 1037 	844 	855
f 1050 	1056 	282
f 286 	1056 	1058
f 1028 	1026 	1104
f 1037 	859 	1041
f 855 	859 	1037
f 1058 	288 	286
f 1071 	1033 	1028
f 1065 	1068 	1045
f 1041 	467 	1044
f 1051 	1002 	1046
f 1045 	1068 	1049
f 1062 	288 	1058
f 1046 	1066 	1051
f 1040 	899 	949
f 1044 	467 	471
f 1063 	1027 	1025
f 1025 	1051 	1063
f 1030 	1027 	1077
f 1077 	1027 	1063
f 1089 	7789 	291
f 1078 	1059 	1057
f 7758 	1035 	1069
f 1035 	684 	1069
f 1051 	1066 	1083
f 1050 	879 	886
f 933 	868 	1067
f 1054 	1763 	1070
f 1050 	886 	1056
f 1049 	1068 	1072
f 1051 	1083 	1063
f 1056 	891 	1058
f 1070 	1074 	1054
f 886 	891 	1056
f 1049 	1072 	1053
f 1058 	891 	882
f 1033 	1071 	1075
f 7773 	7770 	742
f 1072 	1076 	1053
f 1054 	1074 	1057
f 882 	1062 	1058
f 742 	7770 	1073
f 1064 	1033 	1075
f 1060 	1061 	1043
f 1061 	1080 	1047
f 1064 	1079 	1067
f 1074 	1078 	1057
f 7773 	742 	744
f 1081 	344 	413
f 1077 	1087 	1082
f 1064 	1075 	1079
f 1077 	1086 	1087
f 1067 	1079 	958
f 7774 	744 	746
f 1069 	690 	1073
f 1429 	1068 	1065
f 1067 	958 	933
f 684 	690 	1069
f 1077 	1063 	1086
f 1083 	1086 	1063
f 1075 	1071 	1623
f 291 	1062 	1089
f 1072 	1437 	1076
f 1084 	1088 	1070
f 1052 	1047 	1080
f 1090 	351 	345
f 1084 	1137 	1088
f 1080 	1109 	1052
f 1135 	1137 	1084
f 1082 	1087 	1110
f 1070 	1088 	1074
f 1075 	1627 	1079
f 1093 	1078 	1074
f 1095 	1310 	1094
f 1052 	1109 	1055
f 1088 	1093 	1074
f 1091 	7789 	1089
f 1040 	1098 	1022
f 1022 	1098 	1026
f 1098 	1104 	1026
f 1040 	1106 	1098
f 1083 	1131 	1086
f 1060 	1234 	1061
f 1234 	1247 	1061
f 1086 	1132 	1087
f 1104 	1071 	1028
f 1061 	1247 	1080
f 1086 	1131 	1132
f 1090 	345 	1085
f 1088 	1141 	1093
f 1106 	1040 	949
f 1094 	7398 	1095
f 1107 	351 	1090
f 1098 	1108 	1104
f 1105 	1037 	1029
f 354 	351 	1107
f 1106 	1108 	1098
f 1104 	1108 	1112
f 872 	1113 	874
f 1048 	354 	1107
f 1134 	1110 	1087
f 1029 	1031 	7800
f 1104 	1112 	1071
f 1111 	1113 	872
f 1113 	1116 	874
f 1081 	934 	1085
f 941 	854 	1115
f 1081 	1142 	934
f 1117 	1083 	1066
f 949 	995 	1106
f 1085 	934 	940
f 888 	1062 	882
f 1115 	854 	1114
f 1116 	878 	874
f 941 	1115 	1118
f 1085 	940 	1090
f 1089 	1062 	888
f 1131 	1083 	1117
f 1090 	950 	1107
f 1090 	940 	950
f 1089 	894 	1091
f 1107 	950 	875
f 1089 	888 	894
f 941 	1118 	947
f 1118 	1124 	947
f 1091 	894 	897
f 1103 	1276 	1164
f 897 	1101 	1091
f 1118 	1173 	1124
f 1801 	1054 	1111
f 1164 	1144 	2013
f 1101 	844 	1105
f 947 	1124 	952
f 1054 	1057 	1111
f 844 	1101 	897
f 952 	1130 	1060
f 1179 	1180 	1310
f 1111 	1057 	1113
f 1124 	1130 	952
f 1105 	844 	1037
f 1695 	1108 	1106
f 1059 	1116 	1113
f 487 	226 	232
f 1059 	1113 	1057
f 491 	487 	232
f 1059 	1196 	1116
f 7445 	1120 	1119
f 1087 	1132 	1134
f 1114 	1146 	1115
f 232 	20 	491
f 1150 	1132 	1131
f 1132 	1157 	1134
f 1118 	1115 	1153
f 1153 	1173 	1118
f 1137 	1141 	1088
f 1117 	1139 	1145
f 1344 	1138 	1142
f 1136 	1140 	1143
f 1140 	1348 	1143
f 1223 	1147 	1126
f 1131 	1117 	1145
f 1133 	1126 	1147
f 1131 	1145 	1150
f 1146 	1114 	145
f 1164 	1168 	1144
f 1133 	1151 	1138
f 1144 	1168 	1149
f 1153 	1115 	1146
f 1186 	1146 	145
f 1148 	1162 	1154
f 1148 	1159 	1162
f 1157 	1132 	1150
f 300 	276 	1154
f 1147 	1151 	1133
f 1138 	1151 	1160
f 1155 	1161 	1135
f 2013 	1103 	1164
f 1138 	1160 	1142
f 1137 	1135 	1161
f 1154 	1165 	300
f 1137 	1166 	1141
f 1161 	1166 	1137
f 1162 	1165 	1154
f 1166 	1404 	1141
f 1147 	1240 	1151
f 6003 	300 	1165
f 1155 	1836 	1034
f 1149 	1169 	1156
f 1034 	1036 	1155
f 1168 	1169 	1149
f 1155 	1036 	1161
f 1038 	1166 	1161
f 1145 	1188 	1150
f 1152 	1171 	1158
f 1159 	1312 	1162
f 1192 	1157 	1150
f 1159 	1309 	1312
f 1170 	1171 	1152
f 1171 	1174 	1158
f 1038 	1175 	1166
f 1124 	1176 	1130
f 1166 	1175 	1404
f 1164 	1277 	1168
f 1173 	1176 	1124
f 1158 	1174 	1163
f 1175 	1178 	1404
f 1163 	1184 	1439
f 1174 	1184 	1163
f 1177 	266 	481
f 266 	1177 	1187
f 1183 	1145 	1139
f 145 	153 	1186
f 1188 	1145 	1183
f 1186 	1189 	1146
f 1187 	270 	266
f 2410 	1178 	1175
f 1148 	273 	270
f 1146 	1189 	1153
f 1178 	2415 	1185
f 1148 	270 	1187
f 1153 	1193 	1173
f 1150 	1188 	1192
f 1193 	1153 	1189
f 1157 	1192 	1194
f 1193 	1214 	1173
f 1191 	1253 	1233
f 1174 	7018 	1184
f 1157 	1194 	2333
f 1173 	1214 	1176
f 1194 	2365 	2333
f 1177 	1200 	1187
f 1199 	1190 	1238
f 1196 	1226 	1201
f 1198 	1200 	1177
f 1190 	3954 	1191
f 1170 	1167 	1204
f 1187 	1200 	1159
f 153 	1992 	1186
f 1183 	1205 	1188
f 7572 	1180 	1179
f 1202 	1204 	1167
f 1183 	1203 	1205
f 1188 	1205 	1207
f 1187 	1159 	1148
f 1204 	1208 	1170
f 1204 	1225 	1208
f 3920 	1190 	1199
f 1170 	1208 	1171
f 1206 	1251 	1209
f 1211 	1103 	1102
f 1192 	1188 	1207
f 1171 	1210 	1174
f 1192 	1207 	1213
f 1211 	1102 	1212
f 1103 	1211 	1276
f 1208 	1210 	1171
f 1192 	1213 	1194
f 1210 	7018 	1174
f 1215 	1304 	1198
f 1196 	1224 	1226
f 1215 	1300 	1304
f 1216 	1212 	1129
f 1198 	1307 	1200
f 1197 	1195 	2953
f 1129 	1212 	1102
f 1212 	1219 	1220
f 1206 	1230 	1251
f 1136 	1143 	1202
f 1202 	1143 	1221
f 1219 	1232 	1233
f 1172 	1218 	1223
f 1059 	1078 	1224
f 1219 	1233 	1220
f 1221 	1204 	1202
f 1212 	1220 	1211
f 1224 	1196 	1059
f 1172 	1223 	1126
f 1225 	1204 	1221
f 461 	1222 	1227
f 1225 	7028 	1208
f 1214 	1302 	1176
f 1226 	1230 	1201
f 1216 	1219 	1212
f 1203 	1229 	1205
f 1216 	1228 	1219
f 1210 	1208 	7028
f 922 	1310 	921
f 1244 	1207 	1205
f 1130 	1234 	1060
f 1235 	475 	1231
f 1217 	1270 	1218
f 1244 	1245 	1207
f 1221 	1411 	1225
f 1100 	1310 	1099
f 1236 	478 	1235
f 1237 	1147 	1223
f 479 	1236 	1241
f 1228 	1232 	1219
f 1240 	1147 	1237
f 1205 	1229 	1244
f 1238 	1232 	1228
f 1291 	1234 	1130
f 1239 	1242 	198
f 1151 	1243 	1160
f 1191 	1232 	1190
f 1245 	1213 	1207
f 1151 	1240 	1243
f 1191 	1233 	1232
f 1177 	481 	1241
f 1234 	1294 	1247
f 1160 	1243 	991
f 1239 	1248 	1242
f 1239 	1246 	1248
f 1080 	1249 	1109
f 1201 	1230 	1206
f 1249 	1080 	1247
f 1248 	1250 	1242
f 1249 	1572 	1109
f 1238 	1190 	1232
f 1244 	1261 	1245
f 1078 	1093 	1252
f 1263 	2567 	1261
f 1227 	1269 	1275
f 1501 	1262 	1265
f 1224 	1078 	1252
f 1234 	1291 	1294
f 1227 	1275 	1231
f 1229 	7301 	1255
f 1247 	1297 	1249
f 1226 	1224 	1256
f 1258 	1244 	1229
f 1252 	1256 	1224
f 1160 	991 	956
f 1256 	1260 	1226
f 1258 	1229 	1255
f 1322 	1250 	1136
f 1261 	1244 	1258
f 1322 	1136 	1202
f 1237 	597 	1240
f 1236 	1282 	1215
f 1226 	1260 	1230
f 1241 	1236 	1215
f 598 	1243 	1240
f 4017 	4024 	1259
f 881 	1310 	880
f 1240 	597 	598
f 1241 	1215 	1198
f 1243 	602 	991
f 1241 	1198 	1177
f 602 	1243 	598
f 1255 	1264 	1267
f 1246 	1265 	1268
f 1222 	1266 	1269
f 1217 	4730 	1270
f 1284 	1265 	1262
f 1265 	1287 	1268
f 1255 	1267 	1258
f 1284 	1287 	1265
f 1266 	1351 	1354
f 1266 	1354 	1269
f 1246 	1268 	1248
f 1258 	1271 	1261
f 1259 	1257 	4017
f 1218 	1272 	1223
f 1248 	1273 	1250
f 1256 	1402 	1260
f 1222 	1269 	1227
f 1258 	1267 	1271
f 1248 	1268 	1273
f 1261 	1271 	1274
f 1272 	1218 	1270
f 1398 	1402 	1256
f 1223 	1272 	1237
f 1250 	1273 	1136
f 1261 	1274 	1263
f 1231 	1278 	1235
f 1231 	1275 	1278
f 1277 	1164 	1276
f 1235 	1282 	1236
f 1251 	1279 	1209
f 1277 	1283 	1168
f 1235 	1278 	1282
f 1262 	1280 	1284
f 1270 	1281 	1286
f 1168 	1283 	1169
f 1266 	1611 	1351
f 1283 	1288 	1169
f 1097 	1310 	1096
f 1272 	1270 	1286
f 1260 	1289 	1230
f 1268 	1287 	1290
f 1230 	1289 	1251
f 1176 	1291 	1130
f 1292 	1279 	1251
f 1268 	1290 	1273
f 1267 	1305 	1271
f 1275 	1356 	1361
f 1293 	1276 	1211
f 1289 	1292 	1251
f 1273 	1290 	1140
f 1275 	1361 	1278
f 1123 	1310 	1122
f 1292 	1295 	1279
f 1211 	1220 	1293
f 1293 	1296 	1276
f 1294 	1297 	1247
f 1279 	1295 	1285
f 1273 	1140 	1136
f 1128 	1310 	1127
f 1295 	1298 	1285
f 1276 	1296 	1277
f 1267 	1264 	1299
f 1128 	1179 	1310
f 1283 	1277 	1301
f 1296 	1301 	1277
f 1176 	1302 	1291
f 1283 	1303 	1288
f 1299 	1264 	223
f 1280 	1420 	1284
f 1305 	1267 	1299
f 1302 	1306 	1291
f 1301 	1303 	1283
f 1284 	1422 	1287
f 1303 	1530 	1288
f 1306 	1294 	1291
f 1198 	1304 	1307
f 1272 	643 	1237
f 1294 	1308 	1297
f 1200 	1307 	1309
f 1288 	1530 	1517
f 1295 	1292 	1430
f 1272 	1286 	643
f 1306 	1308 	1294
f 643 	597 	1237
f 1308 	1311 	1297
f 1200 	1309 	1159
f 1319 	1323 	1293
f 1434 	1298 	1295
f 1323 	1296 	1293
f 1242 	1250 	1313
f 646 	1286 	1281
f 878 	1116 	1315
f 1286 	646 	648
f 1116 	1196 	1315
f 1286 	648 	643
f 930 	1316 	932
f 1302 	2502 	1306
f 1312 	6156 	6157
f 1315 	1316 	930
f 932 	1318 	935
f 1316 	1318 	932
f 1321 	1271 	1305
f 1319 	1293 	1220
f 1305 	1333 	1321
f 1220 	1233 	1319
f 1322 	1314 	1313
f 1274 	1271 	1321
f 1322 	1313 	1250
f 1300 	1390 	1304
f 1317 	1314 	1167
f 1196 	1201 	1315
f 2084 	2085 	1310
f 1299 	223 	1324
f 1315 	1201 	1316
f 1322 	1167 	1314
f 1326 	1301 	1296
f 1201 	1206 	1316
f 1167 	1170 	1317
f 1304 	1327 	1307
f 237 	1324 	223
f 1317 	1170 	1152
f 1323 	1326 	1296
f 1329 	1299 	1324
f 1316 	1206 	1318
f 1307 	1328 	1309
f 473 	468 	1374
f 1326 	1330 	1301
f 1341 	1324 	237
f 1206 	1209 	1318
f 1325 	1332 	582
f 1318 	1209 	1320
f 1324 	1341 	1346
f 1307 	1327 	1328
f 1324 	1346 	1329
f 1301 	1330 	1303
f 1329 	1305 	1299
f 1309 	1328 	6156
f 1322 	1202 	1167
f 1331 	473 	1374
f 1333 	1305 	1329
f 1319 	1233 	1253
f 1320 	1336 	948
f 1325 	1363 	1332
f 1319 	1254 	1323
f 1360 	1363 	1325
f 1253 	1254 	1319
f 1326 	1323 	1257
f 1309 	6156 	1312
f 1254 	1257 	1323
f 1335 	443 	476
f 1336 	1338 	1010
f 1321 	1333 	5384
f 446 	443 	1339
f 1353 	1336 	1320
f 1330 	1326 	1259
f 1341 	237 	256
f 1336 	1355 	1338
f 1257 	1259 	1326
f 1353 	1355 	1336
f 1259 	1496 	1330
f 1339 	443 	1335
f 446 	1339 	1344
f 1338 	1343 	1011
f 1408 	1328 	1327
f 2167 	1310 	2164
f 1290 	1342 	1140
f 413 	446 	1344
f 2169 	1310 	2167
f 1348 	1140 	1342
f 1014 	1350 	1016
f 1329 	1349 	1333
f 1352 	1221 	1143
f 1081 	413 	1344
f 1343 	1350 	1014
f 1143 	1348 	1352
f 1329 	1346 	1349
f 2169 	2170 	1310
f 1347 	1345 	4215
f 2171 	2173 	1310
f 1209 	1353 	1320
f 1126 	1335 	1331
f 4215 	4219 	1347
f 2173 	2174 	1310
f 1335 	1133 	1339
f 1334 	1372 	1342
f 1356 	1275 	1269
f 1335 	1126 	1133
f 1355 	1358 	1338
f 1341 	1370 	1346
f 1138 	1339 	1133
f 1356 	1269 	1354
f 972 	996 	1360
f 1339 	1138 	1344
f 1348 	1386 	1352
f 1142 	1081 	1344
f 1346 	1427 	1349
f 1360 	1325 	972
f 2174 	2133 	1310
f 2133 	2135 	1310
f 1278 	1365 	1282
f 1332 	1366 	1337
f 1422 	1367 	1334
f 2136 	2138 	1310
f 1278 	1361 	1365
f 1363 	1366 	1332
f 1366 	1371 	1337
f 1362 	1378 	1384
f 1300 	1282 	1365
f 1422 	1432 	1367
f 2139 	2141 	1310
f 1362 	1384 	1369
f 1372 	1334 	1367
f 1370 	1341 	1368
f 1338 	1358 	1343
f 1427 	1346 	1370
f 2143 	1867 	1310
f 1300 	1365 	1388
f 1358 	1373 	1343
f 1374 	468 	1369
f 1337 	1371 	1340
f 1300 	1215 	1282
f 1867 	1869 	1310
f 1369 	1387 	1374
f 1340 	1371 	1500
f 1369 	1384 	1387
f 1869 	1872 	1310
f 1357 	1376 	1359
f 1343 	1373 	1350
f 301 	319 	1377
f 1367 	1391 	1372
f 1375 	1376 	1357
f 1872 	1873 	1310
f 1377 	1368 	301
f 1376 	1379 	1359
f 1368 	1377 	1380
f 1362 	1405 	1378
f 1874 	1876 	1310
f 1353 	1209 	1279
f 1342 	1372 	1381
f 1354 	1447 	1356
f 1279 	1285 	1353
f 1356 	1451 	1361
f 1876 	1879 	1310
f 1368 	1380 	1370
f 1379 	1364 	1359
f 1372 	1391 	1392
f 1285 	1355 	1353
f 1372 	1392 	1381
f 1379 	1382 	1364
f 1355 	1383 	1358
f 1879 	1843 	1310
f 1342 	1381 	1348
f 319 	1385 	1377
f 1843 	1845 	1310
f 1386 	1348 	1381
f 1383 	1355 	1285
f 319 	327 	1385
f 7068 	1352 	1386
f 1849 	1787 	1310
f 1432 	1389 	1367
f 1375 	1396 	1376
f 1390 	1300 	1388
f 1374 	1387 	1172
f 1390 	1327 	1304
f 1787 	1788 	1310
f 1387 	1218 	1172
f 1391 	1367 	1389
f 1790 	1791 	1310
f 1399 	1401 	1379
f 1172 	1331 	1374
f 1391 	1389 	5570
f 1379 	1401 	1382
f 1172 	1126 	1331
f 1285 	1298 	1383
f 1401 	1441 	1382
f 1156 	1169 	1393
f 1788 	1790 	1310
f 1390 	1406 	1327
f 1327 	1406 	1408
f 1252 	1093 	1395
f 1381 	1394 	1386
f 1393 	1375 	1156
f 1791 	1736 	1310
f 1393 	1396 	1375
f 996 	1055 	1360
f 1381 	1392 	1394
f 1736 	1737 	1310
f 1217 	1387 	1384
f 1141 	1395 	1093
f 1397 	1363 	1360
f 1395 	1398 	1252
f 1218 	1387 	1217
f 1737 	1740 	1310
f 1376 	1399 	1379
f 1055 	1397 	1360
f 1397 	1413 	1363
f 1396 	1399 	1376
f 1740 	1742 	1310
f 1256 	1252 	1398
f 1742 	1711 	1310
f 1388 	1400 	1403
f 1712 	1714 	1310
f 1288 	1393 	1169
f 4785 	492 	486
f 1388 	1403 	1390
f 1141 	1404 	1395
f 1393 	1517 	1396
f 1714 	1716 	1310
f 1405 	492 	4785
f 1390 	1403 	1406
f 1393 	1288 	1517
f 1395 	1407 	1398
f 501 	496 	1362
f 1716 	1717 	1310
f 1399 	1396 	1521
f 1404 	1407 	1395
f 1407 	1409 	1398
f 1399 	1526 	1401
f 1423 	1406 	1403
f 501 	1362 	1369
f 647 	1385 	327
f 1406 	1428 	1408
f 1406 	1423 	1428
f 1526 	1654 	1401
f 1398 	1409 	1402
f 1369 	468 	501
f 1408 	6199 	1328
f 1409 	1450 	1402
f 1411 	1221 	1352
f 1404 	1178 	1407
f 1405 	5259 	1378
f 1397 	1433 	1413
f 976 	978 	1310
f 1363 	1413 	1366
f 1407 	1185 	1409
f 978 	979 	1310
f 1416 	1371 	1366
f 1178 	1185 	1407
f 745 	1417 	706
f 1415 	1400 	1480
f 1185 	1463 	1409
f 979 	937 	1310
f 1400 	1415 	1418
f 1414 	1417 	745
f 1413 	1416 	1366
f 706 	1417 	1419
f 1280 	6425 	1420
f 938 	939 	1310
f 1413 	1436 	1416
f 1552 	1557 	1410
f 939 	942 	1310
f 1400 	1418 	1403
f 1410 	1557 	1412
f 1421 	1289 	1260
f 1403 	1418 	1423
f 1422 	1284 	1420
f 1419 	709 	706
f 942 	944 	1310
f 1334 	1290 	1287
f 1421 	1260 	1402
f 1425 	1032 	1364
f 1289 	1421 	1424
f 1055 	1426 	1397
f 36 	1419 	1417
f 1334 	1287 	1422
f 1065 	1032 	1425
f 1292 	1289 	1424
f 1290 	1334 	1342
f 1007 	876 	1310
f 1429 	1065 	1425
f 876 	880 	1310
f 1425 	1441 	1429
f 1109 	1426 	1055
f 1414 	25 	30
f 1430 	1292 	1424
f 1414 	30 	1417
f 1420 	1432 	1422
f 1426 	1433 	1397
f 1430 	1434 	1295
f 1435 	1068 	1429
f 884 	885 	1310
f 1417 	30 	36
f 1456 	3917 	1430
f 1433 	1436 	1413
f 6591 	1419 	36
f 1068 	1435 	1072
f 885 	889 	1310
f 881 	884 	1310
f 1418 	1917 	1423
f 1435 	1437 	1072
f 1364 	1382 	1425
f 1109 	1572 	1426
f 889 	918 	1310
f 1370 	1431 	1427
f 1382 	1441 	1425
f 1402 	1450 	1421
f 1370 	1380 	1431
f 918 	919 	1310
f 1429 	1442 	1435
f 1433 	1580 	1436
f 1444 	811 	1438
f 1441 	1442 	1429
f 1443 	1354 	1351
f 1456 	1430 	1424
f 1442 	1445 	1435
f 1446 	1377 	1385
f 1438 	1459 	1464
f 1447 	1354 	1443
f 919 	920 	1310
f 1446 	1380 	1377
f 1435 	1445 	1437
f 920 	921 	1310
f 1380 	1446 	1448
f 814 	1444 	1449
f 1444 	1438 	1464
f 1439 	1184 	7217
f 922 	924 	1310
f 1451 	1356 	1447
f 1439 	7217 	1440
f 1401 	1460 	1441
f 1453 	1365 	1361
f 1452 	1424 	1421
f 924 	926 	1310
f 615 	1454 	699
f 1361 	1451 	1453
f 814 	1449 	816
f 1365 	1453 	1388
f 1455 	816 	1449
f 1450 	1452 	1421
f 926 	1092 	1310
f 1452 	1456 	1424
f 1449 	99 	1455
f 1092 	1094 	1310
f 615 	1340 	1454
f 1095 	1096 	1310
f 1454 	1458 	699
f 1457 	1461 	177
f 1460 	1462 	1441
f 1447 	1474 	1451
f 1448 	1431 	1380
f 1097 	1099 	1310
f 1457 	1493 	1461
f 1457 	1481 	1493
f 1441 	1462 	1442
f 1100 	1119 	1310
f 1442 	1410 	1445
f 98 	1449 	1444
f 1463 	1450 	1409
f 1461 	180 	177
f 1463 	1465 	1450
f 1453 	1400 	1388
f 98 	1444 	1464
f 1462 	1410 	1442
f 1119 	1120 	1310
f 1461 	1466 	180
f 1446 	1385 	1471
f 1410 	1412 	1445
f 1480 	1400 	1453
f 1473 	1448 	1446
f 99 	1449 	98
f 1120 	1121 	1310
f 1450 	1465 	1452
f 1455 	25 	1414
f 1401 	1654 	1460
f 1461 	1497 	1466
f 1452 	1468 	1456
f 1455 	99 	25
f 1465 	1468 	1452
f 1121 	1122 	1310
f 1470 	1443 	1467
f 1123 	1125 	1310
f 1459 	109 	115
f 1385 	647 	1471
f 1459 	115 	1464
f 1464 	119 	98
f 1443 	1470 	1447
f 1125 	1127 	1310
f 1469 	1239 	196
f 1501 	1469 	1466
f 1446 	1471 	1473
f 1448 	1476 	5567
f 1458 	1477 	707
f 1448 	1473 	1476
f 1474 	1447 	1470
f 1239 	198 	196
f 1451 	1474 	1480
f 647 	1479 	1471
f 1474 	1505 	1480
f 707 	1477 	708
f 1181 	1182 	1310
f 1474 	1503 	1505
f 1451 	1480 	1453
f 1471 	1479 	1484
f 708 	1477 	1485
f 1479 	1512 	1484
f 708 	1485 	711
f 1180 	1181 	1310
f 1471 	1484 	1473
f 1473 	1484 	1491
f 1499 	1486 	1482
f 1182 	1195 	1310
f 1486 	1506 	1490
f 1499 	1506 	1486
f 1467 	1487 	1492
f 1500 	1454 	1340
f 1472 	1534 	1490
f 1642 	1643 	1310
f 1454 	1504 	1458
f 1490 	1494 	1472
f 1473 	1491 	1476
f 1489 	1731 	1495
f 1458 	1508 	1477
f 1504 	1508 	1458
f 1197 	1642 	1310
f 1497 	1461 	1493
f 1477 	1510 	1485
f 1511 	1479 	726
f 1330 	1496 	1482
f 1643 	1646 	1310
f 1479 	1511 	1512
f 1496 	1499 	1482
f 1467 	1492 	1470
f 1496 	4354 	1499
f 1646 	1652 	1310
f 1466 	1497 	1501
f 1474 	1470 	1503
f 1470 	1492 	1503
f 321 	1478 	1475
f 1652 	1655 	1310
f 1504 	1454 	1500
f 321 	7818 	1478
f 1490 	1509 	1494
f 1655 	1658 	1310
f 1478 	7818 	1483
f 1469 	1246 	1239
f 1506 	1509 	1490
f 1510 	1477 	1508
f 1658 	1659 	1310
f 1469 	1501 	1246
f 1681 	1684 	1310
f 739 	1520 	726
f 1684 	1685 	1310
f 1480 	1505 	1415
f 4024 	1496 	1259
f 1481 	1519 	1493
f 1685 	1687 	1310
f 1496 	4024 	4354
f 1493 	1523 	1497
f 1772 	1507 	1502
f 1499 	4357 	1506
f 1416 	1513 	1371
f 1501 	1265 	1246
f 1934 	1936 	1487
f 1484 	1515 	1491
f 1513 	1500 	1371
f 1310 	2057 	2059
f 1513 	1516 	1500
f 1512 	1515 	1484
f 2059 	2060 	1310
f 1481 	6538 	1519
f 7824 	1488 	1483
f 1511 	726 	1520
f 1517 	1521 	1396
f 1310 	2060 	2061
f 1511 	1522 	1512
f 1517 	1534 	1521
f 1505 	1913 	1415
f 1530 	1534 	1517
f 2061 	2062 	1310
f 1511 	1520 	1522
f 1523 	1493 	1519
f 1512 	1522 	1527
f 1526 	1399 	1521
f 1497 	1523 	1262
f 1519 	6548 	1523
f 1512 	1527 	1515
f 1529 	951 	945
f 1523 	1280 	1262
f 1497 	1262 	1501
f 1529 	1532 	951
f 1535 	955 	953
f 953 	1532 	1535
f 1521 	1472 	1526
f 739 	1536 	1520
f 1500 	1516 	1504
f 1472 	1521 	1534
f 1522 	1520 	1539
f 1520 	1536 	1539
f 1540 	1508 	1504
f 1522 	1541 	1527
f 1519 	6545 	6548
f 1330 	1482 	1303
f 1516 	1540 	1504
f 1540 	1543 	1508
f 1539 	1541 	1522
f 1524 	1542 	1544
f 1482 	1530 	1303
f 1280 	1523 	6548
f 1530 	1486 	1534
f 1482 	1486 	1530
f 1524 	1544 	1528
f 1508 	1543 	1510
f 1486 	1490 	1534
f 1528 	1545 	1533
f 1436 	1546 	1416
f 709 	1419 	1547
f 1419 	6591 	1547
f 1544 	1545 	1528
f 1548 	1462 	1460
f 1533 	1545 	1549
f 1546 	1513 	1416
f 1547 	377 	709
f 1489 	1495 	1514
f 1513 	1550 	1516
f 1460 	1654 	1548
f 1551 	382 	377
f 1546 	1550 	1513
f 1536 	1590 	1539
f 1552 	1462 	1548
f 1533 	1549 	1537
f 377 	1547 	1551
f 1514 	1495 	1518
f 1495 	1498 	1518
f 1540 	1516 	1553
f 1518 	1498 	1525
f 1475 	1537 	1549
f 1550 	1553 	1516
f 1531 	1525 	1502
f 1555 	397 	389
f 1553 	1556 	1540
f 1462 	1552 	1410
f 1498 	1502 	1525
f 1478 	1704 	1475
f 389 	1554 	1555
f 1540 	1556 	1543
f 1531 	1507 	1538
f 1457 	397 	1555
f 1542 	305 	1544
f 1502 	1507 	1531
f 1555 	1481 	1457
f 303 	305 	1542
f 1507 	1793 	1538
f 1544 	309 	1545
f 1654 	1526 	1560
f 1457 	177 	397
f 1544 	305 	309
f 1558 	1559 	1561
f 1526 	1472 	1560
f 1549 	1545 	312
f 1560 	1563 	1654
f 1560 	1472 	1494
f 955 	1535 	1222
f 1559 	1565 	1561
f 1553 	1550 	1636
f 1547 	6596 	1551
f 1592 	1563 	1560
f 1551 	6596 	1567
f 1548 	1654 	1563
f 1559 	1564 	1565
f 1563 	1569 	1548
f 1551 	1567 	1554
f 1529 	1568 	1532
f 1554 	1567 	1570
f 1562 	1668 	1566
f 1552 	1548 	1569
f 309 	312 	1545
f 1552 	1573 	1557
f 1549 	312 	316
f 1555 	1554 	1570
f 1535 	1266 	1222
f 1569 	1573 	1552
f 1549 	316 	1475
f 1535 	1611 	1266
f 1481 	1555 	1570
f 1573 	1574 	1557
f 6709 	1570 	1567
f 1426 	1577 	1433
f 1565 	1622 	1625
f 1572 	1577 	1426
f 1577 	1580 	1433
f 1592 	1560 	1494
f 958 	1591 	1579
f 1576 	1699 	1578
f 1436 	1586 	1546
f 1580 	1586 	1436
f 1529 	945 	1584
f 705 	1581 	1536
f 1584 	1597 	1529
f 1595 	1572 	1297
f 1249 	1297 	1572
f 1595 	1598 	1572
f 705 	1558 	1581
f 1587 	1615 	1589
f 1610 	1615 	1587
f 1590 	1536 	1581
f 1598 	1577 	1572
f 1581 	1599 	1590
f 1581 	1561 	1599
f 1539 	1590 	7887
f 1579 	1591 	1593
f 1580 	1606 	1586
f 1594 	1569 	1563
f 1539 	7887 	1541
f 1579 	1593 	1584
f 1592 	1594 	1563
f 1594 	1596 	1569
f 1581 	1558 	1561
f 1583 	1610 	1587
f 1597 	1584 	1593
f 1576 	1694 	1699
f 1597 	1568 	1529
f 1596 	1573 	1569
f 1596 	1601 	1573
f 1600 	1580 	1577
f 1598 	1600 	1577
f 1593 	1650 	1597
f 1573 	1601 	1574
f 1600 	1606 	1580
f 1494 	1509 	1607
f 1605 	1610 	1583
f 1532 	1611 	1535
f 1607 	1592 	1494
f 1561 	1565 	1612
f 1568 	1611 	1532
f 1607 	1613 	1592
f 1311 	1595 	1297
f 1612 	1599 	1561
f 1595 	1311 	1614
f 1599 	1612 	7901
f 1595 	1614 	1598
f 1625 	1612 	1565
f 1614 	1617 	1598
f 1653 	1568 	1597
f 1598 	1617 	1600
f 1568 	1653 	1662
f 1600 	1620 	1606
f 6967 	1618 	1602
f 1616 	1576 	1633
f 1617 	1620 	1600
f 1618 	1621 	1602
f 1662 	1611 	1568
f 1564 	1619 	1622
f 1575 	1478 	1483
f 1619 	1629 	1622
f 1619 	1628 	1629
f 1575 	1483 	1582
f 1602 	1621 	1605
f 1622 	1565 	1564
f 1562 	1603 	2660
f 1605 	1624 	1610
f 1582 	1488 	1588
f 1614 	1311 	2659
f 1621 	1624 	1605
f 1623 	1071 	1112
f 1582 	1483 	1488
f 1610 	1626 	1615
f 1562 	1566 	1603
f 28 	1612 	1625
f 1623 	1627 	1075
f 1588 	1488 	2149
f 1624 	1626 	1610
f 1615 	1648 	834
f 1603 	1566 	1608
f 1588 	2149 	1604
f 1566 	1571 	1608
f 1626 	1648 	1615
f 1571 	1616 	1608
f 1617 	2878 	1620
f 1079 	1630 	958
f 1079 	1627 	1630
f 1622 	1629 	1631
f 1571 	1576 	1616
f 1586 	1632 	1546
f 1622 	1631 	1625
f 1625 	17 	28
f 1632 	1550 	1546
f 1613 	1594 	1592
f 1625 	1631 	17
f 1632 	1636 	1550
f 1613 	1638 	1594
f 1630 	1591 	958
f 2269 	1633 	1635
f 1645 	1629 	1628
f 1697 	1112 	1108
f 1594 	1638 	1596
f 1635 	1585 	1640
f 1197 	1310 	1195
f 1638 	1345 	1596
f 1601 	1596 	1345
f 1627 	1748 	1630
f 1345 	1347 	1601
f 1589 	1615 	834
f 1628 	1644 	1645
f 1629 	1647 	1631
f 834 	809 	1589
f 1629 	1645 	1647
f 14 	1631 	1647
f 1576 	1578 	1633
f 1633 	1578 	1635
f 1649 	1593 	1591
f 1111 	872 	1648
f 1648 	1626 	1801
f 1644 	1775 	1645
f 1593 	1649 	1650
f 1644 	1773 	1775
f 1597 	1650 	1653
f 1647 	1645 	1776
f 1648 	1801 	1111
f 1645 	1775 	1776
f 1578 	1585 	1635
f 549 	1647 	1776
f 2965 	1646 	1643
f 1553 	1651 	1556
f 1651 	1553 	1636
f 5616 	1661 	1656
f 1646 	2991 	1652
f 1351 	1611 	1662
f 2606 	1683 	1686
f 1606 	1671 	1586
f 1674 	1679 	1663
f 1689 	1804 	1667
f 1649 	1670 	1672
f 1671 	1632 	1586
f 1632 	1673 	1636
f 1632 	1671 	1673
f 1649 	1672 	1650
f 1673 	1676 	1636
f 1678 	2054 	1310
f 1677 	1678 	1310
f 1657 	1604 	1660
f 1588 	1604 	1657
f 1651 	1636 	1676
f 1679 	1680 	1663
f 1660 	1604 	1609
f 1653 	1807 	1662
f 1722 	1676 	1673
f 1609 	1665 	1660
f 1679 	1702 	1703
f 1812 	1351 	1662
f 1679 	1703 	1680
f 1662 	1807 	1812
f 1681 	1310 	1659
f 1679 	1691 	1702
f 1668 	1682 	1566
f 1663 	1680 	1664
f 1606 	1698 	1671
f 1620 	1698 	1606
f 1668 	1518 	1682
f 1698 	1701 	1671
f 1677 	1310 	1688
f 1687 	1688 	1310
f 1566 	1682 	1571
f 1673 	1671 	1701
f 1689 	1667 	1686
f 1693 	1804 	1689
f 1682 	1694 	1571
f 1659 	3084 	1681
f 1106 	995 	1695
f 1752 	1528 	1533
f 995 	1030 	1695
f 1682 	1525 	1694
f 1571 	1694 	1576
f 1691 	1679 	1674
f 1697 	1108 	1695
f 1683 	1700 	1705
f 1112 	1697 	1706
f 1698 	2943 	1701
f 1729 	1697 	1695
f 1537 	1475 	1704
f 1688 	1687 	3125
f 1700 	1743 	1705
f 1690 	1720 	1692
f 1707 	1585 	1578
f 1683 	1705 	1686
f 1699 	1707 	1578
f 1706 	1623 	1112
f 1686 	1708 	1689
f 1692 	1724 	1696
f 1686 	1705 	1708
f 1720 	1724 	1692
f 1706 	1709 	1623
f 1704 	1478 	1575
f 1689 	1710 	1693
f 2667 	1514 	1668
f 1689 	1708 	1710
f 1709 	1627 	1623
f 1693 	1710 	417
f 1514 	1518 	1668
f 1748 	1627 	1709
f 1719 	1310 	1718
f 1310 	1717 	1718
f 1713 	1702 	1691
f 1715 	1720 	1690
f 1719 	970 	1310
f 1715 	1734 	1720
f 682 	1693 	417
f 1730 	1734 	1715
f 1518 	1525 	1682
f 1673 	1701 	1722
f 1525 	1531 	1694
f 1694 	1531 	1699
f 1723 	976 	1721
f 1784 	1844 	1703
f 1699 	1538 	1707
f 1531 	1538 	1699
f 1700 	1735 	1743
f 1724 	1726 	1696
f 1538 	1808 	1707
f 1746 	1708 	1705
f 1750 	1591 	1630
f 1738 	1744 	1724
f 1782 	1702 	1713
f 1724 	1744 	1726
f 1696 	1726 	1763
f 1660 	937 	1657
f 1030 	1729 	1695
f 1727 	1731 	1489
f 1710 	431 	417
f 1739 	1498 	1495
f 1720 	1738 	1724
f 1704 	1721 	1760
f 1734 	1738 	1720
f 1731 	1739 	1495
f 1721 	1704 	1575
f 1739 	1745 	1498
f 1721 	1575 	1723
f 1620 	2937 	1698
f 1705 	1743 	1746
f 1725 	1723 	1582
f 1680 	1747 	1664
f 1620 	2878 	2937
f 2937 	2943 	1698
f 1723 	1575 	1582
f 1664 	1747 	1728
f 1725 	1582 	1588
f 1747 	1749 	1728
f 1588 	1657 	1725
f 1708 	424 	1710
f 1630 	1748 	1750
f 2949 	7629 	1722
f 1750 	1649 	1591
f 970 	1751 	1752
f 1708 	1746 	424
f 1728 	1749 	1732
f 1753 	1706 	1697
f 424 	431 	1710
f 1751 	1528 	1752
f 1732 	1754 	1741
f 1733 	1755 	1735
f 1749 	1754 	1732
f 1729 	1753 	1697
f 1733 	1675 	1755
f 1754 	1904 	1741
f 1753 	1758 	1706
f 1743 	1735 	1757
f 1755 	1757 	1735
f 1738 	1819 	1744
f 1743 	1759 	1746
f 1743 	1757 	1759
f 1741 	1904 	1896
f 1706 	1758 	1709
f 448 	1746 	1759
f 1747 	1680 	1761
f 1748 	1709 	1762
f 1703 	1761 	1680
f 1758 	1762 	1709
f 1761 	1764 	1747
f 1748 	1762 	1765
f 1726 	1070 	1763
f 1748 	1765 	1750
f 59 	3955 	1767
f 1747 	1764 	1749
f 1726 	1084 	1070
f 1750 	1670 	1649
f 1764 	1768 	1749
f 1766 	1767 	3955
f 1726 	1744 	1084
f 1765 	1670 	1750
f 1768 	1754 	1749
f 1751 	1524 	1528
f 1498 	1745 	1502
f 1533 	1756 	1752
f 1618 	1771 	1621
f 1756 	1537 	1760
f 1745 	1772 	1502
f 1769 	1783 	1773
f 1769 	1780 	1783
f 7557 	1771 	1618
f 1844 	1761 	1703
f 1712 	1310 	1711
f 1756 	1533 	1537
f 1771 	1774 	1621
f 1851 	1764 	1761
f 1537 	1704 	1760
f 1771 	1692 	1774
f 809 	813 	1727
f 1727 	813 	1731
f 1621 	1774 	1624
f 1765 	1762 	1883
f 813 	818 	1731
f 1774 	1779 	1624
f 1731 	818 	1739
f 1739 	821 	1745
f 818 	821 	1739
f 1784 	1702 	1782
f 1624 	1779 	1626
f 1729 	1785 	1753
f 1779 	1774 	1696
f 1745 	898 	1772
f 1785 	1729 	1082
f 1773 	1783 	1786
f 821 	898 	1745
f 1696 	1763 	1779
f 1753 	1785 	1789
f 1702 	1784 	1703
f 1773 	1786 	1775
f 1785 	1888 	1789
f 1775 	1794 	1776
f 1775 	1786 	1794
f 1753 	1789 	1758
f 1776 	561 	549
f 1690 	1771 	7557
f 1777 	1796 	1778
f 1758 	1789 	1882
f 561 	1776 	1794
f 1690 	1692 	1771
f 1792 	1796 	1777
f 1793 	2144 	1797
f 1795 	1782 	1713
f 1778 	1796 	1798
f 1782 	1799 	1800
f 1692 	1696 	1774
f 1758 	1882 	1762
f 1783 	1806 	1786
f 1778 	1798 	1781
f 1779 	1801 	1626
f 1781 	1542 	1524
f 1782 	1800 	1784
f 1779 	1763 	1801
f 1781 	1798 	1542
f 1827 	381 	1792
f 1803 	1653 	1650
f 1801 	1763 	1054
f 1792 	381 	1796
f 383 	1796 	381
f 1667 	1804 	1780
f 1795 	5445 	1802
f 1796 	383 	398
f 1650 	1672 	1803
f 1780 	1804 	1783
f 1795 	1799 	1782
f 1798 	1796 	398
f 1807 	1653 	1803
f 1802 	1799 	1795
f 1806 	1783 	1804
f 1798 	398 	303
f 1806 	584 	1786
f 1794 	1786 	584
f 1799 	1809 	1800
f 584 	585 	1794
f 1805 	1810 	1730
f 303 	1542 	1798
f 1811 	1809 	1799
f 1809 	1866 	1800
f 1805 	1824 	1810
f 1351 	1812 	1443
f 1806 	1693 	682
f 1828 	1670 	1765
f 1806 	682 	584
f 1730 	1810 	1734
f 1808 	1797 	1813
f 1810 	1815 	1734
f 1804 	1693 	1806
f 1670 	1830 	1672
f 1670 	1828 	1830
f 1734 	1815 	1738
f 1819 	1738 	1815
f 1816 	1811 	1802
f 1837 	1807 	1803
f 1770 	1822 	1766
f 1770 	1831 	1822
f 1811 	1799 	1802
f 1812 	1807 	1839
f 1766 	1822 	1767
f 1812 	1467 	1443
f 1822 	1826 	1767
f 1812 	1839 	1467
f 1821 	1847 	1825
f 1838 	1847 	1821
f 1788 	2106 	1790
f 1814 	435 	1820
f 1829 	1831 	1770
f 1793 	1808 	1538
f 1672 	1830 	1833
f 1810 	1832 	1815
f 1831 	1834 	1822
f 1808 	1793 	1797
f 1824 	1832 	1810
f 1833 	1803 	1672
f 1832 	1836 	1815
f 372 	1823 	1820
f 1813 	1835 	1817
f 1822 	1834 	1826
f 1820 	435 	372
f 378 	1823 	372
f 1835 	1813 	1797
f 1823 	378 	1827
f 1837 	1803 	1833
f 1835 	1838 	1817
f 1815 	1836 	1819
f 1839 	1807 	1837
f 1827 	378 	381
f 1829 	1905 	1831
f 1903 	1905 	1829
f 1817 	1838 	1821
f 1656 	1661 	1824
f 1855 	1830 	1828
f 1832 	1824 	1661
f 1844 	1851 	1761
f 1832 	1661 	1666
f 1777 	1916 	1842
f 1859 	1837 	1833
f 1764 	1852 	1768
f 1836 	1832 	1666
f 1851 	1852 	1764
f 1850 	1853 	124
f 1666 	1034 	1836
f 1850 	1860 	1853
f 1853 	129 	124
f 1797 	2146 	1835
f 1784 	1854 	1844
f 1839 	1487 	1467
f 1819 	1135 	1744
f 1155 	1135 	1819
f 1800 	1854 	1784
f 1135 	1084 	1744
f 1854 	1856 	1844
f 1819 	1836 	1155
f 1830 	1857 	1833
f 1844 	1856 	1851
f 1857 	1830 	1855
f 1826 	1850 	1767
f 1851 	1858 	1852
f 1859 	1833 	1857
f 1839 	1837 	1861
f 1846 	2301 	1848
f 1524 	1893 	1781
f 1856 	1858 	1851
f 1837 	1859 	1861
f 1787 	1849 	2098
f 1839 	1861 	1487
f 1850 	1826 	1860
f 1787 	2098 	2100
f 2100 	1788 	1787
f 1863 	1825 	1847
f 1841 	1827 	1842
f 1842 	1827 	1792
f 1855 	2259 	2262
f 1834 	2035 	1826
f 1863 	2218 	1865
f 1866 	1854 	1800
f 1855 	2262 	1857
f 1862 	2787 	1864
f 1854 	1870 	1856
f 1826 	2035 	1860
f 1866 	1870 	1854
f 1870 	1875 	1856
f 2035 	2037 	1860
f 2277 	1861 	1859
f 1846 	1310 	1845
f 1934 	1861 	2277
f 1858 	1856 	1875
f 1842 	1792 	1777
f 1882 	1883 	1762
f 1880 	755 	1884
f 1765 	1883 	1828
f 1871 	1865 	2220
f 1082 	1110 	1785
f 1785 	1110 	1888
f 1809 	2031 	1866
f 1717 	1887 	1889
f 1882 	1789 	1890
f 1892 	1641 	1640
f 1789 	1888 	1890
f 1882 	1890 	1894
f 1892 	1640 	1585
f 1781 	1893 	1889
f 1890 	2325 	1894
f 1896 	70 	7885
f 1882 	1894 	1883
f 1883 	1894 	1898
f 75 	70 	1897
f 1877 	749 	1880
f 1887 	1916 	1777
f 1896 	1897 	70
f 1887 	1777 	1778
f 1883 	1898 	1828
f 1897 	1901 	75
f 1887 	1778 	1889
f 1855 	1828 	1898
f 1872 	1869 	2406
f 1897 	1909 	1901
f 1110 	2314 	1888
f 1908 	1909 	1897
f 2408 	1873 	1872
f 1778 	1781 	1889
f 75 	1901 	86
f 2406 	2408 	1872
f 2314 	1110 	1134
f 1901 	1937 	86
f 1888 	2314 	2318
f 1524 	1751 	1893
f 2318 	1890 	1888
f 1975 	1892 	1585
f 1906 	1834 	1831
f 1897 	1896 	1908
f 1904 	1908 	1896
f 1892 	1978 	1895
f 2328 	1898 	1894
f 1905 	1906 	1831
f 1975 	1978 	1892
f 1978 	1982 	1895
f 1834 	1906 	2064
f 1898 	2259 	1855
f 1884 	2820 	1885
f 1982 	1899 	1895
f 1898 	2328 	2259
f 1982 	1989 	1899
f 2035 	1834 	2064
f 1899 	1989 	1902
f 1415 	1915 	1418
f 2294 	1845 	1843
f 1845 	2294 	2295
f 1415 	1913 	1915
f 1914 	1904 	1754
f 2295 	1846 	1845
f 1754 	1768 	1914
f 1914 	1918 	1904
f 1917 	1418 	1915
f 1905 	1944 	1906
f 1423 	1917 	6705
f 1904 	1918 	1908
f 1918 	1922 	1908
f 1423 	6705 	1428
f 1841 	1912 	1910
f 1918 	1970 	1922
f 1912 	1842 	1916
f 1912 	1841 	1842
f 1921 	1925 	1903
f 1922 	1909 	1908
f 1923 	1899 	1926
f 1913 	1965 	1915
f 1862 	1864 	1967
f 1929 	1917 	1915
f 1964 	1914 	1768
f 1934 	1487 	1861
f 1931 	1950 	1933
f 1931 	1984 	1950
f 2779 	1924 	1920
f 1895 	1641 	1892
f 1936 	1492 	1487
f 1818 	6013 	1933
f 1895 	1923 	1641
f 1492 	1936 	1939
f 1933 	6737 	1818
f 1895 	1899 	1923
f 1941 	130 	1937
f 1899 	1902 	1926
f 1849 	1310 	1848
f 1818 	6018 	6013
f 1903 	1925 	1905
f 1928 	1926 	1902
f 1907 	1942 	1910
f 1909 	1943 	1901
f 1925 	1944 	1905
f 1492 	1939 	1503
f 1938 	1942 	1907
f 1503 	1939 	1945
f 1942 	1841 	1910
f 1928 	1902 	1955
f 1848 	1310 	1846
f 1901 	1943 	1937
f 1943 	1946 	1937
f 1503 	1945 	1505
f 1927 	1984 	1931
f 1913 	1505 	1945
f 1937 	1946 	1941
f 1946 	1012 	1941
f 1951 	1925 	1921
f 1021 	1012 	1946
f 1921 	1948 	1951
f 1814 	1938 	1935
f 1951 	1953 	1925
f 1922 	1954 	1909
f 1928 	1955 	1947
f 1939 	1936 	2025
f 1938 	1814 	1820
f 1938 	1820 	1942
f 1954 	1943 	1909
f 1936 	2022 	2025
f 1947 	1957 	1949
f 1017 	1946 	1943
f 1925 	1953 	1944
f 1841 	1942 	1823
f 1955 	1957 	1947
f 1943 	1954 	1017
f 1820 	1823 	1942
f 1957 	1958 	1949
f 1823 	1827 	1841
f 1017 	1021 	1946
f 1949 	1958 	1952
f 1945 	1961 	1913
f 1965 	1913 	1961
f 1964 	1768 	1852
f 1948 	2183 	1951
f 2017 	1952 	1958
f 1953 	1951 	2190
f 2287 	2017 	2020
f 1862 	1967 	1962
f 1964 	1968 	1914
f 1965 	1929 	1915
f 1914 	1968 	1918
f 1966 	1935 	1969
f 129 	1853 	1971
f 1968 	1970 	1918
f 2038 	1977 	1980
f 1996 	1957 	1955
f 1971 	149 	129
f 1958 	1957 	2040
f 1858 	1972 	1852
f 1973 	153 	149
f 1996 	2040 	1957
f 6737 	1933 	1950
f 1960 	1930 	1963
f 1940 	2050 	1891
f 1964 	1852 	1972
f 1974 	1968 	1964
f 1940 	1919 	1956
f 1891 	1919 	1940
f 1707 	1975 	1585
f 1956 	1920 	1959
f 1972 	1974 	1964
f 1966 	1963 	1932
f 1974 	1976 	1968
f 1919 	1920 	1956
f 1920 	1924 	1959
f 1932 	1935 	1966
f 1976 	1970 	1968
f 1969 	1935 	1938
f 1959 	1924 	1962
f 1981 	1927 	1911
f 1938 	1907 	1969
f 1862 	1962 	1924
f 1981 	1911 	1979
f 1976 	1065 	1045
f 1961 	1980 	1983
f 1984 	1927 	1981
f 1978 	1817 	1982
f 1875 	1986 	1858
f 1980 	2000 	1983
f 1983 	1965 	1961
f 1858 	1986 	1972
f 1965 	1990 	1929
f 1988 	1791 	1985
f 1972 	1991 	1974
f 1965 	1983 	1990
f 1986 	1991 	1972
f 1976 	1974 	1032
f 1971 	1973 	149
f 2100 	2225 	2184
f 1973 	1992 	153
f 1991 	1032 	1974
f 1993 	1955 	1902
f 1032 	1065 	1976
f 1989 	1993 	1902
f 1864 	1994 	1967
f 1993 	1996 	1955
f 1977 	1997 	1980
f 1986 	1359 	1991
f 1864 	1987 	1994
f 1988 	2197 	1960
f 1991 	1364 	1032
f 2002 	2009 	1971
f 1977 	1995 	1997
f 1359 	1364 	1991
f 1922 	1999 	1954
f 1971 	2009 	1973
f 2000 	1980 	1997
f 1970 	1999 	1922
f 1999 	1039 	1954
f 1960 	2197 	1930
f 1970 	1976 	1045
f 1930 	1932 	1963
f 1999 	1970 	1045
f 1992 	2032 	2427
f 1999 	1049 	1039
f 1998 	1880 	2001
f 1045 	1049 	1999
f 1003 	944 	1637
f 1860 	2002 	1853
f 1983 	2000 	2003
f 1860 	2037 	2002
f 2005 	1811 	2004
f 1707 	1808 	1975
f 1003 	1637 	1639
f 1971 	1853 	2002
f 1808 	1813 	1975
f 2007 	2008 	1007
f 1983 	2003 	1990
f 1813 	1978 	1975
f 1978 	1813 	1817
f 2369 	876 	2008
f 1811 	2005 	1809
f 2031 	1809 	2005
f 1979 	2015 	1981
f 1005 	2007 	1007
f 1982 	1821 	1989
f 1979 	2058 	2015
f 5476 	5513 	2011
f 1816 	2004 	1811
f 1817 	1821 	1982
f 1997 	1995 	2132
f 1639 	2007 	1005
f 1821 	1825 	1989
f 2011 	2004 	1816
f 876 	2369 	880
f 1997 	2142 	2000
f 2013 	2004 	2012
f 1989 	1825 	1993
f 1993 	2014 	1996
f 1993 	1825 	2014
f 2008 	2007 	2309
f 2014 	2044 	1996
f 2004 	2013 	2005
f 1984 	1981 	2016
f 2017 	2287 	1952
f 1144 	2005 	2013
f 1998 	1877 	1880
f 1880 	1884 	2001
f 2016 	1981 	2015
f 2001 	1884 	2006
f 1984 	2016 	2021
f 2006 	1884 	2010
f 1885 	2010 	1884
f 1665 	1669 	939
f 2011 	2012 	2004
f 1934 	2018 	2022
f 2019 	2012 	2011
f 1669 	942 	939
f 1984 	2021 	1950
f 1885 	1886 	2010
f 1103 	2012 	1102
f 944 	942 	1634
f 2022 	1936 	1934
f 2087 	2088 	1310
f 1103 	2013 	2012
f 1669 	1634 	942
f 2021 	1840 	6809
f 2026 	302 	2023
f 1634 	1637 	944
f 1639 	1005 	1003
f 2019 	1102 	2012
f 1129 	1102 	2019
f 1973 	2032 	1992
f 2009 	2032 	1973
f 976 	1723 	978
f 2015 	2030 	2034
f 1866 	2033 	1870
f 1725 	978 	1723
f 2031 	2033 	1866
f 2124 	2029 	1998
f 2033 	2036 	1870
f 979 	978 	1725
f 2020 	2099 	2023
f 2001 	2067 	1998
f 2034 	2016 	2015
f 979 	1657 	937
f 1939 	2025 	2038
f 979 	1725 	1657
f 1870 	2036 	1875
f 1840 	2021 	2016
f 1660 	938 	937
f 1939 	2038 	1945
f 1144 	2031 	2005
f 2136 	1310 	2135
f 1961 	1945 	2038
f 938 	1665 	939
f 2139 	1310 	2138
f 2002 	2037 	2039
f 1144 	1149 	2031
f 1660 	1665 	938
f 2016 	2034 	1840
f 2031 	1149 	2033
f 2002 	2039 	2009
f 1149 	1156 	2033
f 2033 	1156 	2036
f 2018 	2053 	2022
f 1751 	970 	1719
f 2009 	2041 	2032
f 1874 	1310 	1873
f 2036 	1375 	1357
f 1877 	1998 	2029
f 1156 	1375 	2036
f 2039 	2041 	2009
f 2040 	2042 	1958
f 1875 	1357 	1986
f 2041 	2442 	2032
f 2036 	1357 	1875
f 1752 	971 	970
f 1357 	1359 	1986
f 971 	1756 	973
f 2044 	2040 	1996
f 2237 	2238 	1310
f 971 	1752 	1756
f 2044 	2047 	2040
f 973 	1756 	1760
f 2044 	1871 	2047
f 2025 	1977 	2038
f 1980 	1961 	2038
f 2040 	2047 	2042
f 1760 	974 	973
f 1760 	1721 	974
f 974 	1721 	976
f 2047 	2048 	2042
f 2171 	1310 	2170
f 2053 	2018 	2049
f 1714 	1712 	1912
f 1940 	2081 	2050
f 2046 	2052 	2055
f 2057 	1310 	2056
f 2054 	2056 	1310
f 2051 	2071 	2077
f 2035 	2090 	2037
f 2051 	2077 	2058
f 1825 	1863 	2014
f 1714 	1912 	1916
f 1863 	1865 	2014
f 1956 	1959 	2043
f 1714 	1916 	1716
f 2043 	1959 	2045
f 2104 	1310 	2062
f 1865 	2044 	2014
f 1716 	1887 	1717
f 2045 	1962 	2329
f 2109 	1310 	2107
f 1865 	1871 	2044
f 1959 	1962 	2045
f 757 	1558 	705
f 1310 	2109 	2084
f 1962 	1967 	2329
f 1916 	1887 	1716
f 1558 	757 	2078
f 1871 	1878 	2047
f 1889 	1718 	1717
f 2050 	2010 	1886
f 1878 	2048 	2047
f 1886 	1891 	2050
f 1718 	1889 	1893
f 1559 	1558 	2078
f 2022 	2065 	2025
f 1718 	1893 	1719
f 1906 	2068 	2064
f 1751 	1719 	1893
f 1906 	1944 	2068
f 2057 	3329 	2059
f 2075 	2205 	2070
f 2073 	754 	751
f 1953 	2076 	1944
f 2048 	2074 	2066
f 1966 	1969 	1740
f 2051 	2210 	2071
f 1740 	1969 	1742
f 751 	2072 	2073
f 2022 	2053 	2065
f 1878 	2074 	2048
f 1742 	1907 	1711
f 754 	2073 	2078
f 2074 	2079 	2066
f 1977 	2025 	2065
f 1969 	1907 	1742
f 2076 	2068 	1944
f 1907 	1910 	1711
f 754 	2078 	757
f 2058 	2030 	2015
f 1711 	1910 	1712
f 2058 	2077 	2030
f 2066 	2079 	2069
f 2079 	3989 	2069
f 1712 	1910 	1912
f 2050 	2081 	2080
f 2086 	1310 	2085
f 2531 	2082 	2072
f 2072 	2082 	2089
f 2228 	2077 	2071
f 2064 	2090 	2035
f 1791 	1988 	1736
f 2087 	1310 	2086
f 2090 	2091 	2037
f 2072 	2089 	2073
f 1960 	1736 	1988
f 2065 	2111 	1995
f 2235 	1310 	2093
f 2073 	2092 	2078
f 2065 	1995 	1977
f 2037 	2091 	2039
f 1963 	1736 	1960
f 2073 	2089 	2092
f 1958 	2042 	2017
f 2237 	1310 	2235
f 2039 	2094 	2041
f 1559 	2078 	2092
f 1736 	1963 	1737
f 1740 	1737 	1966
f 2091 	2094 	2039
f 1966 	1737 	1963
f 2042 	2096 	2017
f 2049 	2095 	2097
f 2096 	2020 	2017
f 1998 	2067 	2124
f 6110 	1911 	6113
f 2108 	2090 	2064
f 2070 	2067 	2001
f 2096 	2099 	2020
f 1927 	6113 	1911
f 2070 	2006 	2075
f 2099 	2101 	2023
f 2090 	2113 	2091
f 2089 	2115 	2092
f 2090 	2108 	2113
f 2001 	2006 	2070
f 1791 	1790 	1985
f 2075 	2006 	2080
f 2094 	2091 	2114
f 2023 	2101 	2026
f 2010 	2080 	2006
f 2010 	2050 	2080
f 1790 	2106 	1985
f 1310 	2104 	2107
f 2101 	2105 	2026
f 2106 	1788 	2100
f 2068 	2108 	2064
f 2049 	2097 	2053
f 2082 	2103 	2112
f 2111 	2065 	2053
f 3300 	2062 	2061
f 2083 	2081 	1940
f 2103 	2193 	2112
f 2053 	2097 	2111
f 2048 	2096 	2042
f 1940 	1956 	2083
f 2082 	2112 	2089
f 2083 	1956 	2043
f 2048 	2066 	2096
f 2113 	2114 	2091
f 2115 	2089 	2112
f 2100 	2184 	2106
f 2096 	2066 	2099
f 2099 	2069 	2101
f 2066 	2069 	2099
f 2101 	2119 	2105
f 2120 	2108 	2068
f 2117 	1911 	6110
f 2095 	2206 	2097
f 2069 	2119 	2101
f 2095 	2202 	2206
f 2092 	1564 	1559
f 3411 	2085 	2084
f 2092 	2115 	1564
f 2128 	1995 	2111
f 2110 	2105 	3996
f 2103 	2354 	2188
f 2102 	2156 	2126
f 2068 	2076 	2120
f 2102 	2126 	2131
f 2127 	2027 	2163
f 2130 	2113 	2108
f 2132 	1995 	2128
f 2129 	1930 	2125
f 2120 	2130 	2108
f 2102 	2131 	2117
f 2134 	1932 	2129
f 2117 	1979 	1911
f 2130 	2137 	2113
f 2027 	2116 	2163
f 2117 	2131 	1979
f 1772 	2140 	1507
f 1932 	2134 	1935
f 2116 	2024 	2118
f 2143 	1310 	2141
f 1814 	1935 	2134
f 1507 	2140 	1793
f 2142 	1997 	2132
f 2024 	2116 	2027
f 2113 	2137 	2114
f 2140 	2144 	1793
f 2024 	2028 	2118
f 2123 	2118 	2028
f 2145 	2003 	2000
f 2028 	2029 	2123
f 2000 	2142 	2145
f 2126 	2051 	2131
f 2123 	2029 	2124
f 460 	2125 	2122
f 2193 	2103 	2188
f 2144 	2146 	1797
f 2146 	2147 	1835
f 2131 	2051 	2058
f 2142 	6912 	2145
f 419 	2129 	2125
f 2131 	2058 	1979
f 2146 	2168 	2147
f 2129 	423 	2134
f 1835 	2147 	1838
f 2129 	419 	423
f 2208 	2151 	2128
f 429 	1814 	2134
f 429 	435 	1814
f 2128 	2153 	2132
f 2152 	1609 	1604
f 904 	1772 	898
f 2151 	2153 	2128
f 2152 	1604 	2149
f 2132 	2153 	2157
f 2140 	1772 	904
f 2140 	910 	2144
f 2094 	2161 	2041
f 2132 	2157 	2142
f 904 	910 	2140
f 910 	915 	2144
f 2163 	2240 	2234
f 2162 	2164 	1310
f 2144 	915 	2146
f 2234 	2158 	2163
f 2142 	2157 	6912
f 2094 	2166 	2161
f 2166 	2094 	2114
f 2148 	2165 	2172
f 2240 	2163 	2116
f 2168 	2146 	915
f 2150 	2148 	2172
f 982 	2168 	915
f 2156 	2150 	2121
f 2175 	2160 	2159
f 2137 	2176 	2114
f 1488 	7828 	2149
f 2153 	2177 	2157
f 2166 	2114 	2176
f 2150 	2172 	2121
f 2160 	2178 	2122
f 2156 	2121 	2126
f 2160 	2175 	2178
f 2149 	7828 	7792
f 2164 	2616 	2167
f 2122 	2178 	460
f 1000 	2168 	982
f 2149 	7792 	2152
f 2178 	468 	460
f 2158 	2152 	7794
f 2195 	1628 	1619
f 2179 	1847 	1838
f 2115 	1619 	1564
f 2152 	7792 	7794
f 460 	419 	2125
f 2195 	2217 	1628
f 2158 	2127 	2163
f 2179 	1838 	2147
f 2158 	7794 	2127
f 2179 	2182 	1847
f 2217 	2227 	1644
f 501 	2178 	2175
f 2217 	1644 	1628
f 2178 	501 	468
f 2181 	2183 	1948
f 2247 	2245 	2123
f 2147 	2168 	2186
f 2124 	2247 	2123
f 2179 	2147 	2186
f 2151 	2189 	2153
f 2179 	2191 	2182
f 2151 	2185 	2189
f 2183 	2190 	1951
f 2189 	2177 	2153
f 2186 	2191 	2179
f 2191 	2194 	2182
f 2195 	2115 	2112
f 2185 	4954 	4960
f 2197 	1988 	2192
f 2185 	4960 	2189
f 2180 	2198 	2181
f 2196 	2198 	2180
f 2173 	2171 	2514
f 2209 	2205 	2075
f 2181 	2200 	2183
f 2080 	2211 	2075
f 4334 	6928 	2177
f 2198 	2200 	2181
f 2200 	2204 	2183
f 2165 	2203 	2172
f 1000 	2186 	2168
f 1000 	1004 	2186
f 2184 	2155 	2187
f 2172 	2203 	2207
f 2186 	1004 	2191
f 2183 	2204 	2190
f 2191 	2250 	2194
f 2187 	2160 	2192
f 2204 	2286 	2190
f 2203 	2271 	2207
f 2133 	2526 	2135
f 2160 	2187 	2159
f 2097 	2206 	2208
f 2160 	2122 	2192
f 2172 	2207 	2121
f 2206 	2221 	2208
f 2192 	2122 	2197
f 2210 	2121 	2207
f 2112 	2193 	2195
f 2097 	2208 	2111
f 2135 	2530 	2136
f 2197 	2122 	2125
f 1619 	2115 	2195
f 2136 	2535 	2138
f 2236 	2198 	2196
f 1930 	2197 	2125
f 4072 	2239 	2199
f 2128 	2111 	2208
f 1930 	2129 	1932
f 2233 	2236 	2196
f 2121 	2210 	2126
f 2188 	2213 	2215
f 2241 	2200 	2198
f 2051 	2126 	2210
f 2202 	2489 	2214
f 2202 	2214 	2216
f 2203 	2307 	2267
f 2200 	2244 	2204
f 2188 	2215 	2193
f 2182 	1863 	1847
f 2193 	2217 	2195
f 2271 	2203 	2267
f 2218 	1863 	2182
f 2214 	2226 	2231
f 2193 	2215 	2217
f 2067 	2070 	2201
f 2214 	2231 	2216
f 2182 	2194 	2218
f 2207 	2063 	2210
f 2202 	2216 	2206
f 2201 	2070 	2205
f 2055 	2213 	2046
f 2218 	2220 	1865
f 2221 	2206 	2216
f 2207 	2271 	2063
f 2213 	2222 	2215
f 2210 	2063 	2071
f 1871 	2224 	1878
f 2208 	2221 	2151
f 2535 	2136 	2530
f 2209 	2075 	2211
f 2213 	2055 	2222
f 2211 	2081 	2212
f 2220 	2224 	1871
f 2063 	2400 	2071
f 2227 	2215 	2222
f 2224 	2229 	1878
f 2080 	2081 	2211
f 2081 	2083 	2212
f 2227 	2217 	2215
f 2230 	2030 	2077
f 2229 	2074 	1878
f 2077 	2228 	2230
f 2212 	2083 	2345
f 2106 	2184 	1985
f 2187 	1985 	2184
f 2232 	2030 	2230
f 1985 	2187 	2192
f 2435 	2143 	2141
f 1985 	2192 	1988
f 2218 	2199 	2220
f 2234 	1669 	1665
f 2088 	2093 	1310
f 2194 	2199 	2218
f 1665 	1609 	2234
f 2034 	2030 	2232
f 2220 	2199 	2239
f 2240 	1669 	2234
f 1310 	2238 	2162
f 2236 	2241 	2198
f 2248 	2236 	2233
f 2226 	5049 	2231
f 2224 	2220 	2239
f 1669 	2240 	1634
f 2239 	4052 	2224
f 2216 	2242 	2221
f 2230 	7165 	2232
f 2243 	1634 	2240
f 2241 	2244 	2200
f 2242 	2216 	2231
f 2221 	2242 	2185
f 2224 	4052 	2229
f 2245 	1637 	2243
f 2245 	2247 	1639
f 2246 	2248 	2233
f 2221 	2185 	2151
f 2556 	2238 	2237
f 2227 	1773 	1644
f 2562 	2238 	2556
f 1609 	2152 	2158
f 2236 	2251 	2241
f 2226 	5041 	5049
f 2191 	1004 	2250
f 1609 	2158 	2234
f 2248 	2251 	2236
f 2194 	2253 	2199
f 2251 	2254 	2241
f 2238 	2562 	2162
f 2560 	2162 	2562
f 2231 	5049 	5053
f 2250 	2253 	2194
f 846 	2255 	849
f 2566 	2162 	2560
f 2240 	2116 	2243
f 2253 	4072 	2199
f 2252 	2255 	846
f 2164 	2162 	2566
f 2241 	2254 	2244
f 2255 	2257 	849
f 2253 	4095 	4072
f 1004 	1016 	2250
f 2164 	2566 	2616
f 1020 	2253 	2250
f 1016 	1020 	2250
f 849 	2257 	852
f 2257 	2374 	852
f 2229 	4049 	2074
f 2268 	2248 	2246
f 2260 	2252 	1009
f 2268 	2270 	2248
f 1009 	1012 	2260
f 2248 	2270 	2251
f 2260 	2264 	2252
f 2154 	2155 	2225
f 182 	1603 	186
f 2265 	1857 	2262
f 2262 	2259 	2378
f 2252 	2264 	2255
f 2184 	2225 	2155
f 2086 	3416 	2087
f 1603 	1608 	186
f 2255 	2266 	2257
f 2159 	2187 	2155
f 2261 	186 	1608
f 2255 	2264 	2266
f 2246 	2223 	2268
f 2093 	2088 	3427
f 2261 	1616 	2263
f 1608 	1616 	2261
f 1616 	1633 	2263
f 2307 	2256 	2267
f 2279 	2281 	2260
f 2251 	2276 	2254
f 2265 	1859 	1857
f 2270 	2276 	2251
f 1641 	207 	2275
f 1859 	2265 	2277
f 2269 	2263 	1633
f 2269 	1635 	2272
f 2295 	2274 	2278
f 1012 	1021 	2279
f 1635 	1640 	2272
f 2272 	1640 	2275
f 2279 	2260 	1012
f 2260 	2281 	2264
f 1640 	1641 	2275
f 2235 	3821 	2237
f 1641 	1923 	207
f 1923 	219 	207
f 2264 	2283 	2266
f 2328 	2282 	2259
f 3397 	2276 	2270
f 1923 	1926 	219
f 2281 	2283 	2264
f 2283 	2284 	2266
f 2378 	2259 	2282
f 222 	1928 	224
f 222 	1926 	1928
f 2285 	2076 	1953
f 1928 	1947 	224
f 224 	1947 	230
f 2190 	2285 	1953
f 2382 	2277 	2265
f 2285 	2290 	2076
f 230 	1949 	257
f 2277 	2018 	1934
f 230 	1947 	1949
f 2274 	2357 	2360
f 2274 	2360 	2278
f 2267 	2396 	2271
f 2267 	2705 	2396
f 2278 	2363 	2280
f 2167 	2616 	2619
f 1949 	1952 	257
f 2278 	2360 	2363
f 259 	1952 	2287
f 2619 	2169 	2167
f 2219 	2280 	2258
f 2190 	2286 	2285
f 2287 	275 	263
f 2280 	2363 	2258
f 2287 	2020 	275
f 2204 	2244 	2286
f 2258 	2154 	2219
f 2219 	2154 	2225
f 275 	2023 	302
f 2243 	2116 	2118
f 2705 	2267 	2256
f 2020 	2023 	275
f 2290 	2120 	2076
f 2291 	901 	931
f 2288 	2289 	1879
f 2243 	2118 	2245
f 2120 	2293 	2130
f 2289 	2294 	1843
f 2118 	2123 	2245
f 302 	2026 	308
f 2063 	2271 	2397
f 2271 	2396 	2397
f 2290 	2293 	2120
f 2291 	2296 	901
f 2258 	2292 	2299
f 2298 	2130 	2293
f 1637 	1634 	2243
f 1848 	2301 	2302
f 2137 	2130 	2298
f 2299 	2154 	2258
f 1848 	2302 	1849
f 909 	2303 	913
f 2176 	2137 	2305
f 2105 	330 	2026
f 2154 	2304 	2155
f 1639 	1637 	2245
f 909 	2296 	2303
f 2154 	2299 	2304
f 2303 	2531 	913
f 2249 	2300 	2307
f 2304 	2306 	2159
f 2304 	2159 	2155
f 330 	2110 	333
f 2298 	2305 	2137
f 2306 	2175 	2159
f 2007 	1639 	2247
f 2382 	2018 	2277
f 2105 	2110 	330
f 2307 	2165 	2249
f 2007 	2247 	2309
f 333 	2110 	418
f 2301 	1846 	2295
f 2203 	2165 	2307
f 2110 	3998 	418
f 2299 	486 	2304
f 2285 	2311 	2290
f 2304 	486 	2306
f 2286 	2311 	2285
f 2306 	496 	2175
f 2311 	2315 	2290
f 2309 	2201 	2008
f 2312 	2316 	1034
f 5617 	2326 	2312
f 2369 	2201 	2205
f 2306 	492 	496
f 2175 	496 	501
f 2290 	2315 	2293
f 1034 	2316 	1036
f 2293 	2319 	2298
f 2301 	2295 	2278
f 2316 	2320 	1036
f 2315 	2319 	2293
f 2320 	2405 	1038
f 2309 	2247 	2124
f 2319 	2324 	2298
f 2309 	2067 	2201
f 2300 	2297 	2323
f 2325 	1890 	2318
f 2280 	2302 	2301
f 2124 	2067 	2309
f 2298 	2324 	2305
f 2297 	2317 	2323
f 2300 	2323 	2256
f 2308 	2331 	2291
f 2312 	2330 	2316
f 1894 	2325 	2328
f 2338 	2352 	2286
f 2312 	2326 	2330
f 2330 	2332 	2316
f 7072 	2322 	2321
f 2308 	2346 	2331
f 2291 	2331 	2296
f 2311 	2286 	2352
f 2300 	2256 	2307
f 1134 	1157 	2333
f 2296 	2334 	2303
f 2296 	2331 	2334
f 1967 	6713 	2329
f 2316 	2332 	2320
f 2333 	2314 	1134
f 6713 	1967 	1994
f 2314 	2335 	2318
f 2315 	2358 	2319
f 6958 	2292 	2327
f 2333 	2335 	2314
f 2299 	2292 	484
f 2324 	2319 	2358
f 2318 	2336 	2325
f 2308 	2343 	2346
f 2317 	2313 	2646
f 2335 	2336 	2318
f 2338 	2286 	2244
f 2325 	2336 	2339
f 2045 	2329 	7161
f 2337 	2340 	2326
f 2280 	2219 	2302
f 2338 	2244 	2341
f 2254 	2341 	2244
f 486 	2299 	484
f 2313 	2645 	2646
f 2334 	2349 	2354
f 2317 	2646 	2673
f 492 	2306 	486
f 2254 	2342 	2341
f 2325 	2339 	2328
f 2673 	2323 	2317
f 2340 	2330 	2326
f 2282 	2328 	2339
f 2276 	2342 	2254
f 2323 	2678 	2256
f 2330 	2344 	2332
f 2323 	2673 	2678
f 2340 	2344 	2330
f 2334 	2331 	2349
f 2228 	2071 	2400
f 2331 	2346 	2349
f 2352 	2355 	2311
f 2362 	2366 	2337
f 2083 	2043 	2345
f 2352 	2364 	2355
f 2534 	2334 	2354
f 2043 	2348 	2345
f 2273 	2353 	2357
f 2311 	2355 	2315
f 2340 	2370 	2344
f 2339 	2336 	2450
f 2348 	2043 	2045
f 2356 	2228 	2400
f 2355 	2358 	2315
f 2357 	2274 	2273
f 2359 	2230 	2228
f 2205 	2209 	7225
f 2338 	2341 	2352
f 2361 	2352 	2341
f 2359 	2228 	2356
f 2333 	2365 	2335
f 2472 	2349 	2346
f 7165 	2230 	2359
f 2361 	2364 	2352
f 2349 	2475 	2354
f 2364 	2367 	2355
f 2335 	2365 	2447
f 2373 	2379 	2362
f 2375 	2380 	2364
f 2362 	2379 	2366
f 2364 	2380 	2367
f 2337 	2366 	2340
f 2355 	2367 	2358
f 2353 	2350 	6982
f 2335 	2447 	2336
f 2353 	2321 	2357
f 2366 	2370 	2340
f 2342 	2372 	2341
f 2353 	6982 	2321
f 2341 	2372 	2361
f 1194 	2455 	2365
f 1194 	1213 	2455
f 2374 	931 	852
f 2376 	2356 	2351
f 2375 	2364 	2361
f 2377 	2374 	2257
f 2372 	2375 	2361
f 2376 	2351 	2371
f 2369 	2008 	2201
f 2381 	2265 	2262
f 2377 	2257 	2266
f 2356 	2376 	1868
f 2262 	2378 	2381
f 2377 	2308 	2374
f 2343 	2308 	2377
f 2265 	2381 	2382
f 2366 	2383 	2370
f 2308 	2291 	2374
f 2205 	7225 	2369
f 2284 	2377 	2266
f 2356 	1868 	2359
f 2379 	2383 	2366
f 2359 	1868 	7172
f 2377 	2284 	2343
f 2393 	2383 	2379
f 2378 	2282 	2404
f 2465 	2343 	2284
f 2441 	1867 	2143
f 1869 	1867 	2444
f 2465 	2284 	2385
f 2360 	2327 	2363
f 2368 	2452 	2371
f 2441 	2444 	1867
f 2292 	2258 	2363
f 2387 	2389 	2373
f 2406 	1869 	2444
f 2371 	2452 	1881
f 2363 	2327 	2292
f 2388 	2477 	2385
f 2324 	2358 	2390
f 2371 	1881 	2376
f 2654 	2657 	2387
f 2387 	2657 	2389
f 2390 	2358 	2391
f 2367 	2391 	2358
f 2373 	2389 	2379
f 2385 	2477 	2465
f 2408 	2411 	1873
f 2389 	2393 	2379
f 2391 	2367 	2394
f 1874 	1873 	2411
f 2380 	2394 	2367
f 2697 	2386 	2384
f 1876 	1874 	2416
f 2411 	2416 	1874
f 2063 	2397 	2400
f 2049 	2018 	2382
f 2492 	7112 	2392
f 2288 	1876 	2416
f 1879 	1876 	2288
f 2392 	7118 	2347
f 2398 	2494 	2388
f 2389 	2663 	2393
f 2289 	1843 	1879
f 2392 	7112 	7118
f 2282 	2339 	2402
f 2398 	2395 	2808
f 2404 	2282 	2402
f 2405 	1175 	1038
f 2405 	2410 	1175
f 2396 	2409 	2397
f 2378 	2412 	2381
f 2397 	2351 	2400
f 2413 	2279 	1021
f 2397 	2409 	2351
f 2407 	2414 	2399
f 2378 	2404 	2412
f 2400 	2351 	2356
f 2381 	2412 	2417
f 2413 	1021 	1042
f 2413 	2418 	2279
f 2425 	2412 	2404
f 1186 	2419 	1189
f 2410 	2415 	1178
f 2399 	2414 	2401
f 2429 	2436 	2413
f 2419 	1186 	1992
f 2381 	2417 	2382
f 2413 	2436 	2418
f 2409 	2371 	2351
f 2382 	2417 	2049
f 2418 	2281 	2279
f 2420 	1193 	1189
f 2418 	2422 	2281
f 2402 	2423 	2404
f 2407 	2403 	2675
f 2419 	2420 	1189
f 2418 	2440 	2422
f 2406 	2457 	2408
f 2281 	2422 	2283
f 2411 	2408 	2458
f 2405 	2320 	2434
f 2421 	2437 	2424
f 2283 	2385 	2284
f 2422 	2385 	2283
f 2411 	2458 	2464
f 2404 	2423 	2425
f 2405 	2438 	2410
f 2424 	2409 	2396
f 2412 	2425 	2426
f 2411 	2464 	2416
f 2415 	2410 	2443
f 1042 	1053 	2429
f 2438 	2443 	2410
f 2430 	2620 	2401
f 1992 	2427 	2419
f 1053 	1076 	2429
f 2430 	2625 	2620
f 2412 	2426 	2417
f 2417 	2095 	2049
f 2429 	2413 	1042
f 2141 	2431 	2435
f 2430 	2432 	2625
f 2417 	2426 	2095
f 2433 	2421 	2717
f 2332 	2434 	2320
f 6982 	2350 	7121
f 2438 	2405 	2434
f 2437 	2421 	2433
f 2454 	2420 	2419
f 2143 	2435 	2441
f 2401 	2439 	2430
f 2434 	2449 	2438
f 2436 	2440 	2418
f 2424 	2368 	2409
f 2446 	2449 	2434
f 2422 	2388 	2385
f 2368 	2424 	2437
f 2414 	2439 	2401
f 2440 	2388 	2422
f 2368 	2371 	2409
f 2439 	2384 	2430
f 2423 	2486 	2425
f 2427 	2032 	2442
f 2429 	2445 	2436
f 2433 	2480 	2437
f 2439 	2691 	2384
f 2442 	2466 	2427
f 2430 	2384 	2432
f 2332 	2344 	2446
f 2360 	2357 	2322
f 2321 	2322 	2357
f 2432 	2386 	2453
f 2322 	2327 	2360
f 2384 	2386 	2432
f 2095 	2426 	2202
f 2445 	2429 	1076
f 2420 	2448 	1193
f 2365 	2460 	2447
f 2446 	2434 	2332
f 2445 	2395 	2436
f 2686 	2439 	2414
f 2480 	2433 	2478
f 2448 	1214 	1193
f 2098 	1849 	2302
f 2437 	2480 	2451
f 2451 	2368 	2437
f 2447 	2450 	2336
f 2440 	2436 	2395
f 1727 	1489 	2386
f 2339 	2450 	2402
f 2697 	1727 	2386
f 2395 	2398 	2440
f 2427 	2454 	2419
f 2450 	2462 	2468
f 2452 	2368 	2451
f 2427 	2466 	2454
f 2732 	2444 	2441
f 2398 	2388 	2440
f 2450 	2468 	2402
f 2453 	1489 	1514
f 2454 	2456 	2420
f 2302 	2219 	2098
f 2386 	1489 	2453
f 2225 	2098 	2219
f 2448 	2420 	2456
f 2365 	2455 	2460
f 2098 	2225 	2100
f 2805 	2395 	2445
f 2289 	2273 	2294
f 2456 	2461 	2448
f 2462 	2450 	2447
f 2295 	2294 	2274
f 2462 	2447 	2460
f 2343 	2467 	2346
f 2273 	2274 	2294
f 2416 	2474 	2288
f 2454 	2470 	2456
f 2465 	2467 	2343
f 2416 	2464 	2474
f 2472 	2346 	2467
f 2423 	2402 	2468
f 2466 	2470 	2454
f 2301 	2278 	2280
f 2470 	2473 	2456
f 2288 	2476 	2289
f 2455 	2570 	2460
f 2455 	2567 	2570
f 2476 	2288 	2474
f 2597 	2428 	2471
f 2475 	2349 	2472
f 2456 	2473 	2461
f 2354 	2475 	2188
f 2478 	2433 	2428
f 2462 	2579 	2468
f 2464 	2392 	2347
f 2289 	2476 	2273
f 2467 	2465 	2479
f 2041 	2161 	2442
f 2468 	2482 	2423
f 2559 	2466 	2442
f 2459 	2625 	2463
f 2474 	2464 	2347
f 2474 	2350 	2476
f 2477 	2479 	2465
f 2467 	2479 	2484
f 2347 	2350 	2474
f 2449 	2485 	2438
f 2463 	2629 	2469
f 2435 	2720 	2725
f 2476 	2353 	2273
f 2463 	2625 	2629
f 2476 	2350 	2353
f 2441 	2435 	2725
f 2486 	2423 	2482
f 2629 	2667 	2469
f 2449 	2545 	2485
f 2467 	2484 	2472
f 2478 	2483 	2487
f 2438 	2485 	2443
f 2046 	2475 	2472
f 2046 	2472 	2484
f 2426 	2425 	2489
f 2478 	2487 	2480
f 2475 	2046 	2213
f 2475 	2213 	2188
f 2451 	2480 	2490
f 2480 	2487 	2490
f 2489 	2425 	2486
f 2202 	2426 	2489
f 2451 	7305 	2452
f 2477 	2495 	2479
f 2538 	2542 	2446
f 2458 	2408 	2457
f 2488 	2504 	2491
f 2494 	2495 	2477
f 2559 	2564 	2466
f 2446 	2542 	2449
f 2564 	2470 	2466
f 2449 	2542 	2545
f 2494 	2477 	2388
f 2564 	2573 	2470
f 2415 	2496 	1185
f 2473 	2470 	2573
f 2479 	2495 	2497
f 1214 	2448 	2500
f 2448 	2461 	2500
f 2497 	2484 	2479
f 2415 	2501 	2496
f 1214 	2500 	1302
f 2484 	2497 	2052
f 2501 	2415 	2443
f 2497 	2903 	2546
f 2501 	2505 	2496
f 2052 	2497 	2546
f 2484 	2052 	2046
f 2500 	2502 	1302
f 2133 	2522 	2526
f 2502 	2506 	1306
f 2526 	2530 	2135
f 2489 	2523 	2214
f 2494 	2899 	2495
f 2507 	181 	2503
f 2903 	2497 	2495
f 1308 	1306 	2506
f 2515 	2505 	2501
f 2498 	2504 	2488
f 2507 	3197 	185
f 2510 	1308 	2506
f 2569 	2483 	2481
f 2537 	2139 	2138
f 2139 	2431 	2141
f 1311 	1308 	2510
f 2443 	2512 	2501
f 2499 	2513 	2503
f 2659 	1311 	2510
f 2485 	2512 	2443
f 2499 	2511 	2513
f 2512 	2515 	2501
f 2503 	2513 	2516
f 2173 	2514 	2518
f 2528 	2533 	2502
f 2503 	2516 	2507
f 2482 	2519 	2486
f 2505 	2520 	2508
f 2518 	2174 	2173
f 2515 	2520 	2505
f 2522 	2133 	2174
f 2506 	2502 	2533
f 2482 	2509 	2519
f 2486 	2519 	2523
f 2522 	2174 	2518
f 2510 	2888 	2659
f 2519 	2543 	2523
f 2585 	2512 	2485
f 2511 	2524 	2529
f 2500 	2528 	2502
f 2523 	2489 	2486
f 2511 	2529 	2513
f 2500 	2461 	2528
f 2589 	2593 	2515
f 2513 	2532 	2516
f 2534 	2531 	2303
f 2515 	2593 	2520
f 2513 	2529 	2532
f 2541 	2544 	2528
f 2303 	2334 	2534
f 2531 	2534 	2082
f 2528 	2544 	2533
f 2138 	2535 	2537
f 2534 	2103 	2082
f 2533 	2539 	2506
f 2103 	2534 	2354
f 2431 	2139 	2537
f 2504 	2498 	2609
f 2506 	2539 	2510
f 2509 	2536 	2540
f 2538 	2446 	2344
f 2473 	2541 	2461
f 2538 	2344 	2370
f 2509 	2540 	2519
f 2522 	2518 	2829
f 2543 	2519 	2540
f 2461 	2541 	2528
f 2529 	2617 	2532
f 2578 	2606 	1667
f 2542 	2553 	2545
f 2523 	2226 	2214
f 2523 	2543 	2226
f 2530 	2843 	2535
f 2383 	2548 	2370
f 2052 	2546 	2549
f 2557 	2546 	2903
f 2536 	2626 	5256
f 2370 	2548 	2538
f 2549 	2055 	2052
f 2542 	2538 	2551
f 2552 	2222 	2055
f 2548 	2551 	2538
f 2055 	2549 	2552
f 195 	262 	2554
f 262 	2550 	2554
f 2551 	2553 	2542
f 2553 	2599 	2545
f 2517 	2527 	2558
f 195 	2554 	2499
f 2903 	2555 	2557
f 2546 	2557 	2561
f 2554 	2511 	2499
f 2161 	2559 	2442
f 195 	2499 	178
f 2383 	2563 	2548
f 2481 	2517 	2558
f 2567 	2455 	1213
f 2557 	2600 	2561
f 2383 	2393 	2563
f 1213 	1245 	2567
f 2568 	2551 	2548
f 2569 	2481 	2558
f 2559 	2584 	2564
f 2582 	2584 	2559
f 2563 	2568 	2548
f 2547 	2565 	2571
f 2568 	2572 	2551
f 2565 	2587 	2571
f 2483 	1900 	2487
f 2460 	2570 	2575
f 2574 	2779 	2491
f 2547 	2571 	2550
f 2483 	2569 	1900
f 2572 	2553 	2551
f 2554 	2550 	2576
f 2635 	2541 	2473
f 2546 	2561 	2549
f 2575 	2462 	2460
f 2571 	2576 	2550
f 2549 	2578 	2552
f 2511 	2554 	2576
f 2579 	2462 	2575
f 2549 	2561 	2578
f 2582 	2559 	2161
f 2576 	2524 	2511
f 2579 	2482 	2468
f 1245 	1261 	2567
f 2563 	2731 	2568
f 2170 	2169 	2624
f 2564 	2586 	2573
f 2568 	2735 	2572
f 2170 	2624 	2628
f 2586 	2642 	2573
f 2602 	2570 	2567
f 2504 	2581 	2491
f 2582 	2161 	2166
f 2558 	7628 	2569
f 2170 	2628 	2171
f 2557 	2598 	2600
f 2491 	2581 	2574
f 2545 	2585 	2485
f 2570 	2605 	2575
f 2581 	2459 	2574
f 2586 	2564 	2584
f 2512 	2589 	2515
f 2587 	2565 	2583
f 2561 	2606 	2578
f 2590 	2582 	2166
f 2571 	2587 	2591
f 2585 	2589 	2512
f 2166 	2176 	2590
f 1667 	1780 	2578
f 2666 	2587 	2583
f 2574 	2459 	2577
f 2601 	2589 	2585
f 2582 	2594 	2584
f 2580 	2577 	2463
f 2610 	2579 	2575
f 2589 	2603 	2593
f 2601 	2603 	2589
f 2571 	2591 	2576
f 2590 	2594 	2582
f 2459 	2463 	2577
f 2594 	2596 	2584
f 2463 	2469 	2580
f 2471 	2592 	2597
f 2524 	2576 	2591
f 2555 	2598 	2557
f 2584 	2596 	2586
f 2555 	2595 	2598
f 2428 	2597 	2478
f 2599 	2585 	2545
f 2579 	2509 	2482
f 2599 	2601 	2585
f 2602 	2567 	1263
f 2587 	2671 	2591
f 3912 	2562 	2556
f 2581 	2620 	2459
f 2517 	2592 	2588
f 2606 	2561 	2600
f 2592 	2481 	2597
f 2592 	2517 	2481
f 2493 	2604 	2498
f 2597 	2483 	2478
f 2605 	2570 	2602
f 2481 	2483 	2597
f 2604 	2609 	2498
f 2610 	2575 	2605
f 2553 	2608 	2599
f 2524 	2591 	2607
f 2605 	2626 	2610
f 2566 	2560 	3918
f 2572 	2608 	2553
f 2604 	2634 	2609
f 2524 	2607 	2612
f 2566 	3918 	3926
f 2608 	2613 	2599
f 2607 	2623 	2630
f 2579 	2610 	2509
f 2595 	2727 	2598
f 2607 	2630 	2612
f 2504 	2614 	2581
f 1263 	1274 	2615
f 2524 	2612 	2529
f 2504 	2609 	2614
f 2617 	2529 	2612
f 2599 	2613 	2601
f 2615 	2602 	1263
f 2590 	2677 	2594
f 2581 	2614 	2620
f 2613 	2621 	2601
f 2602 	2615 	2622
f 2614 	2401 	2620
f 2606 	1686 	1667
f 2601 	2621 	2603
f 2622 	2605 	2602
f 2624 	2169 	2619
f 2626 	2605 	2622
f 2620 	2625 	2459
f 1733 	2690 	1675
f 2610 	2536 	2509
f 1675 	2690 	2696
f 2610 	2626 	2536
f 2572 	2760 	2608
f 2611 	2627 	2631
f 2735 	2760 	2572
f 2628 	2514 	2171
f 2612 	2632 	2617
f 2763 	2613 	2608
f 2615 	5330 	2622
f 2604 	7952 	2634
f 2612 	2630 	2632
f 2617 	2632 	3322
f 2631 	2588 	2611
f 2573 	2635 	2473
f 2517 	2588 	2631
f 2525 	2631 	2627
f 3916 	3918 	2560
f 2541 	2636 	2544
f 2631 	2527 	2517
f 2631 	2525 	2527
f 2635 	2636 	2541
f 2609 	2634 	2399
f 2689 	2638 	2623
f 2496 	1463 	1185
f 2623 	2638 	2640
f 1463 	2641 	1465
f 2407 	2399 	2634
f 2618 	2521 	2627
f 2609 	2399 	2614
f 2628 	2624 	2868
f 2641 	1463 	2496
f 2642 	2635 	2573
f 2583 	2565 	2668
f 2521 	2525 	2627
f 1465 	2641 	2644
f 2633 	2639 	2643
f 2399 	2401 	2614
f 1465 	2644 	1468
f 2645 	2313 	2310
f 2625 	2432 	2629
f 2641 	2496 	2505
f 2586 	2647 	2642
f 2505 	2508 	2641
f 2639 	2685 	2643
f 2638 	2726 	2743
f 2616 	2566 	3926
f 2638 	2743 	2640
f 2623 	2640 	2630
f 2596 	2647 	2586
f 2644 	2641 	2508
f 2432 	2453 	2629
f 2616 	2648 	2619
f 2649 	2632 	2630
f 2630 	2640 	2649
f 3926 	2648 	2616
f 2688 	3138 	2647
f 2648 	2652 	2619
f 2403 	2407 	2634
f 1562 	2660 	2469
f 2619 	2652 	2624
f 2469 	2667 	1562
f 2667 	1668 	1562
f 2652 	2868 	2624
f 2655 	2658 	2637
f 2670 	2672 	2654
f 2790 	2580 	2660
f 2654 	2672 	2657
f 2651 	1601 	1347
f 1603 	182 	2660
f 2580 	2469 	2660
f 2651 	2661 	2655
f 2657 	2663 	2389
f 2650 	2665 	2653
f 1347 	2661 	2651
f 2650 	2662 	2665
f 2661 	2669 	2655
f 2666 	2583 	2664
f 2653 	2668 	2656
f 2510 	2539 	2888
f 2653 	2665 	2668
f 2655 	2669 	2658
f 2888 	2890 	2659
f 2667 	2629 	2453
f 2656 	2668 	2565
f 2176 	2305 	2674
f 2671 	2587 	2666
f 2453 	1514 	2667
f 2607 	2591 	2671
f 2832 	2526 	2522
f 2661 	1347 	4219
f 2656 	2565 	2547
f 2674 	2590 	2176
f 2674 	2677 	2590
f 2674 	2702 	2677
f 2700 	2702 	2674
f 2675 	2680 	2407
f 2657 	2681 	2663
f 2662 	2676 	2682
f 2672 	2681 	2657
f 2594 	2683 	2596
f 2664 	2679 	2684
f 2407 	2680 	2414
f 2658 	2639 	2637
f 2662 	2682 	2665
f 2677 	2683 	2594
f 2535 	2848 	2537
f 2639 	2658 	2685
f 2683 	2688 	2596
f 2670 	2692 	2672
f 2687 	2668 	2665
f 2664 	2684 	2666
f 2681 	2672 	2695
f 2694 	2695 	2672
f 2666 	2684 	2689
f 2665 	2682 	2687
f 2680 	2686 	2414
f 2683 	3143 	2688
f 2685 	2690 	2643
f 2686 	2691 	2439
f 2583 	2668 	2687
f 2688 	2647 	2596
f 2671 	2666 	2689
f 2693 	2685 	2658
f 2623 	2607 	2671
f 2694 	2672 	2692
f 2658 	2669 	2693
f 2671 	2689 	2623
f 4105 	4111 	2648
f 2693 	2696 	2685
f 2691 	2697 	2384
f 1587 	2691 	2686
f 2700 	2674 	2305
f 2305 	2324 	2700
f 2694 	2692 	2703
f 2701 	2703 	2692
f 2256 	2678 	2705
f 2684 	2679 	2704
f 2694 	2703 	2695
f 2706 	2695 	2703
f 2706 	2789 	2695
f 2786 	2687 	2682
f 2782 	2457 	2698
f 2702 	2707 	2677
f 2704 	2679 	2699
f 2693 	2669 	4421
f 2675 	2708 	2680
f 2457 	2782 	2492
f 2458 	2457 	2492
f 2664 	2583 	2687
f 2677 	2707 	2683
f 2685 	2696 	2690
f 2458 	2392 	2464
f 2701 	2710 	2703
f 2707 	3143 	2683
f 2708 	1583 	2680
f 2684 	2704 	2712
f 2709 	2710 	2701
f 2772 	2704 	2699
f 2710 	2713 	2703
f 2708 	1605 	1583
f 2645 	2728 	2646
f 2646 	2728 	2715
f 2684 	2712 	2689
f 2680 	1583 	2686
f 2646 	2715 	2673
f 2638 	2689 	2712
f 2706 	2703 	2713
f 2673 	2717 	2678
f 2673 	2715 	2717
f 2678 	2421 	2705
f 2721 	2700 	2324
f 1583 	1587 	2686
f 2721 	2729 	2700
f 2691 	1587 	1589
f 2700 	2729 	2702
f 2678 	2717 	2421
f 2697 	2691 	1589
f 2705 	2421 	2424
f 2705 	2424 	2396
f 1735 	1700 	2751
f 2716 	2742 	2718
f 2458 	2492 	2392
f 2715 	2471 	2428
f 2717 	2715 	2428
f 2795 	2712 	2704
f 2719 	2431 	2537
f 2717 	2428 	2433
f 2720 	2435 	2431
f 2719 	2720 	2431
f 1589 	809 	2697
f 2723 	2563 	2393
f 2324 	2390 	2721
f 2727 	2595 	2724
f 2716 	2736 	2742
f 2645 	2722 	2728
f 2393 	2663 	2723
f 2600 	2598 	2730
f 2441 	2725 	2732
f 2723 	2731 	2563
f 2718 	2662 	2650
f 2598 	2727 	2730
f 2723 	2741 	2731
f 2718 	2742 	2662
f 2739 	2741 	2723
f 2702 	2734 	2707
f 1683 	2600 	2730
f 2711 	2733 	2714
f 2698 	2406 	2444
f 2702 	2729 	2734
f 2731 	2735 	2568
f 2736 	2714 	2733
f 1602 	2708 	7977
f 2733 	2745 	2748
f 2733 	2748 	2736
f 2737 	2721 	2391
f 2390 	2391 	2721
f 2714 	2736 	2716
f 2739 	2723 	2681
f 2663 	2681 	2723
f 2721 	2740 	2729
f 2736 	2752 	2742
f 2708 	1602 	1605
f 1700 	1683 	2730
f 2822 	2753 	2795
f 2737 	2740 	2721
f 2731 	2744 	2735
f 2726 	2753 	2756
f 2606 	2600 	1683
f 2740 	2746 	2729
f 2726 	2756 	2743
f 2733 	3118 	2745
f 2633 	2643 	2724
f 2741 	2744 	2731
f 809 	1727 	2697
f 2640 	2747 	2649
f 2744 	2770 	2735
f 2643 	2749 	2724
f 2640 	2743 	2747
f 2729 	2746 	2734
f 2724 	2749 	2727
f 2732 	2698 	2444
f 2698 	2457 	2406
f 2803 	2738 	2722
f 2752 	2736 	2748
f 2681 	2781 	2739
f 2722 	2755 	2728
f 2391 	2394 	2754
f 2742 	2752 	2676
f 2748 	2862 	2752
f 2726 	2795 	2753
f 2722 	2738 	2755
f 2742 	2676 	2662
f 2781 	2784 	2739
f 2837 	2753 	2822
f 2715 	2728 	2471
f 2837 	2756 	2753
f 2737 	2391 	2754
f 2741 	2785 	2744
f 2728 	2755 	2471
f 2754 	2757 	2737
f 2743 	2758 	2747
f 2743 	2756 	2758
f 2719 	2814 	2720
f 2759 	1886 	2750
f 2738 	2611 	2588
f 2737 	2757 	2740
f 2738 	2588 	2755
f 2740 	2762 	2746
f 2759 	2771 	2761
f 2725 	2767 	2732
f 2740 	2757 	2762
f 2763 	2608 	2760
f 2755 	2588 	2592
f 2755 	2592 	2471
f 650 	2820 	755
f 2732 	2767 	2775
f 650 	2765 	2820
f 2732 	2775 	2698
f 2754 	2394 	3934
f 2769 	2759 	2750
f 2765 	2769 	2750
f 2769 	2771 	2759
f 2772 	2699 	2766
f 2770 	2760 	2735
f 2760 	2774 	2763
f 2730 	2727 	2751
f 2761 	2488 	2778
f 2771 	2488 	2761
f 2770 	2774 	2760
f 2749 	2751 	2727
f 2773 	2738 	2803
f 2730 	2751 	1700
f 2762 	3942 	3995
f 2752 	2777 	2676
f 2769 	2493 	2771
f 2785 	2830 	2744
f 2770 	2744 	2830
f 2734 	2746 	3183
f 2643 	2690 	2749
f 2493 	2498 	2771
f 2830 	2831 	2770
f 2771 	2498 	2488
f 2749 	1733 	2751
f 2762 	2776 	2746
f 2749 	2690 	1733
f 2751 	1733 	1735
f 2676 	2780 	2682
f 2778 	2779 	1920
f 2781 	2681 	2695
f 2227 	2222 	1769
f 2741 	2739 	2784
f 2676 	2777 	2780
f 2782 	2698 	2775
f 1862 	1924 	2783
f 2786 	2682 	2780
f 2784 	2785 	2741
f 1769 	1773 	2227
f 3995 	2776 	2762
f 2552 	2578 	1780
f 2780 	2800 	2807
f 2787 	1862 	2783
f 2780 	2807 	2786
f 2787 	2790 	1864
f 2787 	2580 	2790
f 2695 	2789 	2781
f 1864 	2790 	1987
f 2687 	2786 	2664
f 2781 	2789 	2784
f 2793 	2784 	2789
f 2488 	2491 	2778
f 2793 	2794 	2784
f 2679 	2664 	2786
f 2491 	2779 	2778
f 2792 	2539 	2533
f 2552 	1769 	2222
f 2793 	2809 	2794
f 2574 	2783 	2779
f 2792 	2533 	2544
f 2796 	2645 	2310
f 2784 	2794 	2785
f 2795 	2704 	2772
f 2834 	2830 	2794
f 2792 	2900 	2539
f 2712 	2795 	2726
f 2862 	2797 	2777
f 2577 	2787 	2783
f 2777 	2797 	2800
f 2789 	2706 	2798
f 2713 	2798 	2706
f 2574 	2577 	2783
f 2798 	2801 	2789
f 2712 	2726 	2638
f 2797 	2836 	2800
f 2577 	2580 	2787
f 2791 	2788 	2799
f 2797 	2818 	2836
f 2544 	2636 	2804
f 2791 	2803 	2796
f 1780 	1769 	2552
f 7105 	2492 	2782
f 2799 	2803 	2791
f 2780 	2777 	2800
f 2544 	2804 	2792
f 2796 	2722 	2645
f 2801 	2793 	2789
f 2796 	2803 	2722
f 2801 	2809 	2793
f 2805 	2808 	2395
f 2635 	2642 	2811
f 2398 	2812 	2494
f 746 	749 	1877
f 2811 	2636 	2635
f 2808 	2812 	2398
f 2814 	2719 	2810
f 2812 	2899 	2494
f 2636 	2813 	2804
f 749 	755 	1880
f 2799 	2773 	2803
f 2816 	2725 	2720
f 2786 	2807 	2679
f 2766 	2802 	2817
f 2720 	2814 	2816
f 2636 	2811 	2813
f 3025 	2798 	2713
f 2802 	2876 	2817
f 2820 	1884 	755
f 2725 	2816 	2767
f 2766 	2817 	2772
f 2772 	2817 	2822
f 2801 	2798 	3029
f 2815 	2850 	2821
f 1886 	1885 	2750
f 3025 	3029 	2798
f 2772 	2822 	2795
f 2642 	2647 	2823
f 2805 	2886 	2821
f 2750 	1885 	2820
f 2647 	3138 	2823
f 7179 	2814 	2810
f 2805 	2824 	2808
f 2811 	2642 	2823
f 2759 	1891 	1886
f 2814 	7180 	2816
f 2821 	2824 	2805
f 2823 	2826 	2811
f 2876 	2802 	2871
f 2824 	2827 	2808
f 2759 	2761 	1891
f 3268 	2828 	2788
f 2881 	2822 	2876
f 3268 	2825 	2828
f 2826 	2813 	2811
f 2822 	2817 	2876
f 2774 	2770 	2831
f 2828 	2799 	2788
f 2875 	2829 	2518
f 1919 	1891 	2761
f 2826 	3053 	2813
f 2808 	2827 	2812
f 2832 	2522 	2829
f 2785 	2794 	2830
f 2761 	2778 	1919
f 2819 	2833 	2825
f 1920 	1919 	2778
f 2830 	2834 	2831
f 2835 	2831 	2834
f 2819 	3699 	2833
f 2839 	2530 	2526
f 1445 	1412 	2815
f 2800 	2838 	2807
f 2825 	2833 	2764
f 2526 	2832 	2839
f 2756 	2837 	2840
f 2840 	2841 	2756
f 2758 	2756 	2841
f 2836 	2838 	2800
f 1412 	2850 	2815
f 2783 	1924 	2779
f 2530 	2839 	2843
f 2842 	2834 	2794
f 2699 	2807 	2838
f 2825 	2764 	2828
f 2809 	2842 	2794
f 2840 	2837 	2845
f 2844 	2845 	2837
f 2828 	2768 	2799
f 2842 	2846 	2834
f 2766 	2699 	2838
f 2845 	2847 	2841
f 2828 	2764 	2768
f 2699 	2679 	2807
f 2820 	2765 	2750
f 2841 	2840 	2845
f 2768 	2773 	2799
f 2848 	2535 	2843
f 2853 	2847 	2845
f 2719 	2537 	2848
f 2846 	2835 	2834
f 2818 	2941 	2948
f 2818 	2948 	2836
f 2790 	182 	1987
f 2809 	3036 	3088
f 2790 	2660 	182
f 2844 	2851 	2845
f 3088 	2842 	2809
f 2832 	2895 	2898
f 2844 	2849 	2851
f 2821 	2852 	2824
f 2845 	2851 	2853
f 2833 	2856 	2764
f 2842 	3092 	2846
f 3140 	2826 	2823
f 2850 	2852 	2821
f 2852 	2854 	2824
f 2839 	2832 	2898
f 2839 	2904 	2843
f 2858 	2748 	2745
f 3734 	2856 	2833
f 2745 	2855 	2858
f 2764 	2856 	2860
f 2710 	2709 	2861
f 2862 	2748 	2858
f 2856 	3483 	3494
f 2852 	2936 	2854
f 2843 	2904 	2806
f 2768 	2764 	2860
f 2824 	2854 	2827
f 2857 	2861 	2709
f 2843 	2806 	2848
f 2861 	2867 	2710
f 2768 	2865 	2773
f 2848 	2810 	2719
f 2854 	2866 	2827
f 2848 	2806 	2810
f 2777 	2752 	2862
f 2768 	2860 	2865
f 2611 	2773 	2865
f 2851 	2915 	2853
f 2710 	2867 	2713
f 2628 	2868 	2870
f 2865 	2627 	2611
f 2929 	2932 	2850
f 2738 	2773 	2611
f 2855 	2869 	2874
f 2628 	2870 	2514
f 2514 	2875 	2518
f 2863 	1617 	1614
f 2932 	2852 	2850
f 2870 	2875 	2514
f 2852 	2932 	2936
f 1614 	2659 	2863
f 2861 	2857 	2877
f 2863 	2878 	1617
f 2855 	2874 	2858
f 5261 	2864 	2872
f 2866 	2854 	2633
f 2873 	2877 	2857
f 2858 	2879 	2862
f 2877 	2882 	2861
f 2936 	2633 	2854
f 2822 	2881 	2837
f 2858 	2874 	2879
f 2866 	2633 	2724
f 2866 	2724 	2595
f 3020 	2884 	2871
f 2862 	2879 	2797
f 2877 	2918 	2882
f 5395 	5383 	2883
f 2871 	2885 	2876
f 2868 	2652 	2922
f 2886 	1076 	1437
f 2871 	2884 	2885
f 2879 	2901 	2818
f 2861 	2882 	2867
f 2881 	2876 	2889
f 2885 	2889 	2876
f 2925 	2870 	2868
f 2879 	2818 	2797
f 2886 	2445 	1076
f 2881 	2844 	2837
f 2659 	2890 	2863
f 2805 	2445 	2886
f 2881 	2889 	2844
f 2875 	2870 	2927
f 2883 	2887 	5407
f 2863 	2893 	2878
f 2890 	2893 	2863
f 2883 	5407 	5395
f 2869 	2891 	2894
f 2893 	2956 	2878
f 2895 	2832 	2829
f 1437 	2815 	2886
f 2884 	2896 	2885
f 2884 	2892 	2896
f 2891 	2978 	2983
f 2885 	2897 	2889
f 1445 	2815 	1437
f 2931 	2895 	2829
f 2891 	2983 	2894
f 2885 	2896 	2897
f 2860 	2856 	3494
f 2815 	2821 	2886
f 2889 	2897 	2844
f 2849 	2844 	2897
f 2869 	2894 	2874
f 2874 	2894 	2901
f 2860 	3494 	2618
f 2865 	2860 	2618
f 2900 	2888 	2539
f 2495 	2899 	2903
f 2627 	2865 	2618
f 2900 	2905 	2888
f 2901 	2879 	2874
f 2839 	2898 	2904
f 2896 	2982 	2897
f 2812 	2907 	2899
f 2897 	2910 	2849
f 2986 	2901 	2894
f 2888 	2905 	2890
f 2827 	2907 	2812
f 2897 	2982 	2910
f 2909 	2893 	2890
f 2907 	2555 	2899
f 7085 	2908 	2148
f 2851 	2849 	2913
f 2905 	2909 	2890
f 2908 	2165 	2148
f 2849 	2910 	2913
f 2915 	2851 	2913
f 2914 	2877 	2873
f 2910 	2924 	2913
f 2912 	2914 	2873
f 2914 	2918 	2877
f 2898 	7242 	2904
f 2908 	2249 	2165
f 2906 	2917 	2911
f 2915 	4004 	2853
f 2906 	2916 	2917
f 2911 	2917 	2923
f 2899 	2555 	2903
f 2894 	2983 	2986
f 2905 	3021 	2909
f 2922 	2925 	2868
f 2910 	2921 	2924
f 2941 	2818 	2901
f 2866 	2907 	2827
f 2870 	2925 	2927
f 2913 	2924 	2928
f 2595 	2907 	2866
f 2595 	2555 	2907
f 2916 	3000 	2917
f 2929 	2850 	1412
f 1412 	1557 	2929
f 2913 	2928 	2915
f 2875 	2927 	2931
f 2919 	2933 	2920
f 2875 	2931 	2829
f 3020 	2871 	2802
f 2884 	3020 	3027
f 2919 	2930 	2933
f 2920 	2933 	2249
f 3027 	2892 	2884
f 2946 	2932 	2929
f 2924 	2921 	2939
f 2249 	2908 	2920
f 2921 	2934 	2939
f 2929 	1557 	1574
f 1574 	2946 	2929
f 2956 	2961 	2937
f 2945 	2914 	2912
f 2937 	2961 	2943
f 2996 	3010 	2926
f 2936 	2932 	2637
f 2941 	2958 	2948
f 2942 	2945 	2912
f 2924 	2939 	2944
f 1701 	2949 	1722
f 2945 	2950 	2914
f 2932 	2946 	2637
f 2637 	2639 	2936
f 2951 	2838 	2836
f 2936 	2639 	2633
f 2949 	1701 	2943
f 2931 	7222 	2895
f 2651 	1574 	1601
f 2951 	2836 	2948
f 2914 	2950 	2918
f 2926 	3014 	2930
f 2766 	2838 	2951
f 2935 	2968 	2938
f 2651 	2946 	1574
f 1195 	1182 	7908
f 2926 	3010 	3014
f 2935 	2964 	2968
f 2651 	2655 	2946
f 2951 	2802 	2766
f 7903 	7908 	1182
f 2951 	2962 	2802
f 2946 	2655 	2637
f 7908 	2953 	1195
f 2971 	2940 	2938
f 2928 	2924 	2944
f 2942 	2955 	2945
f 2971 	2906 	2940
f 2947 	2940 	2906
f 2952 	2955 	2942
f 2878 	2956 	2937
f 2955 	2959 	2945
f 2947 	2906 	2911
f 2957 	1642 	2960
f 1197 	2960 	1642
f 2947 	2911 	2902
f 2958 	2941 	2954
f 2955 	2992 	2959
f 2960 	1197 	2953
f 2948 	2958 	2962
f 2956 	2980 	2961
f 2945 	2959 	2950
f 2951 	2948 	2962
f 2949 	2943 	2967
f 2953 	7918 	2960
f 2961 	2967 	2943
f 2938 	2968 	2971
f 2939 	3035 	2944
f 2967 	7655 	2949
f 2933 	2300 	2249
f 2954 	3017 	3018
f 2958 	2954 	3018
f 2964 	2972 	2975
f 2962 	3020 	2802
f 2909 	2977 	2893
f 2976 	2896 	2892
f 2956 	2893 	2977
f 2964 	2975 	2968
f 2892 	2973 	2976
f 2968 	2981 	2971
f 2982 	2896 	2976
f 2968 	2975 	2981
f 3011 	2969 	2963
f 2976 	2994 	2982
f 2977 	2980 	2956
f 2971 	2916 	2906
f 2978 	2993 	2983
f 2978 	2989 	2993
f 2980 	2985 	2961
f 1642 	2957 	1643
f 2971 	2981 	2916
f 2970 	2988 	2952
f 2972 	3083 	2975
f 1646 	2965 	2966
f 2901 	2986 	2941
f 1643 	2957 	2965
f 2973 	2987 	2990
f 1646 	2966 	2991
f 2987 	3006 	2990
f 2988 	2955 	2952
f 7226 	2919 	2920
f 2973 	2990 	2976
f 2994 	2976 	2990
f 2979 	2974 	2996
f 2988 	2992 	2955
f 2961 	2985 	2967
f 2983 	2993 	2998
f 2982 	2921 	2910
f 3072 	2996 	2974
f 2992 	3178 	2959
f 2982 	2994 	2921
f 2984 	2979 	2926
f 3000 	2916 	2997
f 2996 	2926 	2979
f 2984 	2926 	2930
f 1652 	2991 	2995
f 2983 	2998 	2986
f 2977 	3080 	2980
f 2986 	2998 	2954
f 2917 	3002 	2923
f 2984 	2930 	2919
f 3001 	4265 	2999
f 2954 	2998 	3017
f 3157 	3004 	2995
f 2917 	3000 	3002
f 2986 	2954 	2941
f 3006 	2987 	3003
f 2963 	6253 	3011
f 7940 	2991 	2966
f 2989 	3055 	2993
f 3060 	2993 	3055
f 3012 	2900 	2792
f 2996 	3009 	3010
f 7940 	3155 	2991
f 2990 	3008 	2994
f 3013 	2999 	2969
f 3155 	2995 	2991
f 2804 	3012 	2792
f 2990 	3006 	3008
f 2969 	3011 	3013
f 2900 	3015 	2905
f 2994 	3008 	2934
f 3063 	3017 	2998
f 3013 	3016 	2999
f 3023 	3000 	2997
f 2930 	3014 	2297
f 3000 	3023 	3026
f 3026 	3002 	3000
f 2994 	2934 	2921
f 2999 	3016 	3001
f 2317 	2297 	3014
f 2957 	7922 	2965
f 2930 	2297 	2933
f 3026 	4736 	3002
f 3012 	3015 	2900
f 2958 	3018 	2962
f 3020 	2962 	3018
f 3015 	3021 	2905
f 2988 	3280 	2992
f 2997 	3019 	3023
f 3042 	3049 	3015
f 3006 	3096 	3008
f 3022 	3017 	3063
f 3015 	3049 	3021
f 3011 	6315 	3057
f 3017 	3024 	3018
f 2867 	3025 	2713
f 3017 	3022 	3024
f 3020 	3018 	3027
f 3024 	3027 	3018
f 3008 	3028 	2934
f 3041 	3023 	3019
f 3096 	3028 	3008
f 2297 	2300 	2933
f 2934 	3031 	2939
f 2995 	3155 	3157
f 2934 	3028 	3031
f 3116 	2310 	3009
f 3022 	3030 	3033
f 3035 	2939 	3031
f 3029 	3036 	2801
f 3001 	3034 	3005
f 2813 	3038 	2804
f 3029 	3050 	3036
f 3022 	3033 	3024
f 3016 	3034 	3001
f 3019 	3102 	3037
f 3024 	3039 	3027
f 3034 	3040 	3005
f 2801 	3036 	2809
f 2804 	3038 	3012
f 3038 	3042 	3012
f 3024 	3033 	3039
f 2867 	2882 	3043
f 3027 	3039 	2892
f 3009 	2310 	3010
f 3037 	3041 	3019
f 3096 	3044 	3028
f 3005 	3040 	3032
f 3014 	3010 	2313
f 3040 	3045 	3032
f 3023 	3041 	3047
f 3043 	3025 	2867
f 3043 	3048 	3025
f 3028 	3046 	3031
f 2310 	2313 	3010
f 3041 	3359 	3047
f 3014 	2313 	2317
f 3041 	3358 	3359
f 3015 	3012 	3042
f 3023 	3047 	3026
f 1678 	1677 	3111
f 3048 	3029 	3025
f 3042 	3038 	3056
f 2859 	3026 	3047
f 3028 	3044 	3046
f 3031 	3046 	3052
f 3067 	3034 	3016
f 2859 	3047 	2864
f 3031 	3052 	3035
f 3048 	3050 	3029
f 3399 	3039 	3033
f 3050 	3101 	3036
f 3045 	3040 	3137
f 3038 	2813 	3053
f 3041 	3037 	3358
f 1652 	2995 	1655
f 3053 	3056 	3038
f 3036 	3101 	3088
f 3042 	3058 	3049
f 3011 	3057 	3013
f 3061 	3016 	3013
f 3043 	2882 	3059
f 2995 	3004 	1655
f 3044 	3054 	3062
f 2864 	3047 	3359
f 3056 	3058 	3042
f 2993 	3060 	3063
f 3013 	3057 	3061
f 1655 	3004 	1658
f 2882 	2918 	3059
f 3059 	3066 	3043
f 3044 	3062 	3046
f 3061 	3067 	3016
f 2993 	3063 	2998
f 3046 	3068 	3052
f 3051 	3163 	3065
f 3313 	3070 	3055
f 3046 	3062 	3068
f 3043 	3066 	3048
f 3066 	3071 	3048
f 4143 	3052 	3068
f 3060 	3055 	3073
f 3070 	3073 	3055
f 3067 	3074 	3034
f 3060 	3075 	3063
f 3079 	3067 	3061
f 3214 	3056 	3053
f 3069 	3076 	3109
f 3060 	3073 	3075
f 3050 	3048 	3071
f 3034 	3074 	3040
f 3022 	3063 	3075
f 2918 	2950 	3152
f 3021 	3078 	2909
f 1658 	3007 	1659
f 3054 	3172 	3062
f 2909 	3078 	2977
f 3152 	3059 	2918
f 3076 	3372 	3374
f 3070 	3077 	3081
f 3156 	3066 	3059
f 3078 	3080 	2977
f 2980 	3082 	2985
f 3004 	3007 	1658
f 3070 	3081 	3073
f 1659 	3007 	3084
f 3085 	3075 	3073
f 3080 	3082 	2980
f 3073 	3081 	3085
f 3075 	3030 	3022
f 3083 	2972 	3064
f 3075 	3085 	3030
f 2975 	3083 	3087
f 3112 	1684 	1681
f 3098 	3083 	3064
f 3084 	3112 	1681
f 3090 	3003 	3086
f 3021 	3089 	3078
f 1684 	3112 	3117
f 3087 	2981 	2975
f 3086 	3103 	3108
f 3049 	3089 	3021
f 2981 	3087 	2997
f 1684 	3117 	1685
f 3086 	3108 	3090
f 3089 	3093 	3078
f 3006 	3003 	3090
f 3072 	3009 	2996
f 3088 	3092 	2842
f 2997 	3087 	3019
f 3092 	3095 	2846
f 3096 	3006 	3090
f 3092 	3106 	3095
f 2997 	2916 	2981
f 3078 	3093 	3080
f 3105 	3106 	3092
f 3094 	3009 	3072
f 3081 	3444 	3085
f 3064 	3069 	3098
f 3093 	3099 	3080
f 3087 	3083 	3102
f 3099 	3082 	3080
f 1688 	3129 	1677
f 3083 	3098 	3102
f 3088 	3105 	3092
f 3084 	3007 	3164
f 3101 	3105 	3088
f 3103 	3499 	3506
f 3058 	3107 	3049
f 3102 	3019 	3087
f 3118 	2711 	3100
f 3069 	3109 	3098
f 3107 	3089 	3049
f 3098 	3113 	3102
f 3093 	3089 	3115
f 3094 	3116 	3009
f 3032 	3045 	3091
f 3094 	3110 	3116
f 3098 	3109 	3113
f 3089 	3107 	3115
f 3037 	3102 	3113
f 3115 	3120 	3093
f 3090 	3119 	3096
f 3100 	3114 	3118
f 2733 	2711 	3118
f 3090 	3108 	3119
f 1685 	3122 	1687
f 3096 	3119 	3044
f 3045 	3126 	3091
f 3093 	3120 	3099
f 3122 	1685 	3117
f 3050 	3123 	3101
f 3109 	3375 	3113
f 1687 	3122 	3125
f 3071 	3123 	3050
f 3114 	3124 	3127
f 3123 	3128 	3101
f 1688 	3125 	3129
f 3356 	3113 	3375
f 3124 	3150 	3127
f 3103 	3131 	3108
f 3114 	3127 	3118
f 3101 	3128 	3105
f 3045 	3137 	3139
f 2745 	3118 	3127
f 3130 	3131 	3103
f 3128 	3133 	3105
f 3250 	3115 	3107
f 3108 	3131 	3135
f 3045 	3139 	3126
f 3115 	3253 	3120
f 1677 	3129 	3111
f 3139 	3174 	3126
f 3132 	3134 	3136
f 3133 	3106 	3105
f 3097 	3198 	3264
f 3040 	3074 	3137
f 3124 	3146 	3150
f 3138 	3140 	2823
f 3224 	3141 	3134
f 3225 	3117 	3112
f 2855 	2745 	3127
f 3104 	2788 	3110
f 3116 	3110 	2791
f 3134 	3141 	3144
f 3228 	3122 	3117
f 2688 	3145 	3138
f 3116 	2791 	2796
f 3146 	3121 	3142
f 3134 	3144 	3136
f 3217 	3128 	3123
f 3145 	2688 	3143
f 3142 	3181 	3146
f 3133 	3128 	3223
f 3147 	3074 	3067
f 3145 	3149 	3138
f 3136 	3144 	3148
f 3234 	3125 	3122
f 3124 	3121 	3146
f 4549 	4503 	3133
f 2310 	3116 	2796
f 3067 	3079 	3147
f 3138 	3149 	3140
f 3241 	3222 	3129
f 3147 	3153 	3074
f 3129 	3222 	3111
f 3135 	3119 	3108
f 3127 	3150 	2855
f 3119 	3054 	3044
f 3059 	3152 	3156
f 3147 	3294 	3153
f 3066 	3158 	3071
f 3119 	3135 	3054
f 3244 	3154 	3159
f 3156 	3158 	3066
f 3074 	3153 	3137
f 3153 	3160 	3137
f 3004 	3157 	3161
f 3157 	3193 	3161
f 3159 	3051 	3244
f 3162 	3152 	2950
f 3004 	3161 	3007
f 3137 	3160 	3139
f 3159 	3163 	3051
f 2950 	2959 	3162
f 3150 	3184 	2869
f 3162 	3166 	3152
f 3150 	2869 	2855
f 3171 	3143 	2707
f 3007 	3161 	3164
f 3143 	3171 	3145
f 3173 	3145 	3171
f 3152 	3166 	3156
f 3167 	3084 	3164
f 3156 	3168 	3158
f 3149 	3145 	3176
f 3135 	3170 	3054
f 3072 	3065 	3094
f 3166 	3168 	3156
f 3065 	3163 	3094
f 2734 	3171 	2707
f 12 	15 	3155
f 3172 	3054 	3170
f 3157 	3155 	15
f 3062 	3172 	3175
f 3176 	3145 	3173
f 3132 	3136 	3165
f 3187 	3173 	3171
f 3173 	3188 	3176
f 3165 	3136 	3179
f 3187 	3188 	3173
f 2959 	3178 	3162
f 3062 	3175 	3068
f 3165 	3179 	3169
f 3181 	3142 	3177
f 2734 	3183 	3171
f 3169 	3179 	2964
f 3162 	3182 	3166
f 3146 	3184 	3150
f 3164 	3161 	3199
f 3148 	3179 	3136
f 3146 	3181 	3184
f 3183 	3187 	3171
f 3204 	3167 	3164
f 3162 	3178 	3182
f 3182 	3189 	3166
f 3169 	2964 	2935
f 3199 	3204 	3164
f 2972 	2964 	3179
f 3170 	3191 	3172
f 3177 	3192 	3181
f 3188 	3289 	3176
f 3179 	3148 	2972
f 3177 	3190 	3192
f 3185 	3191 	3170
f 3181 	3192 	3195
f 3172 	3191 	3196
f 3139 	3194 	3174
f 3168 	3166 	3189
f 3151 	5118 	3198
f 2776 	3183 	2746
f 3157 	15 	3193
f 3160 	3194 	3139
f 3161 	3193 	3199
f 3194 	3200 	3174
f 3181 	3195 	3184
f 2776 	3201 	3183
f 3154 	3151 	3198
f 3184 	2891 	2869
f 3159 	3154 	3097
f 3183 	3201 	3187
f 3184 	3195 	2891
f 3188 	3187 	3202
f 3201 	3202 	3187
f 3174 	3200 	3180
f 3186 	3180 	3243
f 3154 	3198 	3097
f 3197 	3213 	3219
f 3159 	3097 	3104
f 3197 	3219 	3203
f 3159 	3104 	3163
f 3178 	2992 	3432
f 3243 	3180 	3200
f 3190 	3233 	3192
f 3204 	3205 	3167
f 3178 	3436 	3182
f 3172 	3196 	3175
f 3432 	3436 	3178
f 3163 	3110 	3094
f 2978 	2891 	3195
f 3163 	3104 	3110
f 15 	144 	3193
f 3182 	3452 	3189
f 147 	3199 	3193
f 3209 	3053 	2826
f 3190 	3177 	4093
f 3158 	3212 	3071
f 3185 	3210 	3191
f 3209 	2826 	3140
f 3209 	3214 	3053
f 2507 	3213 	3197
f 3185 	3208 	3210
f 3209 	3235 	3214
f 3071 	3212 	3123
f 3191 	3210 	3216
f 3212 	3217 	3123
f 2507 	2516 	3213
f 3210 	3341 	3216
f 3212 	3232 	3217
f 3220 	3058 	3056
f 3213 	3236 	3219
f 3191 	3216 	3196
f 3214 	3220 	3056
f 3167 	3112 	3084
f 3226 	3207 	3218
f 3217 	3223 	3128
f 3203 	3224 	3206
f 3203 	3219 	3224
f 3218 	3263 	3226
f 3112 	3167 	3225
f 3206 	3134 	3132
f 3168 	3229 	3158
f 3228 	3117 	3225
f 3206 	3224 	3134
f 3140 	3149 	3230
f 3207 	3226 	3190
f 2516 	2532 	3231
f 3229 	3212 	3158
f 3233 	3190 	3226
f 3234 	3122 	3228
f 3230 	3209 	3140
f 3231 	3213 	2516
f 3232 	3212 	3229
f 3235 	3209 	3230
f 3232 	3237 	3217
f 3235 	3239 	3214
f 3210 	3208 	3336
f 3231 	3236 	3213
f 3219 	3236 	3240
f 3220 	3214 	3239
f 3217 	3237 	3223
f 3125 	3241 	3129
f 3210 	3336 	3341
f 3237 	4559 	3223
f 3279 	3230 	3149
f 3125 	3234 	3241
f 3219 	3240 	3224
f 5214 	3242 	3211
f 3211 	3242 	3244
f 3224 	3240 	3141
f 3189 	3245 	3168
f 3186 	3243 	3246
f 3131 	3130 	3276
f 3235 	3230 	3282
f 3211 	3244 	3215
f 3282 	3239 	3235
f 3168 	3245 	3229
f 3221 	3215 	3051
f 3232 	3229 	3258
f 3220 	3248 	3058
f 3225 	3167 	3205
f 3192 	3238 	3195
f 3215 	3244 	3051
f 3221 	3051 	3065
f 3205 	3259 	3225
f 3248 	3107 	3058
f 3192 	3233 	3238
f 3314 	3319 	3236
f 3248 	3250 	3107
f 3228 	3225 	3259
f 2978 	3195 	3238
f 3227 	3221 	3065
f 3240 	3252 	3141
f 3227 	3065 	3072
f 3234 	3228 	3265
f 3072 	2974 	3227
f 3247 	3135 	3131
f 3170 	3135 	3247
f 3234 	3269 	3241
f 3241 	3256 	3222
f 3115 	3250 	3253
f 3141 	3254 	3144
f 3242 	3154 	3244
f 3269 	3256 	3241
f 3271 	3253 	3250
f 3242 	3151 	3154
f 3141 	3252 	3254
f 3245 	3258 	3229
f 3144 	3254 	3260
f 4485 	3257 	3218
f 3232 	3261 	3237
f 3220 	3262 	3248
f 3232 	3258 	3261
f 3254 	3277 	3260
f 3263 	3218 	3257
f 3239 	3262 	3220
f 3262 	3267 	3248
f 3226 	3266 	3233
f 3198 	5404 	3264
f 3259 	3265 	3228
f 3097 	3264 	3268
f 3144 	3260 	3148
f 3333 	3337 	3262
f 3234 	3265 	3269
f 3264 	5404 	2819
f 3226 	3263 	3266
f 3262 	3337 	3267
f 3148 	3260 	3064
f 3243 	3370 	3246
f 3264 	2819 	2825
f 3233 	3266 	3270
f 3264 	2825 	3268
f 3248 	3267 	3250
f 3064 	3260 	3069
f 3267 	3271 	3250
f 3258 	3245 	3520
f 3097 	3268 	3104
f 3370 	3373 	3246
f 3148 	3064 	2972
f 2788 	3104 	3268
f 3373 	3249 	3246
f 3251 	3249 	3405
f 3247 	3185 	3170
f 3239 	3287 	3262
f 3275 	3254 	3252
f 3252 	3272 	3275
f 3259 	3632 	3265
f 3267 	3337 	3271
f 2791 	3110 	2788
f 2970 	3278 	2988
f 3277 	3254 	3275
f 3276 	3130 	3273
f 3247 	3131 	3276
f 3274 	3278 	2970
f 3233 	3270 	3238
f 3069 	3260 	3277
f 3278 	3280 	2988
f 3238 	3270 	2989
f 3079 	5063 	3147
f 3269 	3624 	3256
f 3176 	3279 	3149
f 3279 	3282 	3230
f 2054 	1678 	3321
f 3432 	2992 	3280
f 3272 	3281 	3284
f 3273 	3285 	3276
f 3321 	3324 	2054
f 3273 	3283 	3285
f 3239 	3282 	3287
f 7536 	3292 	3274
f 3276 	3288 	3247
f 3274 	3295 	3278
f 3276 	3285 	3288
f 3292 	3295 	3274
f 3272 	3284 	3275
f 3289 	3279 	3176
f 3275 	3284 	3290
f 3247 	3288 	3185
f 3279 	3291 	3282
f 3298 	5084 	5088
f 3303 	3288 	3285
f 3185 	3288 	3208
f 3288 	3303 	3208
f 2989 	3270 	3055
f 3275 	3290 	3277
f 3238 	2989 	2978
f 3277 	3076 	3069
f 3277 	3290 	3076
f 3294 	3147 	5063
f 3351 	3306 	3257
f 3283 	3293 	3297
f 3263 	3309 	3266
f 3298 	3160 	3153
f 2060 	3296 	2061
f 3294 	3298 	3153
f 3313 	3270 	3266
f 3295 	3301 	3278
f 3283 	3297 	3285
f 3160 	3302 	3194
f 2061 	3296 	3300
f 3299 	656 	4016
f 3285 	3297 	3303
f 3298 	3302 	3160
f 3278 	3301 	3280
f 3055 	3270 	3313
f 3302 	3304 	3194
f 3263 	3257 	3306
f 3289 	3291 	3279
f 2107 	2104 	3364
f 3309 	3263 	3306
f 3307 	3295 	3292
f 3287 	3282 	3308
f 3291 	3308 	3282
f 3351 	3352 	3306
f 3305 	3307 	3292
f 3310 	3231 	2532
f 3307 	3312 	3295
f 3188 	3311 	3289
f 2617 	3310 	2532
f 3309 	3313 	3266
f 3231 	3310 	3314
f 3368 	2109 	2107
f 3202 	3311 	3188
f 3311 	3315 	3289
f 3429 	3303 	3297
f 3295 	3312 	3301
f 3310 	3325 	3314
f 3371 	2084 	2109
f 3310 	3322 	3325
f 3306 	3317 	3309
f 3289 	3315 	3291
f 3231 	3314 	3236
f 3318 	3308 	3291
f 3304 	3200 	3194
f 3306 	3316 	3317
f 3309 	3317 	3320
f 725 	656 	3299
f 3314 	3328 	3319
f 3315 	3318 	3291
f 3304 	3367 	3200
f 3317 	3332 	3320
f 3319 	3240 	3236
f 3309 	3320 	3313
f 3240 	3319 	3252
f 1678 	3111 	3321
f 3313 	3320 	3070
f 3294 	5063 	5081
f 2054 	3324 	2056
f 2617 	3322 	3310
f 3326 	2056 	3324
f 3316 	3323 	3327
f 5088 	3302 	3298
f 3323 	3807 	3327
f 2056 	3326 	2057
f 3316 	3327 	3317
f 3328 	3314 	3325
f 2057 	3326 	3329
f 3303 	3331 	3208
f 3319 	3328 	3272
f 3332 	3317 	3327
f 3320 	3077 	3070
f 3320 	3332 	3077
f 2059 	3334 	2060
f 3319 	3272 	3252
f 3330 	3335 	3305
f 3333 	3262 	3287
f 3336 	3208 	3331
f 3334 	2059 	3329
f 3330 	3348 	3335
f 3338 	3322 	2632
f 3331 	3350 	3336
f 3334 	3296 	2060
f 2632 	2649 	3338
f 3305 	3335 	3307
f 3340 	3312 	3307
f 3492 	3321 	3111
f 3322 	3339 	3325
f 3342 	3271 	3337
f 3335 	3340 	3307
f 3338 	3339 	3322
f 3323 	3805 	3807
f 3111 	3222 	3492
f 3325 	3339 	3343
f 3492 	3498 	3321
f 3333 	3287 	3345
f 3308 	3345 	3287
f 3327 	3811 	3332
f 3333 	3347 	3337
f 3321 	3498 	3324
f 3345 	3347 	3333
f 3328 	3325 	3343
f 3342 	3337 	3349
f 3347 	3349 	3337
f 3328 	3281 	3272
f 3380 	3367 	3304
f 3328 	3343 	3281
f 3318 	3353 	3308
f 3316 	3306 	3352
f 3338 	3516 	3339
f 3339 	3521 	3343
f 4533 	3354 	3352
f 3308 	3353 	3345
f 3343 	3474 	3281
f 3345 	3355 	3347
f 3343 	3521 	3474
f 3353 	3355 	3345
f 3356 	3037 	3113
f 3352 	3354 	3323
f 3347 	3357 	3349
f 3329 	3507 	3334
f 3355 	3357 	3347
f 3358 	3037 	3356
f 3352 	3323 	3316
f 3039 	2973 	2892
f 3356 	3361 	3358
f 3039 	3399 	2973
f 3356 	3360 	3361
f 3358 	3361 	3362
f 2062 	3300 	3363
f 3358 	3362 	3359
f 3414 	3426 	3003
f 3363 	2104 	2062
f 3359 	3362 	2872
f 3362 	3391 	2872
f 3359 	2872 	2864
f 3414 	3003 	2987
f 3364 	2104 	3363
f 3381 	3387 	3360
f 3344 	3348 	3330
f 3086 	3003 	3426
f 2107 	3364 	3368
f 3348 	3369 	3335
f 3367 	3243 	3200
f 3360 	3387 	3389
f 3389 	3361 	3360
f 3361 	3391 	3362
f 3499 	3103 	3086
f 3335 	3369 	3340
f 3367 	3370 	3243
f 3130 	3103 	3506
f 3372 	3076 	3290
f 3506 	3525 	3130
f 2109 	3368 	3371
f 3076 	3374 	3109
f 3371 	3411 	2084
f 3525 	3273 	3130
f 3375 	3109 	3374
f 3373 	3405 	3249
f 2085 	3411 	3412
f 3386 	3348 	3344
f 3377 	3304 	3302
f 3372 	3379 	3374
f 3372 	3378 	3379
f 2085 	3412 	2086
f 3374 	3379 	3381
f 3304 	3377 	3380
f 3374 	3381 	3375
f 3375 	3360 	3356
f 3360 	3375 	3381
f 3367 	3382 	3370
f 3350 	3331 	3346
f 3380 	3382 	3367
f 3378 	3430 	3379
f 3336 	3350 	3384
f 3378 	3428 	3430
f 3430 	3433 	3379
f 2223 	4519 	3385
f 3350 	3395 	3400
f 3350 	3400 	3384
f 3385 	2268 	2223
f 3336 	3384 	3341
f 3381 	3433 	3387
f 2270 	2268 	3388
f 3383 	3386 	3344
f 3300 	3560 	3363
f 3386 	3390 	3348
f 3341 	3384 	4436
f 3391 	3361 	3389
f 3085 	3376 	3030
f 2880 	2872 	3391
f 3033 	3030 	3393
f 3348 	3390 	3369
f 3385 	3388 	2268
f 3387 	3396 	3389
f 2270 	3388 	3397
f 5088 	5229 	3377
f 3350 	3346 	3395
f 3030 	3376 	3393
f 3387 	3394 	3396
f 3388 	3419 	3397
f 3389 	3396 	3398
f 3033 	3393 	3399
f 3346 	3392 	3395
f 3396 	3408 	3398
f 3389 	3398 	3391
f 2880 	3391 	2883
f 3398 	2883 	3391
f 3397 	3537 	2276
f 3380 	5246 	3382
f 3413 	3386 	3383
f 3394 	3401 	3403
f 3402 	3385 	4519
f 3386 	3415 	3390
f 3402 	3406 	3385
f 3394 	3403 	3396
f 3407 	3255 	3251
f 3376 	3404 	3409
f 3408 	3396 	3403
f 3405 	3407 	3251
f 3398 	2887 	2883
f 3407 	3713 	3255
f 2887 	3398 	3408
f 3395 	3392 	3489
f 3376 	3409 	3393
f 3393 	3409 	3414
f 3423 	3409 	3404
f 3410 	3413 	3383
f 3409 	3426 	3414
f 3386 	3413 	3415
f 3382 	3418 	3370
f 3417 	2087 	3416
f 3393 	3414 	3399
f 3413 	4810 	3415
f 3385 	3406 	3388
f 3399 	2987 	2973
f 3370 	3418 	3373
f 2087 	3417 	2088
f 3414 	2987 	3399
f 3406 	3419 	3388
f 3373 	3420 	3405
f 3418 	3420 	3373
f 3420 	3424 	3405
f 3403 	3655 	3408
f 3404 	3422 	3423
f 3293 	3425 	3297
f 2086 	3412 	3416
f 2088 	3417 	3427
f 3293 	3421 	3425
f 3297 	3425 	3429
f 3426 	3409 	3423
f 3405 	3424 	3407
f 3424 	3731 	3407
f 3381 	3379 	3433
f 3331 	3303 	3429
f 3402 	3435 	3406
f 3431 	3435 	3402
f 5260 	3418 	3382
f 3548 	3437 	3428
f 3411 	3371 	3868
f 3406 	3438 	3419
f 3495 	3423 	3422
f 3435 	3438 	3406
f 3428 	3437 	3440
f 3418 	5272 	3420
f 3438 	3581 	3419
f 3437 	3454 	3440
f 3428 	3440 	3430
f 3869 	3876 	3412
f 3421 	3439 	3443
f 3081 	3461 	3444
f 3430 	3440 	3433
f 3442 	3433 	3440
f 3433 	3442 	3394
f 3462 	3465 	3431
f 3376 	3085 	3444
f 3421 	3443 	3425
f 3425 	3446 	3429
f 3444 	3404 	3376
f 3445 	4743 	3091
f 3431 	3465 	3435
f 3433 	3394 	3387
f 3444 	3450 	3404
f 3425 	3443 	3446
f 3435 	3469 	3438
f 3346 	3429 	3446
f 7699 	3451 	3447
f 3452 	3182 	3436
f 3559 	3449 	3437
f 7517 	3447 	7516
f 3451 	7516 	3447
f 3454 	3437 	3449
f 3346 	3331 	3429
f 3450 	3422 	3404
f 3450 	3455 	3422
f 3458 	3442 	3440
f 3440 	3454 	3458
f 3442 	3458 	3401
f 3459 	3077 	3332
f 3439 	3470 	3443
f 3811 	3459 	3332
f 3515 	3457 	3453
f 3077 	3461 	3081
f 3077 	3459 	3461
f 3436 	3476 	3452
f 3442 	3401 	3394
f 3446 	3392 	3346
f 3811 	3463 	3459
f 3091 	3126 	3445
f 3459 	3466 	3461
f 3459 	3463 	3466
f 3439 	3434 	3529
f 3432 	3280 	3464
f 3334 	3551 	3296
f 3475 	3477 	3462
f 3461 	3450 	3444
f 3449 	3732 	3454
f 3462 	3477 	3465
f 3334 	3507 	3551
f 3461 	3466 	3450
f 3730 	3732 	3449
f 3556 	3296 	3551
f 3464 	3280 	3301
f 3470 	3439 	3529
f 3465 	3469 	3435
f 3296 	3556 	3300
f 3464 	3471 	3432
f 3465 	3480 	3469
f 3463 	3472 	3466
f 3760 	3458 	3454
f 3443 	3473 	3446
f 3463 	3468 	3472
f 3443 	3470 	3473
f 3466 	3472 	3455
f 3458 	3647 	3401
f 3392 	3446 	3473
f 3300 	3556 	3560
f 4045 	2521 	3456
f 3471 	3436 	3432
f 3445 	3467 	3448
f 3436 	3471 	3476
f 2521 	4045 	4067
f 3466 	3455 	3450
f 3564 	3364 	3363
f 2525 	2521 	4067
f 3364 	3569 	3368
f 3281 	3474 	3478
f 3475 	3490 	3477
f 3486 	3474 	3521
f 3487 	3490 	3475
f 3474 	3491 	3478
f 3452 	3476 	3533
f 3474 	3486 	3491
f 3301 	3312 	3479
f 3478 	3284 	3281
f 3481 	3290 	3284
f 3477 	3480 	3465
f 3284 	3478 	3481
f 3464 	3301 	3479
f 3480 	3513 	3469
f 3372 	3290 	3481
f 3479 	3485 	3464
f 3473 	3484 	3392
f 3455 	3488 	3422
f 3471 	3464 	3485
f 3495 	3422 	3488
f 3489 	3392 	3484
f 3505 	3483 	3482
f 3471 	3493 	3476
f 3395 	3489 	3496
f 3483 	3508 	3494
f 3488 	3504 	3495
f 3478 	3491 	3497
f 3483 	3505 	3508
f 3485 	3493 	3471
f 3489 	6592 	3496
f 3489 	6588 	6592
f 3492 	3517 	3498
f 3423 	3499 	3426
f 3395 	3496 	3400
f 3478 	3497 	3481
f 3423 	3495 	3499
f 3481 	3378 	3372
f 3324 	3500 	3326
f 3086 	3426 	3499
f 3324 	3498 	3500
f 3481 	3497 	3378
f 3596 	3543 	3530
f 3503 	3326 	3500
f 3543 	3545 	3486
f 3491 	3486 	3545
f 3522 	3500 	3498
f 3479 	3312 	3589
f 3482 	3501 	3505
f 3504 	3488 	3502
f 3487 	3781 	3490
f 3495 	3504 	3506
f 3326 	3503 	3329
f 3503 	3507 	3329
f 3584 	3503 	3500
f 3497 	3428 	3378
f 3126 	3467 	3445
f 3495 	3506 	3499
f 3467 	3509 	3448
f 3510 	3338 	2649
f 3174 	3467 	3126
f 3222 	3256 	3512
f 3448 	3509 	3453
f 3510 	2649 	2747
f 3494 	3508 	3456
f 3338 	3510 	3516
f 3514 	3245 	3189
f 3509 	3515 	3453
f 3222 	3512 	3492
f 3457 	3544 	3460
f 3490 	3518 	3477
f 3502 	3511 	3519
f 3514 	3189 	3452
f 3490 	3791 	3518
f 3515 	3544 	3457
f 3514 	3520 	3245
f 3456 	2618 	3494
f 3477 	3518 	3480
f 3512 	3517 	3492
f 3456 	2521 	2618
f 3521 	3339 	3516
f 3517 	3522 	3498
f 3518 	3523 	3480
f 3504 	3502 	3519
f 3180 	3509 	3467
f 3258 	3524 	3261
f 3504 	3519 	3525
f 3174 	3180 	3467
f 2758 	3526 	3510
f 2747 	2758 	3510
f 3513 	3480 	3523
f 3672 	3519 	3511
f 3510 	3528 	3516
f 3180 	3186 	3509
f 3520 	3524 	3258
f 3510 	3526 	3528
f 3504 	3525 	3506
f 3509 	3186 	3515
f 3516 	3530 	3521
f 3434 	3527 	3529
f 3516 	3528 	3530
f 3793 	3523 	3518
f 3521 	3530 	3486
f 3791 	3793 	3518
f 3452 	3533 	3514
f 3527 	3531 	3534
f 3536 	3520 	3514
f 2758 	3588 	3526
f 3512 	3256 	3715
f 3537 	2342 	2276
f 3527 	3534 	3529
f 3517 	3512 	3717
f 3588 	3593 	3526
f 3533 	3536 	3514
f 3587 	2342 	3537
f 3529 	3534 	3539
f 3540 	3537 	3397
f 3536 	3541 	3520
f 3528 	3596 	3530
f 3397 	3419 	3540
f 3486 	3530 	3543
f 3501 	4013 	3505
f 3715 	3717 	3512
f 3525 	3690 	3273
f 3522 	3517 	3719
f 3508 	3505 	4016
f 3520 	3541 	3524
f 3529 	3539 	3470
f 3505 	4013 	4016
f 3717 	3719 	3517
f 3470 	3539 	3547
f 3857 	3890 	3546
f 3491 	3548 	3497
f 6727 	3539 	3534
f 3545 	3548 	3491
f 3460 	3549 	3532
f 3575 	3578 	3541
f 3857 	3546 	3468
f 3548 	3428 	3497
f 3547 	3473 	3470
f 3468 	3546 	3552
f 3596 	3607 	3543
f 3484 	3473 	3547
f 3460 	3544 	3549
f 3890 	3562 	3546
f 3549 	3555 	3532
f 6721 	3531 	6018
f 3552 	3472 	3468
f 3570 	3533 	3476
f 3543 	3553 	3545
f 3554 	3545 	3553
f 3472 	3558 	3455
f 3545 	3554 	3559
f 3570 	3572 	3533
f 3531 	6725 	3534
f 3472 	3552 	3558
f 6725 	3531 	6721
f 3533 	3572 	3536
f 3532 	3555 	3535
f 3488 	3455 	3558
f 3555 	3561 	3535
f 3545 	3559 	3548
f 3575 	3541 	3536
f 3363 	3560 	3564
f 3548 	3559 	3437
f 3546 	3565 	3552
f 3546 	3562 	3565
f 3535 	3561 	3538
f 3552 	3565 	3568
f 3493 	3570 	3476
f 3563 	4125 	4128
f 3564 	3569 	3364
f 3553 	3566 	3571
f 3552 	3568 	3558
f 3502 	3488 	3558
f 3419 	3581 	3540
f 3558 	3568 	3502
f 3571 	3554 	3553
f 3585 	3590 	3507
f 3562 	3608 	3565
f 3554 	3574 	3559
f 3562 	3604 	3608
f 3551 	3507 	3590
f 6785 	3747 	3573
f 3583 	3586 	3544
f 3565 	3610 	3568
f 3554 	3571 	3574
f 3572 	3575 	3536
f 3549 	3544 	3586
f 3565 	3608 	3610
f 3559 	3574 	3449
f 3568 	3511 	3502
f 3549 	3591 	3555
f 3560 	3981 	3564
f 3597 	3561 	3555
f 3619 	3928 	3566
f 3570 	3666 	3572
f 3579 	3605 	3582
f 4125 	3563 	3557
f 3666 	3671 	3572
f 3186 	3583 	3515
f 3186 	3246 	3583
f 3572 	3671 	3575
f 3522 	3584 	3500
f 3567 	3563 	4128
f 3571 	3949 	3574
f 3583 	3544 	3515
f 3503 	3585 	3507
f 3587 	2372 	2342
f 3583 	3249 	3586
f 3730 	3574 	3949
f 3503 	3584 	3585
f 3576 	4133 	4139
f 3312 	3340 	3589
f 4139 	3501 	3576
f 2758 	2841 	3588
f 3587 	3592 	2372
f 3528 	3526 	3593
f 3485 	3479 	3595
f 3586 	3591 	3549
f 3596 	3528 	3593
f 3587 	3634 	3592
f 3591 	3597 	3555
f 3577 	3833 	3598
f 2372 	3592 	2375
f 3551 	3600 	3556
f 3589 	3595 	3479
f 3577 	3598 	3579
f 2841 	2847 	3601
f 3595 	3603 	3485
f 2375 	3602 	2380
f 2853 	3612 	2847
f 3600 	3551 	3590
f 3592 	3602 	2375
f 3605 	3579 	3598
f 3595 	3620 	3603
f 3588 	2841 	3601
f 3580 	3748 	3604
f 3556 	3600 	3980
f 3616 	3620 	3595
f 3588 	3601 	3593
f 3606 	3593 	3601
f 3593 	3606 	3607
f 3485 	3603 	3493
f 3556 	3980 	3560
f 3583 	3246 	3249
f 3249 	3251 	3586
f 3593 	3607 	3596
f 3591 	3586 	3251
f 3553 	3543 	3607
f 3597 	3591 	3255
f 3511 	3568 	3610
f 3550 	3884 	3611
f 3601 	2847 	3612
f 3613 	3589 	3340
f 3601 	3612 	3614
f 3251 	3255 	3591
f 3255 	3626 	3597
f 3340 	3369 	3613
f 3613 	3616 	3589
f 4188 	4189 	3590
f 3614 	3606 	3601
f 4263 	3599 	3594
f 3613 	3642 	3616
f 3606 	3614 	3619
f 3590 	4189 	3600
f 3595 	3589 	3616
f 3678 	2380 	3602
f 3537 	3540 	3621
f 3606 	3619 	3607
f 3661 	3603 	3622
f 3580 	3745 	3748
f 3607 	3566 	3553
f 3620 	3622 	3603
f 4270 	3611 	3609
f 3566 	3607 	3619
f 3757 	3761 	3618
f 3751 	3608 	3604
f 3618 	3761 	3623
f 3611 	4272 	3550
f 3625 	3204 	3199
f 3608 	3754 	3610
f 3612 	2853 	4004
f 3613 	3637 	3642
f 3608 	3751 	3754
f 3625 	3199 	147
f 3625 	3628 	3204
f 3204 	3628 	3205
f 3537 	3621 	3587
f 3205 	3632 	3259
f 3621 	3634 	3587
f 3630 	3617 	3992
f 3628 	3632 	3205
f 3635 	3265 	3632
f 3369 	3637 	3613
f 3639 	3265 	3635
f 3592 	3641 	3602
f 3634 	3641 	3592
f 3408 	3638 	2887
f 3637 	3369 	3390
f 5946 	2887 	3638
f 3265 	3639 	3269
f 3639 	3624 	3269
f 3690 	3283 	3273
f 3688 	3644 	3631
f 3621 	3654 	3634
f 3616 	3645 	3620
f 3631 	3644 	3633
f 3642 	3645 	3616
f 3633 	3646 	3640
f 3617 	3630 	3712
f 3645 	3648 	3620
f 3633 	3644 	3646
f 3650 	3403 	3401
f 3620 	3648 	3622
f 3621 	3540 	3652
f 3581 	3652 	3540
f 3434 	3649 	3787
f 3652 	3654 	3621
f 3701 	3637 	3390
f 3415 	3701 	3390
f 3914 	3615 	3640
f 3650 	3401 	3647
f 3642 	3637 	3703
f 3655 	3403 	3650
f 3644 	3688 	3710
f 3634 	3656 	3641
f 3635 	3632 	3676
f 3635 	3681 	3639
f 3654 	3656 	3634
f 3656 	3693 	3641
f 3655 	3638 	3408
f 3676 	3681 	3635
f 3760 	3659 	3647
f 3649 	3434 	3439
f 3639 	3663 	3624
f 3603 	3661 	3493
f 3649 	3439 	3421
f 3647 	3659 	3664
f 147 	169 	3625
f 3493 	3661 	3570
f 3625 	3665 	3628
f 3643 	4258 	3594
f 3704 	3652 	3581
f 3647 	3664 	3650
f 3667 	3511 	3610
f 3650 	3668 	3655
f 3623 	3843 	3651
f 169 	3665 	3625
f 3661 	3666 	3570
f 3761 	3843 	3623
f 3650 	3664 	3668
f 3665 	3670 	3628
f 3610 	3754 	3667
f 3709 	3711 	3654
f 3655 	5955 	3638
f 3511 	3667 	3672
f 3666 	3686 	3671
f 3711 	3656 	3654
f 3680 	3686 	3666
f 3669 	2819 	5404
f 3628 	3670 	3632
f 3575 	3674 	3578
f 3659 	3689 	3664
f 3653 	3851 	3657
f 3671 	3674 	3575
f 3670 	3676 	3632
f 3659 	3684 	3689
f 3657 	3888 	3658
f 3664 	3692 	3668
f 2380 	3678 	2394
f 3661 	3622 	3680
f 3678 	3934 	2394
f 3658 	3891 	3662
f 3602 	3682 	3678
f 3661 	3680 	3666
f 3667 	3698 	3672
f 3660 	3685 	3675
f 3667 	3696 	3698
f 3641 	3682 	3602
f 3660 	3679 	3685
f 3684 	3659 	3776
f 3675 	3688 	3631
f 3675 	3685 	3688
f 3519 	3690 	3525
f 3519 	3672 	3690
f 3691 	5420 	3683
f 3693 	3682 	3641
f 3692 	3664 	3689
f 3738 	3680 	3622
f 3696 	3667 	3754
f 3366 	5449 	3424
f 3680 	3741 	3686
f 3669 	3695 	3699
f 3681 	3663 	3639
f 3700 	3581 	3438
f 3702 	3672 	3698
f 3438 	3469 	3700
f 2819 	3669 	3699
f 3700 	3704 	3581
f 3701 	3703 	3637
f 3702 	3690 	3672
f 3513 	3700 	3469
f 3642 	3705 	3645
f 3703 	3705 	3642
f 3690 	3702 	3283
f 3679 	3706 	3685
f 3685 	3708 	3688
f 3673 	3800 	3803
f 3293 	3283 	3702
f 3707 	3648 	3645
f 3654 	3652 	3709
f 3685 	3706 	3708
f 4314 	4318 	3665
f 5469 	3697 	5468
f 3705 	3707 	3645
f 3670 	3665 	4318
f 3704 	3709 	3652
f 3688 	3708 	3710
f 3694 	3721 	3696
f 3696 	3721 	3725
f 3407 	3731 	3713
f 3698 	3696 	3725
f 4457 	3663 	3681
f 3710 	3967 	3919
f 3713 	3626 	3255
f 4461 	4457 	3681
f 3702 	3698 	3729
f 3644 	3919 	3646
f 4943 	4951 	3701
f 3714 	3630 	3626
f 3698 	3725 	3729
f 3256 	3624 	3715
f 3513 	3716 	3700
f 3701 	4951 	3703
f 3713 	3714 	3626
f 3714 	3712 	3630
f 3700 	3716 	3704
f 3719 	3722 	3522
f 3822 	3692 	3689
f 3721 	3694 	3718
f 3707 	3705 	4958
f 3706 	3963 	3708
f 3722 	3584 	3522
f 3726 	3695 	3723
f 3727 	3674 	3671
f 3671 	3686 	3727
f 3584 	3728 	3585
f 3710 	3966 	3967
f 3730 	3449 	3574
f 3722 	3728 	3584
f 3293 	3702 	3729
f 4188 	3585 	3728
f 3734 	3699 	3726
f 3720 	3709 	3704
f 3744 	3726 	3723
f 3713 	3735 	3714
f 3686 	3741 	3746
f 3731 	3735 	3713
f 3716 	3720 	3704
f 3714 	3724 	3712
f 3727 	3686 	3746
f 3720 	3736 	3709
f 3735 	3724 	3714
f 3590 	3585 	4188
f 3784 	3721 	3718
f 3699 	3734 	2833
f 3622 	3648 	3738
f 3733 	3786 	3737
f 3709 	3736 	3711
f 3697 	3731 	3424
f 3725 	3649 	3729
f 3723 	3766 	3740
f 3729 	3421 	3293
f 3731 	3743 	3735
f 3729 	3649 	3421
f 3741 	3680 	3738
f 3743 	3731 	3697
f 3769 	3789 	3715
f 3716 	3753 	3720
f 3743 	3739 	3735
f 3744 	3723 	3740
f 3715 	3789 	3717
f 3726 	3744 	3482
f 3741 	3762 	3746
f 3717 	3792 	3719
f 3789 	3792 	3717
f 3744 	3501 	3482
f 3724 	3735 	3739
f 3744 	3576 	3501
f 3719 	3794 	3722
f 3726 	3482 	3734
f 3719 	3792 	3794
f 3746 	3749 	3727
f 3513 	3750 	3716
f 3734 	3483 	2856
f 3523 	3750 	3513
f 3707 	3752 	3648
f 3604 	3748 	3751
f 3697 	5469 	3743
f 3482 	3483 	3734
f 3722 	4250 	3728
f 5518 	5520 	3743
f 3738 	3648 	3752
f 5506 	5518 	3743
f 3750 	3753 	3716
f 3752 	3756 	3738
f 3753 	3758 	3720
f 3757 	3618 	3617
f 3617 	3712 	3757
f 3740 	3576 	3744
f 3737 	3755 	3742
f 3745 	3759 	3748
f 3454 	3732 	3760
f 3741 	3738 	3756
f 3736 	3720 	3758
f 3767 	3757 	3712
f 3756 	3762 	3741
f 3767 	3770 	3757
f 3732 	3776 	3760
f 3757 	3770 	3761
f 3748 	3759 	3765
f 3746 	3764 	3749
f 3759 	3772 	3765
f 3647 	3458 	3760
f 3724 	3767 	3712
f 3762 	3764 	3746
f 3748 	3765 	3751
f 3694 	3754 	3751
f 3523 	3893 	3750
f 3694 	3751 	3765
f 3715 	3624 	3769
f 3766 	3723 	3691
f 3750 	3896 	3753
f 3754 	3694 	3696
f 3730 	3768 	3771
f 3777 	3767 	3724
f 5943 	3772 	3759
f 3752 	5096 	3756
f 3755 	3808 	3875
f 3732 	3730 	3771
f 3772 	3718 	3765
f 3694 	3765 	3718
f 3776 	3732 	3771
f 3739 	3777 	3724
f 3772 	3780 	3718
f 3763 	3775 	3779
f 3687 	3767 	3777
f 3774 	3615 	3778
f 3762 	5099 	3764
f 3760 	3776 	3659
f 3615 	3914 	3778
f 3791 	3490 	3781
f 3774 	3778 	3783
f 3718 	3780 	3784
f 3763 	3779 	3766
f 3687 	3770 	3767
f 5099 	5103 	3764
f 3798 	3781 	4616
f 3766 	3779 	3740
f 3774 	3783 	3733
f 3781 	3802 	3791
f 3787 	3725 	3721
f 3768 	3785 	3771
f 3796 	1020 	1016
f 3786 	3733 	3783
f 3567 	3740 	3779
f 3755 	3737 	3786
f 3768 	3782 	3785
f 3787 	3721 	3784
f 3796 	3799 	1020
f 3649 	3725 	3787
f 3771 	3785 	3788
f 3884 	3550 	3773
f 3663 	3769 	3624
f 3785 	3867 	3788
f 3773 	3550 	3557
f 3557 	3775 	3773
f 3771 	3788 	3776
f 3790 	3852 	3834
f 3684 	3776 	3788
f 3786 	3801 	3808
f 3563 	3779 	3775
f 3557 	3563 	3775
f 3808 	3755 	3786
f 3563 	3567 	3779
f 1016 	1350 	3796
f 3793 	3893 	3523
f 3797 	3783 	3778
f 3784 	3795 	3787
f 3794 	4250 	3722
f 3567 	3576 	3740
f 3787 	3795 	3434
f 3778 	3927 	3797
f 5961 	6002 	3795
f 3783 	3797 	3801
f 3798 	3802 	3781
f 3739 	5596 	3777
f 3673 	3803 	3677
f 3805 	3323 	3354
f 3813 	3799 	3796
f 3785 	3782 	3863
f 3799 	3814 	3804
f 3354 	3874 	3805
f 3677 	3763 	3683
f 3813 	3814 	3799
f 3783 	3801 	3786
f 3791 	3806 	3793
f 3867 	3785 	3863
f 3677 	3803 	3763
f 3802 	3806 	3791
f 3796 	1350 	3809
f 3806 	3810 	3793
f 3763 	3766 	3683
f 1350 	1373 	3809
f 3811 	3327 	3807
f 3788 	3812 	3684
f 3766 	3691 	3683
f 4336 	3792 	3789
f 3807 	3823 	3811
f 3809 	3813 	3796
f 3691 	3723 	3695
f 3793 	3810 	3893
f 3684 	3812 	3815
f 3814 	3816 	3804
f 3695 	3726 	3699
f 3798 	3828 	3802
f 2093 	3427 	3819
f 3812 	3831 	3815
f 3874 	3817 	3805
f 3801 	3797 	3818
f 3805 	3817 	3820
f 3819 	2235 	2093
f 3684 	3815 	3689
f 2556 	2237 	3821
f 3808 	3801 	3881
f 3822 	3689 	3815
f 2235 	3819 	3821
f 3881 	3801 	3818
f 3805 	3820 	3807
f 3800 	3773 	3803
f 3806 	3836 	3810
f 3808 	3883 	3875
f 3803 	3775 	3763
f 3803 	3773 	3775
f 3823 	3807 	3820
f 3813 	3844 	3814
f 3811 	3823 	3463
f 3742 	3755 	3827
f 5601 	3687 	3777
f 3827 	3747 	3742
f 3814 	18 	3816
f 3573 	3747 	3830
f 3831 	3812 	3824
f 3825 	3828 	3798
f 3747 	3827 	3830
f 3833 	3577 	3573
f 18 	19 	3816
f 3802 	3832 	3806
f 1358 	1383 	3834
f 3573 	3830 	3833
f 3417 	3416 	3880
f 3829 	3946 	3835
f 3828 	3832 	3802
f 3834 	1373 	1358
f 3832 	3836 	3806
f 3885 	3427 	3417
f 6896 	3815 	3831
f 3827 	3842 	3830
f 3837 	3809 	1373
f 3819 	3907 	3821
f 3834 	3837 	1373
f 3837 	3839 	3809
f 3755 	3875 	3827
f 3825 	3856 	3828
f 3837 	3854 	3839
f 3824 	3840 	3831
f 3852 	3854 	3837
f 3838 	3952 	3970
f 3838 	3970 	3841
f 3809 	3839 	3813
f 3830 	3845 	3833
f 3839 	3844 	3813
f 3831 	3840 	6905
f 3842 	3845 	3830
f 3843 	3847 	3651
f 3598 	3833 	3848
f 3814 	3844 	18
f 3840 	6929 	6905
f 1383 	1298 	3790
f 3845 	3848 	3833
f 3653 	3651 	3847
f 3831 	6905 	6896
f 3943 	3829 	3826
f 3790 	3834 	1383
f 3848 	3850 	3598
f 3847 	3851 	3653
f 3837 	3834 	3852
f 3817 	3849 	3853
f 3598 	3850 	3605
f 3943 	3946 	3829
f 3849 	3887 	3853
f 3907 	2556 	3821
f 3855 	3843 	3761
f 3817 	3853 	3820
f 3761 	3770 	3855
f 3820 	3853 	3857
f 3843 	3859 	3847
f 3820 	3857 	3823
f 3856 	3861 	3828
f 3463 	3823 	3468
f 3860 	3848 	3845
f 3916 	2560 	2562
f 3854 	3862 	3839
f 3857 	3468 	3823
f 3873 	3878 	3856
f 3863 	3782 	3858
f 3856 	3878 	3861
f 3871 	3858 	4071
f 3800 	3673 	3846
f 3828 	3861 	3832
f 5533 	3848 	3860
f 3861 	3866 	3832
f 3839 	3862 	3844
f 3864 	3371 	3368
f 3849 	3886 	3887
f 3862 	22 	3844
f 3850 	5537 	5531
f 3371 	3864 	3868
f 3832 	3866 	3836
f 3812 	3788 	3867
f 3855 	3859 	3843
f 3836 	3866 	4195
f 3412 	3411 	3869
f 3859 	3872 	3847
f 3869 	3411 	3868
f 3847 	3872 	3851
f 3416 	3412 	3876
f 3875 	3842 	3827
f 3858 	3877 	3863
f 3876 	3880 	3416
f 3870 	3865 	3599
f 3874 	6164 	6180
f 3858 	3871 	3877
f 3873 	4225 	3878
f 6180 	3817 	3874
f 3863 	3877 	3882
f 3808 	3881 	3883
f 3849 	3817 	6180
f 6180 	6149 	3849
f 3878 	4200 	3861
f 3884 	3773 	3800
f 3863 	3882 	3867
f 3881 	3999 	3883
f 3867 	3882 	3824
f 3885 	3417 	3880
f 3865 	3915 	3594
f 3883 	3889 	3875
f 3867 	3824 	3812
f 78 	22 	3862
f 3844 	22 	18
f 3865 	3594 	3599
f 3851 	3888 	3657
f 3875 	3889 	3842
f 3871 	3898 	3901
f 3609 	3870 	3599
f 3853 	3890 	3857
f 3888 	3891 	3658
f 3842 	3892 	3845
f 3853 	3887 	3890
f 3870 	3609 	3879
f 3889 	3892 	3842
f 3871 	3901 	3877
f 3892 	3860 	3845
f 3852 	3978 	3854
f 3908 	3882 	3877
f 3869 	3868 	4010
f 3881 	3818 	4092
f 3851 	3895 	3888
f 3886 	3894 	3887
f 3893 	3896 	3750
f 4010 	4021 	3869
f 3887 	3897 	3890
f 3887 	3894 	3897
f 4092 	3999 	3881
f 3880 	3876 	4023
f 3872 	3895 	3851
f 3890 	3897 	3562
f 3895 	3899 	3888
f 3753 	4292 	3758
f 3896 	4292 	3753
f 3879 	3611 	3884
f 3879 	3609 	3611
f 1298 	1434 	3903
f 3917 	3922 	1434
f 3888 	3899 	3891
f 3899 	3904 	3891
f 3903 	3790 	1298
f 3894 	3900 	3580
f 3903 	3906 	3790
f 3877 	3901 	3908
f 3745 	3580 	3900
f 3897 	3894 	3580
f 5593 	3860 	3892
f 3897 	3580 	3604
f 2556 	3907 	3910
f 5534 	3895 	3872
f 3912 	2556 	3910
f 3897 	3604 	3562
f 3903 	1434 	3922
f 3882 	3913 	3824
f 3640 	3646 	3914
f 3882 	3908 	3913
f 5536 	3899 	3895
f 3913 	3840 	3824
f 3900 	6850 	3745
f 2562 	3912 	3916
f 3911 	3643 	3915
f 3931 	3936 	3906
f 3914 	3646 	3924
f 1434 	1430 	3917
f 3893 	3902 	3896
f 3901 	4180 	3908
f 3810 	3902 	3893
f 3865 	3946 	3915
f 3923 	3920 	1199
f 3924 	3646 	3919
f 3923 	3929 	3920
f 3914 	3924 	3927
f 3940 	3929 	3923
f 3905 	3629 	3909
f 3905 	3627 	3629
f 3909 	3629 	3636
f 3114 	3100 	3925
f 4076 	3910 	4073
f 3907 	4073 	3910
f 3911 	3909 	3636
f 3927 	3778 	3914
f 4366 	4310 	3902
f 3930 	3571 	3566
f 3903 	3931 	3906
f 3924 	3919 	3932
f 3922 	3931 	3903
f 3538 	3561 	3935
f 3968 	3933 	3921
f 3643 	3911 	3636
f 3935 	3542 	3538
f 3594 	3915 	3643
f 2754 	3937 	2757
f 3950 	3931 	3922
f 3924 	3932 	3939
f 3921 	3933 	3938
f 3940 	3923 	3542
f 3932 	4051 	3939
f 3934 	3937 	2754
f 3940 	3542 	3935
f 3937 	3942 	2757
f 3924 	3939 	3927
f 3937 	3958 	3942
f 3921 	3938 	3925
f 3927 	3944 	3797
f 3953 	3958 	3937
f 3945 	3917 	1456
f 3927 	3939 	3944
f 3925 	3938 	3114
f 3943 	3826 	3941
f 2757 	3942 	2762
f 1456 	1468 	3945
f 3818 	3797 	3944
f 3947 	3922 	3917
f 3678 	3682 	3948
f 3938 	3124 	3114
f 3566 	3928 	3930
f 3945 	3947 	3917
f 3949 	3571 	3930
f 3947 	3950 	3922
f 3992 	3940 	3935
f 3678 	3948 	3934
f 3952 	3835 	3946
f 3948 	3953 	3934
f 4054 	3944 	3939
f 3121 	3938 	3933
f 1190 	3920 	3954
f 3931 	3955 	3936
f 3952 	3838 	3835
f 3934 	3953 	3937
f 3926 	4105 	2648
f 3121 	3933 	3951
f 3944 	4089 	3818
f 3427 	3885 	3959
f 3950 	3955 	3931
f 3954 	3957 	1191
f 3124 	3938 	3121
f 3955 	59 	3936
f 3930 	3928 	3960
f 3427 	3959 	3819
f 3929 	3961 	3920
f 3644 	3710 	3919
f 3959 	3907 	3819
f 3928 	3956 	3960
f 3962 	3949 	3930
f 3920 	3961 	3954
f 3961 	3964 	3954
f 3710 	3708 	3966
f 3936 	59 	102
f 4021 	4023 	3876
f 3960 	3962 	3930
f 3949 	3962 	3768
f 3954 	3964 	3957
f 3708 	3963 	3966
f 4317 	3947 	3945
f 3885 	4027 	4130
f 3949 	3768 	3730
f 4320 	3950 	3947
f 3929 	3976 	3961
f 3985 	3958 	3953
f 3865 	3952 	3946
f 3959 	4073 	3907
f 4000 	3997 	3958
f 3961 	3984 	3964
f 3972 	3948 	3682
f 3956 	3969 	3973
f 3906 	3852 	3790
f 3929 	3975 	3976
f 3864 	3368 	3569
f 3972 	3682 	3693
f 3974 	3846 	3841
f 3948 	3972 	3979
f 3906 	3978 	3852
f 3600 	4190 	3980
f 3854 	72 	3862
f 3967 	3932 	3919
f 3956 	3973 	3960
f 3978 	72 	3854
f 3960 	3973 	3982
f 3948 	3979 	3953
f 72 	78 	3862
f 3965 	3983 	3968
f 3906 	3936 	3978
f 3979 	3985 	3953
f 3965 	3977 	3983
f 3978 	102 	72
f 3976 	3984 	3961
f 3979 	4050 	3985
f 3560 	3980 	3981
f 4038 	3966 	3963
f 3936 	102 	3978
f 3983 	3933 	3968
f 3564 	3981 	3986
f 3935 	3561 	3987
f 3561 	3597 	3987
f 4000 	3958 	3985
f 3841 	3970 	3974
f 3967 	4041 	4044
f 3564 	3986 	3569
f 3846 	3974 	3800
f 3967 	4044 	3932
f 3987 	3992 	3935
f 3864 	3569 	3991
f 3971 	3988 	3993
f 3986 	3991 	3569
f 3884 	3800 	3974
f 3868 	3864 	4006
f 3693 	4043 	3972
f 3982 	3962 	3960
f 3975 	3929 	3940
f 3988 	4059 	3993
f 3962 	3982 	3782
f 3971 	3993 	3977
f 3992 	3975 	3940
f 3618 	3975 	3617
f 4006 	3864 	3991
f 3977 	3994 	3983
f 3782 	3982 	3858
f 3868 	4006 	4010
f 3977 	3993 	3994
f 3979 	4046 	4050
f 3941 	3911 	3943
f 3962 	3782 	3768
f 3976 	3975 	3618
f 3941 	3909 	3911
f 3983 	3994 	3951
f 3618 	3623 	3976
f 3943 	3911 	3915
f 3976 	3623 	3984
f 3996 	2105 	2119
f 3946 	3943 	3915
f 3983 	3951 	3933
f 3597 	3626 	3987
f 3958 	3997 	3942
f 4189 	4190 	3600
f 3818 	4089 	4092
f 4190 	4193 	3980
f 3992 	3987 	3630
f 2110 	3996 	3998
f 3973 	3969 	4069
f 3942 	3997 	3995
f 3626 	3630 	3987
f 3980 	4193 	3981
f 4071 	3982 	3973
f 3992 	3617 	3975
f 3997 	5116 	3995
f 3988 	4056 	4059
f 3952 	3865 	3870
f 3991 	3986 	4216
f 3883 	4001 	3889
f 3858 	3982 	4071
f 3957 	1253 	1191
f 3997 	4002 	5116
f 3999 	4001 	3883
f 4000 	4002 	3997
f 3952 	3870 	3970
f 3957 	4003 	1253
f 3970 	3870 	3879
f 4080 	3985 	4050
f 3996 	4020 	3998
f 3974 	3970 	3879
f 4080 	4000 	3985
f 4007 	3614 	3612
f 4080 	4085 	4000
f 1253 	4003 	1254
f 3879 	3884 	3974
f 4000 	4085 	4002
f 4003 	4011 	1254
f 3612 	4004 	4007
f 3889 	4005 	3892
f 4028 	4003 	3957
f 3614 	4007 	4012
f 4003 	4032 	4011
f 4025 	4007 	4004
f 4028 	4032 	4003
f 4001 	4005 	3889
f 3989 	2119 	2069
f 3693 	3656 	4015
f 4005 	5593 	3892
f 4008 	4030 	4014
f 3619 	3614 	4012
f 3656 	3711 	4015
f 1254 	4011 	1257
f 3996 	2119 	3990
f 4008 	4141 	4030
f 3619 	4012 	3928
f 4011 	4017 	1257
f 3989 	3990 	2119
f 2915 	2928 	4019
f 4018 	4015 	3711
f 3876 	3869 	4021
f 3736 	4018 	3711
f 4019 	4004 	2915
f 3990 	4020 	3996
f 4004 	4019 	4025
f 4020 	4026 	3998
f 3880 	4027 	3885
f 4023 	4027 	3880
f 3736 	3758 	4029
f 4028 	3957 	3964
f 4007 	4031 	4012
f 3998 	4026 	4009
f 4029 	4018 	3736
f 4026 	4033 	4009
f 3508 	4034 	3456
f 4025 	4031 	4007
f 4029 	4035 	4018
f 4030 	3971 	4014
f 4012 	4031 	3956
f 4011 	4036 	4017
f 4030 	3988 	3971
f 4030 	4040 	3988
f 4032 	4036 	4011
f 4292 	4298 	3758
f 4022 	4014 	3971
f 4036 	4037 	4017
f 4012 	3956 	3928
f 3963 	4628 	4038
f 3758 	4298 	4029
f 4022 	3971 	3977
f 3991 	4220 	4006
f 4022 	3977 	3965
f 4039 	4019 	2928
f 4041 	3967 	3966
f 2928 	2944 	4039
f 4017 	4037 	4024
f 4138 	4021 	4010
f 4039 	4042 	4019
f 4041 	3966 	4038
f 4034 	3508 	4016
f 3693 	4015 	4043
f 4045 	3456 	4034
f 3972 	4046 	3979
f 4019 	4042 	4025
f 4025 	4042 	4047
f 4046 	3972 	4043
f 4138 	4142 	4021
f 4021 	4142 	4023
f 4062 	4028 	3964
f 3951 	3142 	3121
f 3951 	4048 	3142
f 4025 	4047 	4031
f 4015 	4018 	4053
f 4031 	3969 	3956
f 4044 	4051 	3932
f 4031 	4047 	3969
f 4051 	4054 	3939
f 3177 	3142 	4048
f 4053 	4043 	4015
f 4032 	4074 	4036
f 4055 	4049 	2229
f 4056 	3988 	4040
f 4053 	4057 	4043
f 3912 	4078 	4082
f 4037 	4036 	4079
f 4113 	4039 	2944
f 4052 	4055 	2229
f 3912 	4082 	3916
f 4056 	4040 	4123
f 4055 	4058 	4049
f 4043 	4057 	4046
f 3916 	4082 	4060
f 4046 	4061 	4050
f 4089 	3944 	4054
f 4057 	4061 	4046
f 4060 	3918 	3916
f 3964 	3984 	4062
f 3926 	3918 	4099
f 4042 	4118 	4047
f 4053 	4018 	4035
f 4063 	3994 	3993
f 4065 	4032 	4028
f 3918 	4060 	4099
f 4053 	4066 	4057
f 3993 	4059 	4063
f 4105 	3926 	4099
f 4062 	4065 	4028
f 2239 	4086 	4052
f 4048 	3994 	4063
f 4053 	4035 	4066
f 4086 	2239 	4072
f 667 	4067 	4045
f 2652 	2648 	4111
f 4047 	4068 	3969
f 4038 	4064 	4041
f 3994 	4048 	3951
f 2525 	4067 	3286
f 4069 	3969 	4068
f 4041 	4064 	4070
f 2922 	2652 	4111
f 4052 	4157 	4055
f 629 	3286 	4067
f 4123 	4081 	4056
f 2525 	3286 	2527
f 4041 	4070 	4044
f 3973 	4069 	4071
f 4044 	4153 	4051
f 3959 	3885 	4130
f 4070 	4153 	4044
f 4035 	4597 	4066
f 3959 	4130 	4073
f 4065 	4074 	4032
f 4093 	4048 	4063
f 4597 	4610 	4066
f 4016 	656 	4034
f 3177 	4048 	4093
f 4078 	3912 	3910
f 4068 	4077 	4069
f 4074 	4079 	4036
f 3910 	4076 	4078
f 4034 	656 	4045
f 4068 	4075 	4077
f 662 	4045 	656
f 4069 	4077 	4083
f 4084 	4059 	4056
f 4100 	4083 	4077
f 667 	4045 	662
f 4080 	4119 	4085
f 4056 	4081 	4084
f 4069 	4083 	4071
f 4071 	4083 	3871
f 4059 	4084 	4087
f 4067 	667 	629
f 3984 	3651 	4062
f 4168 	4076 	4073
f 3623 	3651 	3984
f 3898 	3871 	4083
f 4080 	4050 	4090
f 3651 	3653 	4062
f 4059 	4087 	4063
f 4062 	3653 	4065
f 4093 	4063 	4087
f 4074 	4065 	3657
f 4129 	4094 	4075
f 3653 	3657 	4065
f 3657 	3658 	4074
f 4096 	4077 	4075
f 4075 	4094 	4096
f 4074 	3658 	4079
f 4095 	2253 	1020
f 753 	4098 	4091
f 4095 	4101 	4072
f 3658 	3662 	4079
f 4100 	4077 	4096
f 4102 	4084 	4081
f 4081 	4097 	4102
f 4089 	4054 	4103
f 4083 	4100 	3898
f 4084 	4102 	4106
f 4103 	4108 	4089
f 4072 	4101 	4086
f 4101 	4110 	4086
f 4485 	4106 	4102
f 4089 	4108 	4092
f 4013 	4109 	3299
f 4084 	4106 	4087
f 4092 	4116 	3999
f 3207 	4087 	4106
f 3299 	4016 	4013
f 4095 	1020 	3799
f 3207 	4093 	4087
f 3799 	3804 	4095
f 4093 	3207 	3190
f 7038 	7363 	4078
f 4095 	3804 	4101
f 2944 	3035 	4113
f 4172 	4108 	4103
f 4154 	4156 	4107
f 803 	4091 	4088
f 4039 	4115 	4042
f 4115 	4039 	4113
f 753 	4091 	803
f 4092 	4108 	4116
f 4104 	4098 	710
f 4060 	7372 	4099
f 4118 	4042 	4115
f 4050 	4061 	4090
f 4118 	4068 	4047
f 4104 	710 	716
f 4120 	3999 	4116
f 4109 	4104 	716
f 4373 	4117 	4122
f 4121 	4113 	3035
f 4090 	4119 	4080
f 4109 	720 	3299
f 4119 	4124 	4085
f 3999 	4120 	4001
f 3035 	3052 	4121
f 4005 	4001 	4126
f 4113 	4121 	4127
f 7376 	2922 	4111
f 4120 	4126 	4001
f 4114 	4079 	3662
f 4126 	5684 	4005
f 4113 	4127 	4115
f 4061 	4145 	4090
f 3662 	4131 	4114
f 4115 	4129 	4118
f 4090 	4151 	4119
f 4172 	4176 	4108
f 4145 	4151 	4090
f 4114 	4131 	4117
f 4115 	4127 	4129
f 4133 	3576 	3567
f 4006 	4135 	4010
f 4117 	4134 	4122
f 4075 	4118 	4129
f 4133 	3567 	4128
f 4116 	4136 	4120
f 4131 	4134 	4117
f 4256 	4137 	4132
f 4135 	4138 	4010
f 4066 	4140 	4057
f 4008 	4132 	4141
f 4176 	4136 	4116
f 4132 	4137 	4141
f 4118 	4075 	4068
f 4136 	5688 	4120
f 4057 	4140 	4061
f 4139 	4013 	3501
f 4140 	4145 	4061
f 3662 	4323 	4131
f 4143 	4121 	3052
f 4023 	4146 	4027
f 797 	800 	4112
f 3662 	3891 	4323
f 4120 	5688 	4126
f 4121 	4148 	4127
f 4023 	4142 	4146
f 4159 	4088 	4125
f 4143 	4148 	4121
f 4146 	4166 	4027
f 4137 	4147 	4149
f 4128 	4125 	4091
f 4127 	4148 	4150
f 4091 	4125 	4088
f 4128 	4091 	4098
f 4137 	4149 	4141
f 4027 	4166 	4130
f 4325 	4150 	4148
f 4128 	4098 	4133
f 4119 	4152 	4124
f 4141 	4149 	4040
f 4130 	4168 	4073
f 4133 	4104 	4139
f 4129 	4127 	4150
f 4133 	4098 	4104
f 4152 	4119 	4151
f 4051 	4155 	4054
f 4181 	4124 	4152
f 4129 	4150 	4094
f 4051 	4153 	4155
f 4141 	4040 	4030
f 4139 	4109 	4013
f 4155 	4103 	4054
f 4280 	4286 	4135
f 4139 	4104 	4109
f 4157 	4052 	4086
f 4134 	4158 	4122
f 4086 	4110 	4157
f 4147 	4144 	4184
f 4144 	4182 	4184
f 4122 	4158 	4154
f 4159 	3557 	3550
f 4154 	4162 	4156
f 4157 	4161 	4055
f 4158 	4162 	4154
f 3068 	4319 	4143
f 4159 	4125 	3557
f 4261 	4156 	4163
f 4162 	4163 	4156
f 4070 	4160 	4153
f 4055 	4161 	4058
f 4160 	4164 	4153
f 4322 	4148 	4143
f 4161 	4165 	4058
f 4081 	4123 	4217
f 4153 	4164 	4155
f 4158 	4330 	4162
f 4166 	4168 	4130
f 4155 	4169 	4103
f 4076 	4168 	4170
f 4157 	4112 	4161
f 4164 	4169 	4155
f 4110 	4112 	4157
f 4610 	4140 	4066
f 175 	4161 	4112
f 800 	175 	4112
f 4161 	175 	4165
f 4169 	4172 	4103
f 4140 	4613 	4145
f 4165 	179 	225
f 4100 	4173 	3898
f 175 	179 	4165
f 4151 	4145 	4617
f 3898 	4173 	4177
f 4613 	4617 	4145
f 4097 	4081 	4217
f 4152 	4151 	4621
f 4097 	4217 	4174
f 4617 	4621 	4151
f 4049 	2079 	2074
f 4116 	4108 	4176
f 4173 	4191 	4177
f 4142 	7058 	4146
f 3898 	4177 	3901
f 4180 	3901 	4177
f 4175 	6582 	4179
f 4166 	7450 	4168
f 3908 	4185 	3913
f 4763 	4181 	4152
f 4149 	4147 	4186
f 4152 	4621 	4763
f 4272 	4187 	4159
f 3908 	4180 	4185
f 4187 	4272 	4183
f 4169 	4203 	4172
f 4187 	4088 	4159
f 4186 	4147 	4184
f 4123 	4149 	4186
f 4167 	6574 	6578
f 4123 	4040 	4149
f 6578 	4171 	4167
f 2079 	4178 	3989
f 4049 	4178 	2079
f 4177 	4194 	4180
f 4178 	4197 	3989
f 4184 	4211 	4186
f 4178 	4206 	4197
f 4217 	4123 	4186
f 4164 	4198 	4169
f 4175 	6581 	6582
f 4193 	4214 	3981
f 4200 	3866 	3861
f 3989 	4197 	3990
f 4775 	4198 	4164
f 4201 	4020 	3990
f 4212 	4192 	4202
f 4188 	3728 	4252
f 4199 	4202 	4192
f 4198 	4203 	4169
f 4197 	4201 	3990
f 4177 	4191 	4194
f 4188 	4254 	4189
f 4200 	4205 	3866
f 4058 	4178 	4049
f 4107 	4156 	4196
f 4252 	4254 	4188
f 4183 	6559 	4187
f 4207 	4182 	4204
f 4254 	4260 	4189
f 3866 	4205 	4195
f 4172 	4208 	4176
f 4199 	4264 	4202
f 4190 	4189 	4260
f 4058 	4206 	4178
f 4206 	4210 	4197
f 4184 	4182 	4207
f 4205 	4209 	4195
f 4203 	4208 	4172
f 4208 	5749 	4176
f 4211 	4184 	4207
f 4192 	4212 	1638
f 4197 	4210 	4201
f 4212 	1345 	1638
f 3981 	4214 	3986
f 3878 	4229 	4200
f 4237 	4201 	199
f 4176 	5749 	4136
f 4210 	199 	4201
f 4186 	4211 	4217
f 4215 	1345 	4212
f 4214 	4216 	3986
f 4226 	4215 	4212
f 5749 	5755 	4136
f 3991 	4216 	4220
f 4165 	4206 	4058
f 4209 	4205 	4255
f 4165 	225 	4206
f 4209 	4259 	4673
f 4204 	4397 	4221
f 4255 	4259 	4209
f 4198 	4787 	5847
f 4204 	4223 	4207
f 4220 	4135 	4006
f 4212 	4202 	4226
f 225 	228 	4210
f 4204 	4221 	4223
f 4225 	4229 	3878
f 4227 	4193 	4190
f 4207 	4223 	4231
f 4215 	4228 	4219
f 4223 	4577 	4231
f 7005 	4194 	7008
f 4226 	4228 	4215
f 4227 	4190 	4260
f 4228 	4233 	4219
f 4193 	4227 	4234
f 4180 	7005 	4185
f 4207 	4231 	4211
f 4201 	4237 	4020
f 4200 	4236 	4205
f 4211 	4231 	4174
f 4020 	4237 	4026
f 4229 	4236 	4200
f 4239 	4033 	4026
f 4309 	4240 	4191
f 4193 	4234 	4214
f 4236 	4255 	4205
f 4191 	4275 	4309
f 4167 	4307 	4235
f 4211 	4174 	4217
f 4237 	4239 	4026
f 4191 	4240 	7007
f 197 	4033 	4239
f 4235 	6574 	4167
f 7007 	4194 	4191
f 4033 	197 	620
f 4276 	4220 	4216
f 4225 	4244 	4229
f 197 	434 	620
f 4572 	4223 	4221
f 4242 	4244 	4225
f 4220 	4280 	4135
f 4237 	201 	4239
f 4239 	206 	197
f 4218 	6694 	4222
f 4247 	4094 	4150
f 4230 	4224 	6655
f 4232 	4248 	4238
f 4247 	4150 	4325
f 201 	206 	4239
f 3728 	4250 	4252
f 4094 	4247 	4253
f 4266 	4277 	4226
f 4242 	2963 	4244
f 4226 	4277 	4228
f 4210 	4206 	225
f 4253 	4096 	4094
f 4096 	4257 	4100
f 4238 	4248 	4282
f 4257 	4096 	4253
f 4261 	4196 	4156
f 3643 	4307 	4258
f 4173 	4100 	4257
f 4196 	4261 	4199
f 3594 	4258 	4263
f 4244 	4262 	4229
f 4282 	4241 	4238
f 4243 	4241 	4288
f 4258 	4171 	4263
f 4261 	4264 	4199
f 4257 	4271 	4275
f 4229 	4262 	4236
f 4275 	4173 	4257
f 4236 	4265 	4255
f 4267 	3609 	3599
f 4362 	4252 	4250
f 4325 	4268 	4247
f 418 	4009 	586
f 4262 	4265 	4236
f 4267 	3599 	4263
f 4362 	4367 	4252
f 4265 	4283 	4255
f 3998 	4009 	418
f 4270 	3609 	4267
f 4247 	4269 	4253
f 4281 	4251 	4249
f 4252 	4367 	4254
f 601 	586 	4009
f 4009 	4033 	601
f 4247 	4268 	4269
f 4254 	4372 	4260
f 4285 	4251 	4281
f 4255 	4283 	4259
f 4253 	4269 	4271
f 620 	601 	4033
f 4256 	4251 	4285
f 4283 	4284 	4259
f 4272 	3611 	4270
f 4227 	4260 	4411
f 4256 	4285 	4137
f 4159 	3550 	4272
f 4266 	4226 	4202
f 4234 	4273 	4214
f 4262 	4244 	2969
f 4257 	4253 	4271
f 4307 	4167 	4258
f 2963 	2969 	4244
f 4214 	4273 	4216
f 4264 	4266 	4202
f 2969 	2999 	4262
f 4258 	4167 	4171
f 4279 	4249 	4246
f 4101 	4278 	4110
f 2999 	4265 	4262
f 4271 	4309 	4275
f 4263 	4171 	4175
f 4246 	4274 	4279
f 4273 	4276 	4216
f 3001 	4283 	4265
f 3804 	4278 	4101
f 4276 	4280 	4220
f 4275 	4191 	4173
f 4175 	4267 	4263
f 4110 	4278 	797
f 4175 	4179 	4267
f 802 	797 	4278
f 4281 	4249 	4279
f 4267 	4179 	4270
f 4110 	797 	4112
f 4270 	4183 	4272
f 4301 	4281 	4279
f 4270 	4179 	4183
f 4138 	4135 	4286
f 4268 	4302 	4269
f 3804 	3816 	4278
f 4142 	4138 	4287
f 3001 	3005 	4283
f 4283 	3005 	4284
f 4306 	4271 	4269
f 3816 	802 	4278
f 4286 	4287 	4138
f 3005 	3032 	4284
f 4241 	4282 	4288
f 4309 	4271 	4306
f 4287 	7058 	4142
f 2593 	4293 	2520
f 4293 	4340 	2520
f 4274 	4290 	4295
f 3627 	4291 	4296
f 4163 	4297 	4261
f 4261 	4297 	4264
f 4274 	4295 	4279
f 4296 	3629 	3627
f 4299 	4293 	2593
f 4302 	4268 	4294
f 4300 	3636 	3629
f 4279 	4295 	4301
f 2593 	2603 	4299
f 4299 	4303 	4293
f 4281 	4144 	4285
f 4298 	4304 	4029
f 4300 	3629 	4296
f 4299 	4311 	4303
f 4266 	6011 	4277
f 4312 	4298 	4292
f 4281 	4301 	4144
f 3636 	4300 	4307
f 4285 	4147 	4137
f 4312 	4313 	4298
f 4298 	4313 	4304
f 4285 	4144 	4147
f 4029 	4304 	4035
f 4269 	4302 	4306
f 4308 	4299 	2603
f 4307 	3643 	3636
f 2603 	2621 	4308
f 4280 	659 	4286
f 3896 	3902 	4310
f 4308 	4311 	4299
f 4310 	4292 	3896
f 4222 	4291 	4289
f 4289 	4218 	4222
f 4291 	4224 	4296
f 2621 	4391 	4394
f 4302 	4294 	4390
f 4310 	4312 	4292
f 4222 	4224 	4291
f 4305 	4243 	4288
f 4296 	4224 	4230
f 2621 	4394 	4308
f 4394 	4399 	4308
f 4296 	4230 	4300
f 4308 	4399 	4311
f 4395 	4306 	4302
f 4245 	4243 	4305
f 4300 	4235 	4307
f 4398 	4309 	4306
f 4300 	4230 	4235
f 4314 	3665 	169
f 4315 	3945 	1468
f 4245 	4305 	3679
f 543 	4314 	169
f 1468 	2644 	4315
f 4315 	4317 	3945
f 4319 	3068 	3175
f 3660 	4245 	3679
f 3947 	4317 	4320
f 3670 	4458 	3676
f 4316 	4327 	4321
f 4320 	1766 	3950
f 4458 	4461 	3676
f 4246 	6936 	4321
f 4324 	4134 	4131
f 3676 	4461 	3681
f 4382 	4288 	4282
f 4131 	4323 	4324
f 1766 	3955 	3950
f 4143 	4319 	4322
f 4325 	4148 	4322
f 4305 	4288 	4339
f 4324 	4326 	4134
f 4315 	4333 	4317
f 4314 	4469 	4318
f 4313 	4328 	4304
f 4321 	4327 	4274
f 4326 	4158 	4134
f 4326 	4330 	4158
f 4329 	4319 	3175
f 4335 	1770 	4320
f 1770 	1766 	4320
f 4321 	4274 	4246
f 3175 	3196 	4329
f 3663 	4529 	3769
f 4331 	2644 	2508
f 4319 	4329 	4332
f 4327 	4344 	4358
f 4327 	4290 	4274
f 2644 	4331 	4315
f 4305 	4343 	3679
f 4327 	4358 	4290
f 4343 	4305 	4339
f 4331 	4333 	4315
f 4329 	4364 	4332
f 4320 	4317 	4335
f 3891 	3904 	4323
f 4333 	4335 	4317
f 4322 	4319 	4332
f 4322 	4332 	4337
f 4323 	6087 	4324
f 4339 	4288 	4382
f 4332 	4371 	4337
f 3904 	6087 	4323
f 4331 	2508 	4340
f 3792 	4342 	3794
f 4322 	4337 	4325
f 4334 	4338 	4344
f 6090 	4326 	4324
f 2508 	2520 	4340
f 4336 	4342 	3792
f 4340 	4346 	4331
f 4343 	3706 	3679
f 4325 	4337 	4268
f 4326 	6092 	4330
f 3196 	3216 	4348
f 6090 	6092 	4326
f 6092 	6125 	4330
f 4316 	4334 	4344
f 4331 	4346 	4333
f 4339 	4349 	4343
f 4333 	4350 	4335
f 4327 	4316 	4344
f 4339 	4347 	4349
f 4346 	4350 	4333
f 4348 	4329 	3196
f 4335 	1829 	1770
f 4343 	4353 	3706
f 5005 	4352 	4338
f 4350 	1829 	4335
f 4343 	4349 	4353
f 4353 	3963 	3706
f 4662 	4351 	4355
f 4338 	4352 	4356
f 5076 	4289 	4351
f 4313 	4579 	4328
f 4338 	4356 	4344
f 4357 	1499 	4354
f 3794 	4342 	4359
f 4357 	4360 	1506
f 4344 	4356 	4358
f 4373 	4357 	4354
f 4357 	4376 	4360
f 4359 	4250 	3794
f 4361 	3902 	3810
f 4350 	1903 	1829
f 1506 	4360 	1509
f 3810 	3836 	4361
f 4364 	4329 	4348
f 4361 	4366 	3902
f 4363 	4346 	4340
f 1607 	1509 	4365
f 4359 	4362 	4250
f 4365 	1509 	4360
f 4363 	4340 	4293
f 4363 	4369 	4346
f 4024 	4037 	4370
f 4363 	4379 	4369
f 4195 	4361 	3836
f 4370 	4354 	4024
f 4369 	4350 	4346
f 4358 	4374 	4290
f 4371 	4332 	4364
f 4370 	4373 	4354
f 5076 	4351 	4345
f 4337 	4371 	4294
f 4350 	4369 	1903
f 4372 	4254 	4367
f 4310 	4375 	4312
f 1921 	1903 	4369
f 4372 	4411 	4260
f 4355 	4351 	4289
f 4290 	4377 	4295
f 4282 	4248 	4378
f 4293 	4303 	4363
f 4355 	4291 	3627
f 4355 	4289 	4291
f 4294 	4268 	4337
f 4248 	4368 	4378
f 4376 	4357 	4373
f 4303 	4379 	4363
f 4107 	4360 	4376
f 4290 	4374 	4377
f 4382 	4282 	4378
f 4383 	4295 	4377
f 4369 	4379 	1921
f 4384 	4379 	4303
f 4154 	4107 	4376
f 4377 	4397 	4383
f 4365 	4360 	4107
f 4383 	4301 	4295
f 4384 	4303 	4311
f 4107 	4196 	4365
f 4384 	1948 	4379
f 4182 	4301 	4383
f 4384 	2181 	1948
f 4359 	4614 	4362
f 4384 	2180 	2181
f 4422 	4371 	4364
f 4182 	4383 	4204
f 4114 	4370 	4037
f 4378 	4368 	4386
f 4379 	1948 	1921
f 4388 	4382 	4378
f 4037 	4079 	4114
f 4182 	4144 	4301
f 4370 	4117 	4373
f 4386 	4388 	4378
f 4391 	2621 	2613
f 4382 	4388 	4347
f 4114 	4117 	4370
f 4380 	4392 	4381
f 4391 	2613 	2763
f 4374 	4389 	4393
f 4390 	4294 	4429
f 4302 	4390 	4395
f 4376 	4373 	4122
f 4389 	4405 	4393
f 4382 	4347 	4339
f 4387 	4392 	4380
f 4412 	4234 	4227
f 4389 	4403 	4405
f 4122 	4154 	4376
f 4391 	4408 	4394
f 4392 	4396 	4381
f 4404 	4408 	4391
f 4374 	4393 	4377
f 4397 	4377 	4393
f 4306 	4395 	4398
f 4400 	1607 	4365
f 4365 	4196 	4400
f 4386 	4526 	4388
f 7137 	4309 	4398
f 1613 	1607 	4400
f 4204 	4383 	4397
f 4273 	4419 	4276
f 1638 	1613 	4192
f 4192 	1613 	4400
f 4429 	4402 	4390
f 4388 	4531 	4347
f 4341 	4718 	4401
f 4395 	4390 	7275
f 2763 	2774 	4404
f 4400 	4199 	4192
f 7275 	4390 	4402
f 4196 	4199 	4400
f 4391 	2763 	4404
f 4393 	4407 	4397
f 5052 	4387 	4385
f 4394 	4409 	4399
f 4387 	5056 	4392
f 4393 	4405 	4407
f 5052 	5056 	4387
f 4397 	4407 	4221
f 4408 	4409 	4394
f 4406 	4432 	4410
f 3216 	3341 	4413
f 4396 	5011 	4401
f 4412 	4227 	4411
f 3341 	4436 	4413
f 2774 	4423 	4404
f 4413 	4348 	3216
f 4234 	4415 	4273
f 4410 	4435 	4414
f 4410 	4432 	4435
f 2774 	2831 	4423
f 4417 	2669 	2661
f 4416 	4364 	4348
f 4412 	4415 	4234
f 4403 	4708 	4405
f 4415 	4419 	4273
f 4405 	4725 	4407
f 2661 	4219 	4417
f 4348 	4413 	4416
f 4408 	4431 	4409
f 4422 	4364 	4416
f 4417 	4421 	2669
f 4417 	6237 	4421
f 4425 	4352 	5016
f 4423 	4426 	4404
f 6235 	2693 	4421
f 4429 	4371 	4422
f 4428 	4356 	4352
f 4447 	4422 	4416
f 4219 	4233 	4417
f 4404 	4426 	4408
f 4352 	4425 	4428
f 4233 	6237 	4417
f 4426 	4431 	4408
f 4294 	4371 	4429
f 4356 	4428 	4433
f 2831 	2835 	4437
f 4428 	4451 	4452
f 4372 	4659 	4411
f 4437 	4423 	2831
f 4414 	4438 	4420
f 4433 	4358 	4356
f 4659 	4663 	4411
f 4374 	4358 	4433
f 4423 	4439 	4426
f 4413 	4436 	4440
f 4452 	4433 	4428
f 4435 	4438 	4414
f 4411 	4663 	4412
f 4420 	4438 	4442
f 4374 	4433 	4389
f 4423 	4437 	4439
f 4434 	4444 	4511
f 4439 	4445 	4426
f 4443 	4415 	4412
f 4441 	109 	4460
f 4416 	4413 	4440
f 4420 	4442 	4232
f 4426 	4445 	4431
f 4416 	4440 	4447
f 4442 	4248 	4232
f 2246 	2233 	4445
f 4449 	4429 	4422
f 4425 	4451 	4428
f 4425 	4446 	4451
f 4450 	4437 	2835
f 747 	750 	4443
f 4449 	4422 	4447
f 204 	4441 	4497
f 2835 	2846 	4450
f 4429 	4449 	4402
f 4450 	4453 	4437
f 4520 	252 	4497
f 4433 	4452 	4389
f 4450 	4482 	4453
f 252 	204 	4497
f 5416 	4427 	5414
f 5416 	5417 	4427
f 5417 	7696 	4427
f 4439 	4437 	4453
f 4427 	3447 	4430
f 4453 	4455 	4439
f 4436 	3384 	4466
f 4446 	4454 	4456
f 4368 	4248 	4442
f 2547 	258 	4540
f 4439 	4455 	4445
f 4444 	4434 	5038
f 2656 	2547 	4540
f 4318 	4458 	3670
f 4446 	4456 	4451
f 4451 	4456 	4462
f 4460 	5723 	4470
f 4474 	4432 	4459
f 4448 	5046 	4385
f 4451 	4462 	4452
f 4403 	4389 	4452
f 4403 	4452 	4462
f 4442 	4438 	4480
f 729 	4314 	543
f 2180 	4384 	4311
f 3384 	3400 	4466
f 4368 	4442 	4480
f 2180 	4311 	4399
f 4436 	4466 	4471
f 4399 	4409 	2196
f 4466 	7368 	4471
f 4466 	7366 	7368
f 4431 	2233 	4409
f 4469 	4314 	729
f 4436 	4471 	4440
f 2196 	2180 	4399
f 4469 	4473 	4318
f 4441 	4460 	4470
f 2196 	4409 	2233
f 4459 	4490 	4474
f 4432 	4474 	4435
f 4469 	4506 	4473
f 4431 	4445 	2233
f 4474 	4476 	4435
f 4445 	2223 	2246
f 4458 	4318 	4473
f 2223 	4445 	4455
f 4458 	4477 	4461
f 4435 	4476 	4438
f 4447 	7358 	4449
f 7290 	4449 	7358
f 4478 	4097 	4174
f 4475 	4479 	4463
f 4465 	4491 	4467
f 4438 	4476 	4480
f 4473 	4477 	4458
f 4465 	4487 	4491
f 2846 	3095 	4450
f 7366 	4466 	3400
f 4477 	4464 	4461
f 4481 	4102 	4097
f 4494 	4470 	4467
f 3095 	4482 	4450
f 4481 	4097 	4478
f 4453 	4484 	4455
f 4461 	4464 	4457
f 4485 	4102 	4481
f 4471 	7368 	7370
f 4482 	4484 	4453
f 6674 	6701 	4483
f 4479 	4475 	4427
f 4479 	4430 	4486
f 4490 	4459 	4483
f 3095 	3106 	4489
f 4427 	4430 	4479
f 3218 	3207 	4106
f 4489 	4482 	3095
f 4106 	4485 	3218
f 4489 	4492 	4482
f 4467 	4491 	4494
f 4474 	4495 	4476
f 4482 	4492 	4484
f 4478 	4493 	4496
f 3365 	4472 	4468
f 4492 	4523 	4484
f 4470 	4497 	4441
f 4490 	4495 	4474
f 4508 	4477 	4473
f 3365 	4424 	4472
f 4470 	4494 	4497
f 4476 	4495 	4499
f 4477 	4501 	4464
f 4478 	4496 	4481
f 4472 	4424 	4475
f 4476 	4499 	4480
f 4481 	4500 	4485
f 3106 	3133 	4503
f 4469 	729 	4504
f 4480 	4505 	4368
f 4513 	4491 	4487
f 4427 	4475 	4424
f 4481 	4496 	4500
f 4480 	4499 	4505
f 4503 	4489 	3106
f 4485 	4500 	3257
f 4505 	4386 	4368
f 738 	4504 	729
f 4504 	4506 	4469
f 3351 	3257 	4522
f 4500 	4522 	3257
f 4494 	4517 	4520
f 4430 	4434 	4486
f 4503 	4528 	4489
f 4502 	4997 	4488
f 4494 	4520 	4497
f 4619 	4515 	4599
f 4506 	4508 	4473
f 4498 	4509 	4502
f 4588 	4490 	4483
f 4490 	4588 	4557
f 4496 	4522 	4500
f 4507 	4509 	4498
f 4487 	4510 	4513
f 3133 	3223 	4549
f 4509 	4514 	4502
f 4490 	4557 	4495
f 4503 	4551 	4528
f 4508 	4501 	4477
f 4493 	4599 	4515
f 3223 	4559 	4549
f 4502 	4514 	4997
f 4493 	4515 	4518
f 4517 	4494 	4491
f 738 	787 	4504
f 4455 	4484 	4519
f 4619 	4623 	4515
f 4515 	4527 	4518
f 4517 	4491 	4513
f 4455 	4519 	2223
f 4493 	4518 	4496
f 4517 	4540 	4520
f 4496 	4518 	4522
f 4642 	4644 	4507
f 4505 	4524 	4386
f 4519 	4484 	4523
f 4505 	4563 	4524
f 4521 	4380 	4904
f 4507 	4644 	4509
f 3402 	4519 	4523
f 4528 	4492 	4489
f 3663 	4457 	4529
f 4386 	4524 	4526
f 4510 	4582 	4530
f 4527 	4515 	4525
f 4531 	4388 	4526
f 4518 	4527 	4533
f 4528 	4532 	4492
f 3769 	4534 	3789
f 4511 	4444 	4512
f 4510 	4530 	4513
f 4529 	4534 	3769
f 4528 	4555 	4532
f 4512 	4448 	4516
f 4513 	4530 	4536
f 4534 	4336 	3789
f 4532 	4523 	4492
f 4444 	4448 	4512
f 4530 	2653 	4536
f 4518 	4533 	4522
f 4521 	4516 	4385
f 4537 	4529 	4457
f 3351 	4522 	3352
f 4533 	3352 	4522
f 4532 	3431 	4523
f 4536 	4517 	4513
f 4347 	4531 	4620
f 4457 	4464 	4537
f 4448 	4385 	4516
f 4537 	4541 	4529
f 4540 	4517 	4536
f 4520 	258 	252
f 4523 	3431 	3402
f 4385 	4387 	4521
f 4520 	4540 	258
f 4521 	4387 	4380
f 4548 	4552 	4538
f 4529 	4541 	4534
f 4527 	4525 	4542
f 4525 	4539 	4542
f 4534 	4544 	4336
f 4527 	4542 	4546
f 4532 	3462 	3431
f 4347 	4620 	4349
f 4541 	4544 	4534
f 4535 	4545 	4548
f 4555 	3462 	4532
f 2653 	4530 	2650
f 4536 	2653 	2656
f 4527 	4546 	4533
f 4536 	2656 	4540
f 3354 	4533 	4546
f 4503 	4549 	4551
f 4535 	4548 	4538
f 4547 	4550 	4418
f 4549 	4562 	4551
f 4591 	4538 	4552
f 4551 	4555 	4528
f 4611 	4359 	4342
f 6159 	4542 	4539
f 4556 	4545 	5585
f 5837 	4554 	4487
f 4499 	4495 	4558
f 4543 	4463 	4479
f 4479 	4486 	4543
f 4543 	4486 	4547
f 4545 	4556 	4561
f 4558 	4495 	4557
f 4547 	4511 	4550
f 4499 	4558 	4563
f 4486 	4511 	4547
f 4553 	4550 	4512
f 4546 	3874 	3354
f 4559 	4562 	4549
f 4562 	4565 	4551
f 4545 	4561 	4548
f 4566 	4221 	4407
f 4511 	4512 	4550
f 4499 	4563 	4505
f 5970 	4564 	4554
f 4512 	4516 	4553
f 4548 	4567 	4552
f 4554 	4564 	4487
f 4510 	4487 	4564
f 4486 	4434 	4511
f 4565 	4555 	4551
f 4310 	4366 	4375
f 4557 	4568 	4558
f 4572 	4221 	4566
f 4501 	4571 	4464
f 4375 	4573 	4312
f 4501 	5618 	4571
f 4565 	3475 	4555
f 4561 	4567 	4548
f 4464 	4571 	4537
f 4537 	4575 	4541
f 4571 	4575 	4537
f 4555 	3475 	3462
f 4541 	4578 	4544
f 4573 	4313 	4312
f 4585 	4559 	3237
f 4577 	4223 	4572
f 4575 	4578 	4541
f 4573 	4579 	4313
f 4231 	4580 	4174
f 5973 	4576 	4560
f 4560 	4581 	4564
f 4931 	4524 	4563
f 4562 	4559 	4587
f 4580 	4231 	4577
f 4560 	4576 	4581
f 4478 	4174 	4580
f 4564 	4581 	4582
f 3487 	3475 	4565
f 4575 	4592 	4578
f 4715 	4720 	4556
f 3237 	3261 	4585
f 4570 	4574 	4584
f 5576 	5618 	4501
f 4585 	4587 	4559
f 4483 	4583 	4588
f 4583 	4602 	4588
f 4667 	4573 	4375
f 4566 	4590 	4572
f 4609 	4587 	4585
f 4566 	4586 	4590
f 4587 	4593 	4562
f 4572 	4590 	4595
f 4573 	4691 	4579
f 4590 	4657 	4595
f 4691 	4693 	4579
f 4562 	4593 	4565
f 4572 	4595 	4577
f 4304 	4597 	4035
f 4577 	4595 	4599
f 4593 	3487 	4565
f 5542 	4504 	787
f 6835 	4601 	4583
f 4328 	4597 	4304
f 4564 	4582 	4510
f 4585 	4607 	4609
f 4602 	4583 	4601
f 4508 	5576 	4501
f 4588 	4602 	4605
f 4598 	4594 	4744
f 4579 	4603 	4328
f 4600 	4502 	4488
f 4964 	4602 	4601
f 4573 	4667 	4691
f 4577 	4599 	4580
f 4588 	4605 	4557
f 3261 	3524 	4607
f 4580 	4493 	4478
f 4605 	4568 	4557
f 4591 	4606 	4596
f 4693 	4603 	4579
f 4599 	4493 	4580
f 4336 	4544 	4608
f 4591 	4552 	4606
f 4607 	4585 	3261
f 4601 	4962 	4964
f 4606 	4498 	4596
f 4732 	4636 	4586
f 4693 	4696 	4603
f 4336 	4608 	4342
f 4608 	4611 	4342
f 4606 	4507 	4498
f 4586 	4636 	4650
f 4615 	4507 	4606
f 4607 	4627 	4609
f 4569 	2714 	4576
f 4608 	4633 	4611
f 4629 	4633 	4608
f 4569 	2711 	2714
f 4650 	4590 	4586
f 4576 	2714 	2716
f 4596 	4498 	4600
f 4609 	4612 	4587
f 4600 	4498 	4502
f 4613 	4140 	4610
f 4609 	4632 	4612
f 4576 	2716 	4581
f 4567 	4615 	4552
f 4657 	4599 	4595
f 4587 	4612 	4593
f 4581 	2716 	2718
f 4611 	4614 	4359
f 4628 	3963 	4353
f 4593 	4616 	3487
f 4362 	4614 	4618
f 4615 	4606 	4552
f 4581 	2718 	4582
f 4612 	4616 	4593
f 4599 	4657 	4619
f 4616 	3781 	3487
f 4582 	2718 	2650
f 3524 	3541 	4622
f 2650 	4530 	4582
f 4624 	4353 	4349
f 4362 	4618 	4367
f 4525 	4515 	4623
f 6479 	2711 	4569
f 4626 	4597 	4328
f 4622 	4607 	3524
f 4349 	4620 	4624
f 4622 	4627 	4607
f 4353 	4624 	4628
f 4623 	4625 	4539
f 4597 	4626 	4610
f 4629 	4544 	4578
f 4610 	4630 	4613
f 4623 	4539 	4525
f 4629 	4608 	4544
f 4610 	4626 	4630
f 4630 	4634 	4613
f 4627 	4632 	4609
f 4632 	4635 	4612
f 4633 	4637 	4611
f 4613 	4634 	4617
f 4612 	4635 	4616
f 4620 	4638 	4624
f 4617 	4774 	4621
f 4624 	4640 	4628
f 4624 	4638 	4640
f 4637 	4614 	4611
f 4615 	4642 	4507
f 4635 	3798 	4616
f 4628 	4643 	4038
f 4628 	4640 	4643
f 3578 	4622 	3541
f 4641 	811 	789
f 4643 	4064 	4038
f 4603 	4649 	4626
f 4622 	3578 	4627
f 4649 	4630 	4626
f 4594 	4738 	4744
f 4630 	4652 	4634
f 4627 	4655 	4632
f 4642 	4679 	4644
f 4641 	1438 	811
f 4700 	4704 	4629
f 4638 	4645 	4640
f 4629 	4704 	4633
f 4640 	4645 	4646
f 5654 	1438 	4641
f 4626 	4328 	4603
f 4644 	4648 	4509
f 4603 	4696 	4649
f 4633 	4714 	4637
f 4640 	4646 	4643
f 3941 	3826 	4604
f 4509 	4648 	4514
f 4649 	4652 	4630
f 4651 	4627 	3578
f 4654 	4064 	4643
f 4651 	4655 	4627
f 4774 	4634 	4799
f 4367 	4656 	4372
f 4643 	4646 	4654
f 4618 	4656 	4367
f 4657 	4590 	4650
f 4632 	4672 	4635
f 4642 	4639 	4675
f 4655 	4672 	4632
f 4653 	4658 	4662
f 4661 	4361 	4195
f 4656 	4659 	4372
f 4796 	4660 	4636
f 4195 	4209 	4661
f 4642 	4675 	4679
f 4361 	4661 	4366
f 4636 	4664 	4650
f 4689 	4651 	3578
f 4366 	4665 	4375
f 4644 	4682 	4648
f 4661 	4665 	4366
f 4679 	4682 	4644
f 4636 	4660 	4664
f 4651 	4695 	4655
f 4663 	4443 	4412
f 4797 	4647 	646
f 4667 	4375 	4665
f 4614 	4668 	4618
f 4695 	4651 	4689
f 4526 	4524 	4669
f 4637 	4668 	4614
f 4647 	851 	646
f 4618 	4671 	4656
f 4647 	857 	851
f 4209 	4673 	4661
f 4669 	4524 	4931
f 4650 	4664 	4674
f 4670 	4675 	4639
f 4631 	4670 	4750
f 4676 	4526 	4669
f 4661 	4673 	4665
f 4670 	4685 	4675
f 4668 	4671 	4618
f 4664 	4687 	4674
f 3905 	4666 	3627
f 4671 	4678 	4656
f 4672 	3825 	4635
f 4631 	4685 	4670
f 4669 	4684 	4676
f 4665 	4677 	4667
f 4650 	4674 	4657
f 4531 	4526 	4676
f 4673 	4677 	4665
f 4619 	4657 	4623
f 4674 	4623 	4657
f 4705 	3825 	4672
f 4678 	4659 	4656
f 4635 	3825 	3798
f 4620 	4531 	4681
f 724 	4663 	4659
f 4681 	4531 	4676
f 4722 	4341 	4345
f 4681 	4638 	4620
f 4660 	4680 	4683
f 4946 	4669 	4931
f 4345 	4658 	4722
f 4678 	724 	4659
f 724 	747 	4663
f 4677 	4673 	4728
f 4658 	4351 	4662
f 4655 	4698 	4672
f 4660 	4683 	4664
f 4345 	4351 	4658
f 4259 	4728 	4673
f 4675 	4686 	4679
f 4663 	747 	4443
f 4684 	4669 	4946
f 4687 	4664 	4683
f 4676 	4684 	4688
f 4674 	4625 	4623
f 4677 	4728 	4731
f 4685 	4686 	4675
f 4674 	4687 	4625
f 4686 	4690 	4679
f 4355 	4666 	4662
f 4689 	3578 	3674
f 4676 	4688 	4681
f 3627 	4666 	4355
f 4681 	4692 	4638
f 4679 	4690 	4682
f 4681 	4688 	4692
f 4712 	4717 	4689
f 4692 	4645 	4638
f 4655 	4695 	4698
f 4667 	4677 	4699
f 5123 	4685 	4631
f 741 	766 	4678
f 4683 	6487 	4687
f 4688 	4706 	4713
f 4677 	4731 	4699
f 5123 	5126 	4685
f 4700 	4629 	4578
f 4713 	4692 	4688
f 4695 	4723 	4698
f 4685 	5126 	4686
f 6470 	4625 	4687
f 4699 	4691 	4667
f 4699 	4702 	4691
f 4700 	4578 	4592
f 4705 	4672 	4698
f 4698 	4726 	4705
f 4691 	4702 	4693
f 4706 	4688 	4684
f 4703 	4403 	4462
f 4693 	4707 	4696
f 4708 	4403 	4703
f 4702 	4707 	4693
f 3825 	4705 	3856
f 4647 	4880 	857
f 4633 	4704 	4714
f 4707 	4709 	4696
f 4647 	4866 	4880
f 4917 	4710 	4694
f 4712 	4689 	3674
f 4712 	3674 	3727
f 4381 	4710 	4917
f 4710 	4718 	4694
f 4880 	789 	857
f 4716 	4668 	4637
f 4645 	4692 	4803
f 4719 	1384 	1378
f 4714 	4716 	4637
f 4694 	4718 	4697
f 4716 	4721 	4668
f 4811 	4645 	4803
f 4697 	4722 	4701
f 4695 	4689 	4717
f 4720 	4561 	4556
f 4717 	4723 	4695
f 4697 	4718 	4722
f 4701 	4658 	4653
f 1378 	5181 	4719
f 4668 	4721 	4671
f 4719 	1217 	1384
f 4701 	4722 	4658
f 4561 	4724 	4567
f 741 	4678 	4671
f 4725 	4405 	4708
f 4381 	4396 	4710
f 4721 	741 	4671
f 4720 	4724 	4561
f 4710 	4401 	4718
f 4723 	4726 	4698
f 4710 	4396 	4401
f 4566 	4407 	4725
f 4705 	3873 	3856
f 4726 	3873 	4705
f 4341 	4722 	4718
f 4703 	4729 	4708
f 5689 	4704 	4700
f 3727 	3749 	4712
f 4703 	4727 	4729
f 3749 	4737 	4712
f 4708 	4729 	4732
f 4730 	1217 	4719
f 4712 	4737 	4717
f 4740 	4715 	4711
f 4811 	4646 	4645
f 4699 	4733 	4702
f 1270 	4730 	1281
f 4733 	4699 	4731
f 4697 	4701 	4574
f 4747 	4750 	4720
f 4733 	4734 	4702
f 4574 	4701 	4584
f 4750 	4724 	4720
f 806 	741 	4721
f 4730 	5208 	1281
f 4653 	4589 	4584
f 4794 	4796 	4729
f 4702 	4734 	4707
f 4708 	4732 	4725
f 4750 	4670 	4724
f 4725 	4586 	4566
f 4725 	4732 	4586
f 4653 	4584 	4701
f 4589 	4653 	4738
f 4259 	4284 	4728
f 4711 	4736 	4740
f 4728 	4741 	4731
f 2859 	4736 	3026
f 4284 	4741 	4728
f 4736 	4754 	4740
f 4738 	4594 	4589
f 4717 	4742 	4723
f 4733 	4731 	4743
f 4736 	2859 	4754
f 4741 	4743 	4731
f 4733 	4745 	4734
f 4737 	4742 	4717
f 4727 	4794 	4729
f 4743 	4745 	4733
f 4727 	4792 	4794
f 4742 	4746 	4723
f 4715 	4747 	4720
f 4070 	4064 	4748
f 4064 	4654 	4748
f 4749 	4604 	4598
f 4715 	4740 	4747
f 4748 	4160 	4070
f 4796 	4636 	4732
f 4741 	4284 	3032
f 4723 	4746 	4726
f 3032 	3091 	4741
f 4749 	4598 	4744
f 4746 	4752 	4726
f 4654 	4761 	4748
f 4604 	4749 	3941
f 4741 	3091 	4743
f 4767 	4160 	4748
f 5924 	4739 	4735
f 4454 	4751 	4753
f 4745 	4743 	3445
f 3873 	4726 	4752
f 4752 	4225 	3873
f 3445 	3448 	4745
f 4753 	4456 	4454
f 4738 	4653 	4662
f 4739 	5924 	5926
f 3749 	3764 	4755
f 4456 	4756 	4462
f 4646 	4811 	4757
f 4649 	4696 	4758
f 4738 	4666 	4744
f 4456 	4753 	4756
f 4696 	4709 	4758
f 4747 	4740 	4759
f 4738 	4662 	4666
f 4649 	4758 	4652
f 4755 	4737 	3749
f 4744 	4666 	3905
f 4755 	4760 	4737
f 4757 	4654 	4646
f 4740 	4754 	4759
f 4703 	4462 	4756
f 4744 	3905 	4749
f 4761 	4654 	4757
f 4771 	4756 	4753
f 4759 	4762 	4747
f 4757 	4811 	4841
f 4749 	3909 	3941
f 4749 	3905 	3909
f 4742 	4737 	4760
f 4760 	4766 	4742
f 4761 	4767 	4748
f 4747 	4762 	4750
f 4160 	4775 	4164
f 4762 	4631 	4750
f 4751 	4768 	4753
f 4763 	4769 	4181
f 4775 	4160 	4767
f 4763 	4779 	4769
f 4751 	4765 	4768
f 4418 	4550 	4770
f 4746 	4742 	4766
f 4753 	4768 	4771
f 4761 	4780 	4767
f 4756 	4727 	4703
f 4756 	4771 	4727
f 4780 	4784 	4767
f 4617 	4634 	4774
f 5249 	4759 	4754
f 6211 	4773 	4764
f 4621 	4776 	4763
f 4242 	4225 	4752
f 4773 	4777 	4764
f 4621 	4774 	4776
f 5254 	4762 	4759
f 5103 	4755 	3764
f 4776 	4779 	4763
f 4755 	6219 	4760
f 484 	6958 	5287
f 4724 	4639 	4567
f 4779 	4781 	4769
f 4724 	4670 	4639
f 4639 	4615 	4567
f 4779 	4813 	4781
f 4766 	4760 	6221
f 4767 	4784 	4775
f 4639 	4642 	4615
f 4808 	4813 	4779
f 6219 	6221 	4760
f 4769 	4781 	4772
f 4768 	4765 	4895
f 4784 	4787 	4775
f 4766 	4788 	4746
f 4896 	4771 	4768
f 4746 	4788 	4752
f 4775 	4787 	4198
f 4768 	4895 	4896
f 4788 	4242 	4752
f 5259 	1405 	4785
f 4203 	4198 	5847
f 4771 	4792 	4727
f 4652 	4799 	4634
f 4799 	4801 	4774
f 6221 	6226 	4766
f 6226 	4788 	4766
f 4808 	4779 	4776
f 4732 	4729 	4796
f 6229 	4242 	4788
f 4879 	4887 	4780
f 6226 	6229 	4788
f 4780 	4887 	4784
f 6309 	6351 	4783
f 4783 	4804 	4805
f 4797 	646 	1281
f 4787 	4784 	5953
f 4805 	4807 	4783
f 4776 	4774 	4801
f 13 	4798 	3410
f 4798 	4802 	3410
f 4798 	4823 	4802
f 4800 	4806 	4789
f 4777 	4904 	4778
f 4801 	4808 	4776
f 4815 	4783 	4807
f 3410 	4802 	3413
f 4803 	4692 	4713
f 4815 	4807 	4809
f 4789 	4806 	4790
f 4802 	4810 	3413
f 4790 	4812 	4793
f 4806 	4812 	4790
f 4880 	4814 	789
f 4758 	4949 	4652
f 4706 	5077 	4820
f 4949 	4799 	4652
f 4706 	4820 	4713
f 4799 	4952 	4801
f 4820 	4826 	4713
f 4853 	4854 	4818
f 4823 	4798 	4821
f 4823 	4827 	4802
f 4813 	5022 	4840
f 5019 	5022 	4813
f 4896 	4830 	4792
f 4781 	4831 	4772
f 5647 	4828 	4824
f 4802 	4827 	4810
f 4828 	5651 	4832
f 4792 	4830 	4833
f 4828 	5647 	5651
f 5497 	4772 	4831
f 4852 	4851 	4815
f 4815 	4849 	4818
f 4803 	4713 	4826
f 4815 	4809 	4835
f 4815 	4835 	4852
f 4830 	4850 	4833
f 4818 	4849 	4853
f 4641 	4814 	4832
f 4792 	4833 	4794
f 4803 	4836 	4811
f 4822 	4818 	4854
f 4856 	4857 	4822
f 4832 	5654 	4641
f 4854 	4856 	4822
f 4794 	4833 	4796
f 4838 	4796 	4833
f 4803 	4826 	4836
f 4796 	4838 	4660
f 4814 	4641 	789
f 4811 	4836 	4841
f 4826 	4867 	4836
f 4781 	4840 	4831
f 4819 	4842 	4825
f 4824 	4817 	5643
f 4660 	4838 	4680
f 4781 	4813 	4840
f 4819 	4782 	4842
f 4840 	4843 	4831
f 4842 	4844 	4825
f 4824 	5643 	5647
f 4831 	4843 	4834
f 4834 	4847 	4837
f 4827 	4978 	4810
f 4825 	4844 	4829
f 4843 	4847 	4834
f 4829 	4574 	4570
f 4837 	1129 	2019
f 4911 	4845 	4830
f 4847 	1129 	4837
f 4574 	4829 	4844
f 4850 	4830 	4845
f 4849 	4815 	4851
f 4836 	4869 	4841
f 4844 	4697 	4574
f 4833 	4855 	4838
f 4694 	4697 	4844
f 4833 	4850 	4855
f 4841 	4869 	4871
f 4878 	4883 	5906
f 4841 	4860 	4757
f 4680 	4838 	4855
f 5092 	4858 	4846
f 4843 	5029 	4847
f 5654 	4832 	5651
f 4858 	4862 	4846
f 4757 	4860 	4761
f 4847 	1216 	1129
f 4860 	4780 	4761
f 5029 	1216 	4847
f 4855 	6480 	4680
f 4909 	4865 	4791
f 4848 	4846 	4862
f 4861 	4819 	4864
f 4865 	4795 	4791
f 4862 	4938 	4848
f 4866 	4797 	4795
f 4862 	4858 	5454
f 4795 	4865 	4866
f 4797 	4866 	4647
f 4764 	4777 	4868
f 4836 	4867 	4869
f 4850 	6576 	6579
f 4868 	4872 	4859
f 5439 	5454 	4858
f 4860 	4841 	4871
f 4865 	4874 	4866
f 4873 	4709 	4707
f 4850 	6579 	4855
f 4865 	4870 	4874
f 4859 	4872 	4861
f 4707 	4734 	4873
f 4855 	6579 	6480
f 4866 	4874 	4880
f 4860 	4871 	4879
f 4873 	4881 	4709
f 4857 	4877 	4822
f 4872 	4819 	4861
f 5906 	4883 	4885
f 4885 	4897 	5906
f 4897 	4898 	5906
f 4819 	4825 	4864
f 4863 	4709 	4881
f 4884 	4806 	4800
f 4860 	4879 	4780
f 4882 	4884 	4800
f 4884 	4888 	4806
f 4872 	4868 	4778
f 4881 	4886 	4863
f 4988 	4874 	4870
f 4777 	4778 	4868
f 6016 	6019 	4879
f 4823 	4926 	4827
f 4778 	4782 	4872
f 4782 	4819 	4872
f 4886 	4923 	4889
f 4913 	4923 	4886
f 4812 	4806 	4888
f 4770 	4553 	4773
f 4770 	4550 	4553
f 4935 	4888 	4884
f 4765 	4891 	4895
f 4773 	4893 	4777
f 4892 	4873 	4734
f 4734 	4745 	4892
f 4553 	4893 	4773
f 4896 	4792 	4771
f 4848 	4902 	4839
f 4892 	4903 	4873
f 4893 	4904 	4777
f 4891 	4907 	4895
f 4908 	4895 	4907
f 4903 	4881 	4873
f 4890 	4910 	4816
f 4895 	4908 	4911
f 4890 	5130 	4910
f 4903 	4913 	4881
f 4778 	4912 	4782
f 4887 	4879 	6019
f 4816 	4910 	4821
f 4895 	4911 	4896
f 4904 	4912 	4778
f 4821 	4914 	4823
f 4912 	4917 	4782
f 4899 	4894 	4918
f 4896 	4911 	4830
f 4881 	4913 	4886
f 4919 	5911 	4906
f 4558 	4568 	4922
f 4910 	4914 	4821
f 4848 	4938 	4902
f 4914 	4926 	4823
f 4899 	4925 	4909
f 4922 	4563 	4558
f 4839 	4902 	4882
f 4899 	4918 	4925
f 4902 	4929 	4882
f 4922 	4931 	4563
f 4907 	4921 	4932
f 4909 	4925 	4870
f 4907 	4932 	4908
f 3448 	4892 	4745
f 4884 	4882 	4929
f 4892 	3453 	4903
f 4909 	4870 	4865
f 4908 	4934 	4911
f 4929 	4935 	4884
f 4942 	4929 	4902
f 4890 	5129 	5130
f 4908 	4932 	4934
f 3448 	3453 	4892
f 4380 	4381 	4912
f 4911 	4934 	4845
f 4922 	4568 	4937
f 4912 	4381 	4917
f 3453 	3457 	4903
f 4842 	4782 	4917
f 4568 	4936 	4937
f 4903 	3457 	4913
f 4694 	4844 	4842
f 3457 	3460 	4913
f 4922 	4937 	4940
f 5140 	4926 	4914
f 4917 	4694 	4842
f 4936 	4989 	4937
f 4913 	3460 	4923
f 4516 	4893 	4553
f 4521 	4904 	4893
f 4922 	4940 	4931
f 3460 	3532 	4923
f 4938 	4942 	4902
f 4931 	4940 	4946
f 4943 	3701 	3415
f 4516 	4521 	4893
f 4929 	4947 	4935
f 4973 	6038 	4950
f 4943 	3415 	4810
f 4904 	4380 	4912
f 4942 	4947 	4929
f 4932 	6651 	4934
f 4949 	4952 	4799
f 4949 	4965 	4952
f 4951 	4955 	3703
f 4951 	4982 	4955
f 4801 	4956 	4808
f 5477 	4938 	4862
f 4992 	4940 	4937
f 4952 	4956 	4801
f 5010 	5003 	4953
f 3703 	4955 	3705
f 4956 	5019 	4808
f 4955 	4958 	3705
f 4940 	4992 	4994
f 4938 	5478 	4942
f 4954 	2185 	2242
f 4954 	2242 	5053
f 5019 	4813 	4808
f 4946 	4994 	4999
f 4684 	4946 	4999
f 4758 	4709 	4863
f 4863 	4949 	4758
f 4810 	4978 	4943
f 4863 	4965 	4949
f 4863 	4886 	4965
f 4602 	4968 	4605
f 4965 	4971 	4952
f 4951 	4981 	4982
f 2189 	4970 	2177
f 4602 	4964 	4968
f 4968 	4936 	4605
f 2189 	4960 	4970
f 4952 	4971 	4956
f 4334 	2177 	4970
f 5005 	4970 	4960
f 4963 	5002 	4969
f 5001 	6000 	5000
f 4334 	4970 	4338
f 5002 	5008 	4969
f 4605 	4936 	4568
f 4969 	5008 	4974
f 4918 	4966 	4925
f 4886 	4889 	4965
f 5004 	5006 	6004
f 4966 	4918 	5083
f 4965 	4889 	4971
f 4951 	4943 	4981
f 4980 	4925 	4966
f 4964 	5032 	4968
f 4981 	4943 	4978
f 4817 	4966 	5083
f 4977 	6684 	4213
f 4980 	4870 	4925
f 4983 	4953 	4984
f 3441 	7599 	4957
f 7600 	4957 	7599
f 4983 	4987 	4953
f 4955 	4986 	4958
f 4997 	4963 	4488
f 4870 	4980 	4988
f 4985 	4889 	4923
f 4982 	4986 	4955
f 4958 	4986 	4991
f 4997 	5002 	4963
f 4985 	3535 	4990
f 4970 	5005 	4338
f 4961 	7605 	7553
f 4937 	4989 	4992
f 4991 	5090 	4958
f 4961 	7553 	4967
f 4874 	4814 	4880
f 4974 	5014 	4979
f 4814 	4874 	4988
f 5053 	4995 	4954
f 4946 	4940 	4994
f 5083 	5091 	4817
f 4954 	4995 	4998
f 4995 	5013 	4998
f 4995 	5012 	5013
f 4954 	4998 	4960
f 4966 	4817 	4824
f 5017 	6004 	5006
f 4980 	4966 	4824
f 4706 	4684 	4999
f 4960 	4998 	5005
f 5007 	4396 	4392
f 4923 	3532 	4985
f 4980 	4828 	4988
f 4939 	5018 	5020
f 4392 	5056 	5007
f 4980 	4824 	4828
f 5023 	5026 	5002
f 4987 	5010 	4953
f 4988 	4828 	4832
f 5007 	5011 	4396
f 3532 	3535 	4985
f 5002 	5026 	5008
f 5000 	4953 	5003
f 4988 	4832 	4814
f 4989 	5009 	4992
f 4993 	4990 	3538
f 4994 	4992 	5070
f 3538 	4990 	3535
f 5066 	5012 	4995
f 5014 	4974 	5008
f 4993 	3542 	4996
f 5070 	4992 	5009
f 3542 	4993 	3538
f 4994 	5070 	5071
f 3542 	3923 	4996
f 4998 	5013 	5016
f 4994 	5071 	4999
f 4996 	3923 	1199
f 4982 	4981 	5039
f 5056 	4961 	5007
f 4939 	6004 	5018
f 5077 	4706 	4999
f 4999 	5071 	5077
f 5007 	4967 	5011
f 5039 	5045 	4982
f 5007 	4961 	4967
f 4998 	5016 	5005
f 4514 	5023 	4997
f 5011 	4967 	4972
f 4986 	4982 	5045
f 4514 	5078 	5023
f 5011 	4972 	5015
f 5005 	5016 	4352
f 5025 	4843 	4840
f 5023 	5002 	4997
f 5015 	4977 	5073
f 5015 	4972 	4977
f 5022 	5025 	4840
f 5025 	5029 	4843
f 5027 	4978 	4827
f 4962 	5028 	4964
f 4827 	4926 	5027
f 5008 	5031 	5014
f 5032 	4964 	5028
f 5027 	5033 	4978
f 5013 	5152 	5016
f 4968 	5036 	4936
f 5026 	5031 	5008
f 4968 	5032 	5036
f 4978 	5033 	4981
f 5037 	5019 	4956
f 5031 	4800 	5014
f 5036 	4989 	4936
f 5035 	5038 	4434
f 5042 	4448 	4444
f 4956 	4971 	5037
f 5031 	4882 	4800
f 4444 	5038 	5042
f 5037 	5044 	5019
f 5114 	5115 	5034
f 5033 	5039 	4981
f 5014 	4800 	4789
f 5042 	5046 	4448
f 5028 	5040 	5047
f 5041 	2226 	2543
f 5043 	5048 	5030
f 4514 	4648 	5078
f 5019 	5044 	5022
f 5044 	5050 	5022
f 5028 	5047 	5032
f 5032 	5051 	5036
f 5034 	4939 	5021
f 5020 	5021 	4939
f 5046 	5052 	4385
f 2231 	5053 	2242
f 5032 	5047 	5051
f 5025 	5022 	5050
f 4817 	5091 	5736
f 5036 	5051 	5055
f 3441 	4957 	5046
f 5026 	4839 	5031
f 5025 	5054 	5029
f 5121 	5122 	5043
f 5050 	5054 	5025
f 4839 	4882 	5031
f 5036 	5055 	4989
f 5054 	1228 	5029
f 5055 	5009 	4989
f 5035 	7521 	5038
f 7521 	7522 	5038
f 5041 	5062 	5049
f 5038 	7569 	5042
f 1228 	1216 	5029
f 5041 	5058 	5062
f 5072 	5037 	4971
f 5047 	5157 	5160
f 5049 	5062 	5066
f 7573 	3441 	5042
f 5160 	5051 	5047
f 5046 	5042 	3441
f 5064 	4918 	4894
f 5052 	5046 	4957
f 5065 	4786 	7715
f 5030 	5048 	5067
f 5049 	5066 	5053
f 5065 	4793 	4786
f 5074 	5080 	5044
f 5067 	5068 	5060
f 5053 	5066 	4995
f 5044 	5080 	5050
f 5052 	4957 	4959
f 7715 	4786 	7719
f 5056 	5052 	4959
f 5060 	5068 	5063
f 5059 	5057 	5075
f 4979 	4789 	5061
f 5056 	4959 	4961
f 4789 	4979 	5014
f 4986 	5436 	4991
f 5015 	4341 	4401
f 5054 	1238 	1228
f 4790 	5065 	5061
f 5436 	4986 	5045
f 4789 	4790 	5061
f 4401 	5011 	5015
f 4971 	4889 	5072
f 5070 	5087 	5071
f 4341 	5015 	5073
f 4790 	4793 	5065
f 5083 	4918 	5064
f 5074 	5044 	5037
f 5073 	4345 	4341
f 5075 	5057 	5134
f 5076 	4345 	5073
f 5072 	5074 	5037
f 5079 	5064 	5059
f 5026 	5023 	5082
f 5073 	4977 	4213
f 5059 	5075 	5079
f 5076 	5073 	4213
f 5033 	5447 	5039
f 5068 	5081 	5063
f 5064 	5079 	5083
f 5076 	4213 	4218
f 3294 	5081 	5084
f 5050 	5085 	5054
f 5078 	5082 	5023
f 5076 	4218 	4289
f 5193 	5084 	5192
f 5080 	5085 	5050
f 5082 	4839 	5026
f 5070 	5009 	5086
f 3294 	5084 	3298
f 1238 	5054 	5085
f 4434 	4430 	5035
f 4985 	5072 	4889
f 5045 	5458 	5436
f 5089 	5079 	5075
f 5035 	4430 	3447
f 3707 	5090 	3752
f 4985 	4990 	5072
f 5088 	3377 	3302
f 5087 	5070 	5086
f 3447 	7517 	5035
f 4648 	4682 	5092
f 4958 	5090 	3707
f 5093 	5068 	5067
f 5071 	5087 	5094
f 5079 	5091 	5083
f 5072 	4990 	5074
f 5090 	5096 	3752
f 4990 	4993 	5074
f 5089 	5091 	5079
f 5092 	5078 	4648
f 5048 	5093 	5067
f 5092 	4846 	5078
f 5074 	4993 	5080
f 5071 	5094 	5077
f 5093 	5125 	5068
f 3756 	5098 	3762
f 4993 	4996 	5080
f 5077 	5111 	4820
f 5096 	5098 	3756
f 5080 	4996 	5085
f 5077 	5094 	5111
f 5098 	5099 	3762
f 5085 	4996 	1199
f 5078 	4846 	5082
f 5081 	5068 	5125
f 5082 	4848 	4839
f 5085 	1199 	1238
f 5082 	4846 	4848
f 5101 	3201 	2776
f 5102 	5092 	4682
f 5058 	5069 	5105
f 2776 	3995 	5101
f 4682 	4690 	5102
f 5101 	5106 	3201
f 5086 	5186 	5087
f 5102 	4858 	5092
f 5101 	5120 	5106
f 5090 	4991 	5107
f 3201 	5106 	3202
f 5153 	5137 	5048
f 5093 	5048 	5137
f 5090 	5107 	5096
f 5107 	5110 	5096
f 5095 	5108 	5112
f 4820 	5111 	5113
f 5043 	5034 	5115
f 5094 	5191 	5111
f 5095 	5112 	5097
f 5110 	5098 	5096
f 5105 	5062 	5058
f 3995 	5116 	5101
f 5114 	5034 	5024
f 5021 	5024 	5034
f 5117 	5066 	5062
f 5097 	5118 	3151
f 5097 	5112 	5118
f 4820 	5113 	4826
f 5048 	5043 	5122
f 5119 	4631 	4762
f 5113 	4867 	4826
f 5105 	5117 	5062
f 5115 	5121 	5043
f 5116 	5120 	5101
f 5066 	5117 	5012
f 5099 	5479 	5103
f 5119 	5123 	4631
f 5480 	5100 	5156
f 5012 	5117 	5131
f 5145 	5119 	5254
f 5087 	5186 	5188
f 5119 	5158 	5123
f 5104 	5100 	5455
f 5145 	5158 	5119
f 4002 	5124 	5116
f 5087 	5188 	5094
f 5116 	5124 	5120
f 5171 	5125 	5143
f 5081 	5192 	5084
f 5069 	5198 	5105
f 5127 	5124 	4002
f 5125 	5197 	5081
f 4002 	4085 	5127
f 5112 	5398 	5118
f 4686 	5128 	4690
f 5084 	5200 	5088
f 5404 	3198 	5118
f 5117 	5204 	5131
f 5128 	4686 	5126
f 5113 	5231 	4867
f 4867 	5231 	5236
f 5127 	4085 	4124
f 4910 	5133 	4914
f 5136 	5093 	5137
f 5130 	5133 	4910
f 5012 	5131 	5138
f 3202 	5106 	5139
f 5140 	4914 	5133
f 5131 	5161 	5138
f 5093 	5142 	5143
f 5131 	5159 	5161
f 5139 	3311 	3202
f 5093 	5136 	5142
f 3311 	5146 	3315
f 5012 	5138 	5013
f 5048 	5149 	5150
f 5152 	5013 	5138
f 5122 	5149 	5048
f 5140 	5151 	4926
f 5109 	5148 	5134
f 5139 	5146 	3311
f 5048 	5150 	5153
f 4869 	4867 	5236
f 5146 	5154 	3315
f 5109 	5144 	5148
f 5230 	3377 	5229
f 5134 	5148 	5155
f 5157 	5047 	5040
f 5165 	5167 	5146
f 5016 	5152 	4425
f 5146 	5167 	5154
f 5134 	5155 	5075
f 5155 	5089 	5075
f 3315 	5154 	3318
f 5301 	5157 	7091
f 5204 	5159 	5131
f 4926 	5151 	5027
f 5154 	5209 	3318
f 5162 	5139 	5106
f 5138 	5163 	5152
f 5164 	5055 	5051
f 5106 	5120 	5162
f 5164 	5051 	5160
f 5162 	5165 	5139
f 5138 	5161 	5163
f 5135 	5566 	5141
f 5055 	5164 	5166
f 5152 	5163 	4446
f 5130 	5180 	5133
f 5192 	5081 	5195
f 5197 	5195 	5081
f 5146 	5139 	5165
f 5084 	5193 	5200
f 5152 	4446 	4425
f 5055 	5166 	5009
f 5205 	5088 	5201
f 5201 	5088 	5200
f 5147 	5574 	5156
f 5086 	5009 	5166
f 5184 	5187 	5140
f 5140 	5187 	5151
f 5123 	5169 	5126
f 5159 	5170 	5161
f 5125 	5171 	5172
f 5158 	5169 	5123
f 5144 	5912 	5148
f 5093 	5143 	5125
f 5169 	5173 	5126
f 5159 	5168 	5170
f 5125 	5172 	5175
f 5161 	5170 	5176
f 5157 	5354 	5160
f 5177 	5125 	5175
f 5197 	5125 	5177
f 5130 	5129 	5178
f 5183 	5165 	5162
f 5165 	5185 	5167
f 5373 	5164 	5160
f 5088 	5205 	5207
f 5183 	5185 	5165
f 5176 	5163 	5161
f 5160 	5354 	5373
f 5174 	5178 	5129
f 5130 	5178 	5180
f 5163 	4454 	4446
f 5373 	5328 	5164
f 5259 	5179 	5181
f 5328 	5166 	5164
f 5163 	5176 	4454
f 5182 	5162 	5120
f 5329 	5086 	5166
f 5120 	5124 	5182
f 5184 	5140 	5133
f 5182 	5183 	5162
f 5180 	5184 	5133
f 5602 	5176 	5170
f 5199 	4719 	5181
f 5433 	5211 	5189
f 5179 	5190 	5194
f 5174 	5215 	5178
f 5198 	5069 	5189
f 5212 	5215 	5174
f 5179 	5194 	5181
f 5375 	5380 	5182
f 5181 	5194 	5199
f 131 	5196 	73
f 5189 	5211 	5216
f 4730 	4719 	5199
f 5178 	5220 	5180
f 5182 	5380 	5183
f 5189 	5216 	5198
f 5178 	5215 	5220
f 5190 	5202 	5194
f 5382 	5185 	5183
f 5203 	73 	5196
f 5105 	5204 	5117
f 5196 	5224 	5203
f 5194 	5202 	5206
f 5105 	5198 	5204
f 5196 	5221 	5224
f 5225 	5184 	5180
f 5229 	5088 	5207
f 5194 	5206 	5199
f 5199 	5208 	4730
f 5184 	5228 	5187
f 5199 	5206 	5208
f 5210 	76 	5203
f 3318 	5209 	3353
f 5206 	5202 	4791
f 5206 	4791 	4795
f 5213 	3355 	3353
f 5206 	4795 	5208
f 4797 	1281 	5208
f 5208 	4795 	4797
f 5209 	5213 	3353
f 3355 	5213 	5219
f 5213 	5289 	5219
f 5211 	5237 	5216
f 5128 	5126 	5173
f 5218 	5227 	5232
f 5198 	5223 	5204
f 5218 	5232 	5222
f 5173 	5550 	5128
f 5220 	5225 	5180
f 5198 	5216 	5223
f 5191 	5094 	5188
f 5159 	5204 	5223
f 5111 	5226 	5113
f 5227 	5218 	5217
f 5191 	5226 	5111
f 5228 	5184 	5225
f 5231 	5113 	5226
f 5227 	5238 	5232
f 5227 	5364 	5238
f 5225 	5280 	5228
f 5158 	5145 	5318
f 5302 	5318 	5145
f 5242 	3380 	5245
f 5243 	3380 	5242
f 5222 	5232 	5234
f 5318 	5320 	5158
f 5245 	3377 	5235
f 5230 	5235 	3377
f 5486 	5233 	5211
f 5222 	5234 	5190
f 5158 	5320 	5169
f 5234 	5202 	5190
f 5237 	5211 	5233
f 5248 	3382 	5246
f 5187 	5228 	5619
f 5260 	3382 	5251
f 5341 	5173 	5169
f 5231 	6225 	5236
f 5239 	5234 	5232
f 5239 	5232 	5238
f 5234 	5239 	5240
f 5223 	5216 	5241
f 3377 	5245 	3380
f 5216 	5237 	5241
f 5173 	5341 	5555
f 5186 	5329 	5342
f 5234 	5240 	5202
f 5223 	5168 	5159
f 5240 	4791 	5202
f 2859 	2864 	5247
f 5246 	3380 	5243
f 5223 	5241 	5168
f 5203 	5244 	5210
f 5186 	6327 	5188
f 5528 	4894 	5238
f 5342 	6327 	5186
f 5247 	4754 	2859
f 5240 	5239 	4899
f 5224 	5244 	5203
f 5210 	5244 	5250
f 4894 	4899 	5239
f 5240 	4899 	4909
f 5248 	5251 	3382
f 5258 	5262 	3418
f 5240 	4909 	4791
f 5249 	4754 	5247
f 5237 	5634 	5241
f 5249 	5254 	4759
f 5210 	5250 	5214
f 3242 	5214 	5250
f 5270 	5276 	5220
f 5276 	5280 	5225
f 5257 	5258 	3418
f 4785 	5255 	5259
f 5268 	5255 	5253
f 4762 	5254 	5119
f 5257 	3418 	5260
f 5255 	5268 	5179
f 5255 	5179 	5259
f 2864 	5261 	5247
f 5272 	3418 	5262
f 3420 	5273 	5274
f 2536 	5256 	5264
f 5273 	3420 	5272
f 5247 	5261 	5266
f 5265 	5253 	5252
f 5212 	5267 	5215
f 5095 	5244 	5224
f 2540 	2536 	5264
f 5268 	5253 	5265
f 5263 	5267 	5212
f 5247 	5266 	5249
f 5267 	5270 	5215
f 5269 	2543 	2540
f 5249 	5271 	5254
f 5268 	5190 	5179
f 5250 	3151 	3242
f 5269 	2540 	5264
f 5266 	5271 	5249
f 5215 	5270 	5220
f 5181 	1378 	5259
f 5271 	5145 	5254
f 2543 	5269 	5041
f 5225 	5220 	5276
f 5274 	5277 	3420
f 5224 	5221 	5278
f 3355 	5219 	3357
f 5222 	5268 	5265
f 3420 	5277 	3424
f 5279 	3424 	5277
f 5190 	5268 	5222
f 3366 	3424 	5279
f 1674 	3357 	5219
f 5278 	5221 	5275
f 5340 	5276 	5270
f 5095 	5224 	5278
f 5154 	5282 	5209
f 5167 	5282 	5154
f 5282 	5286 	5209
f 5336 	5283 	5256
f 5256 	5283 	5288
f 5244 	5097 	5250
f 5283 	5304 	5288
f 5244 	5095 	5097
f 5209 	5286 	5213
f 484 	5287 	5290
f 5188 	6218 	5191
f 5256 	5288 	5264
f 5145 	5271 	5390
f 5287 	5253 	5290
f 5287 	5252 	5253
f 5250 	5097 	3151
f 6220 	5226 	5191
f 5290 	486 	484
f 5291 	5269 	5264
f 5191 	6218 	6220
f 4785 	486 	5290
f 5275 	5100 	5104
f 2880 	5383 	2872
f 5261 	2872 	5383
f 5264 	5288 	5291
f 5261 	5383 	5387
f 5058 	5269 	5291
f 5275 	5104 	5278
f 5293 	5721 	5295
f 5284 	5325 	5296
f 5278 	5108 	5095
f 5261 	5387 	5266
f 5285 	5284 	5296
f 5108 	5278 	5104
f 5266 	5390 	5271
f 5252 	5287 	5285
f 5285 	5296 	5252
f 5298 	5292 	5297
f 5333 	5292 	5298
f 5058 	5041 	5269
f 5145 	5390 	5302
f 5290 	5253 	5255
f 4468 	5292 	5335
f 5299 	120 	409
f 4785 	5290 	5255
f 5303 	120 	5299
f 3365 	4468 	5335
f 5390 	5305 	5302
f 5299 	5317 	5303
f 5347 	5318 	5305
f 5286 	5289 	5213
f 5252 	5296 	5313
f 5219 	1691 	1674
f 5304 	5283 	5300
f 5288 	5304 	5310
f 5289 	1691 	5219
f 5185 	5311 	5167
f 5368 	5369 	3365
f 5310 	5291 	5288
f 5312 	128 	5308
f 5167 	5311 	5282
f 5291 	5069 	5058
f 5313 	5265 	5252
f 5282 	5314 	5286
f 5196 	131 	5312
f 5311 	5314 	5282
f 5334 	5402 	5307
f 5291 	5310 	5069
f 5332 	5340 	5270
f 5286 	5316 	5289
f 5418 	5843 	5306
f 5157 	5301 	5354
f 5313 	5217 	5218
f 5317 	5299 	5315
f 5313 	5218 	5265
f 5303 	5317 	5319
f 5265 	5218 	5222
f 11 	8 	5321
f 5281 	7540 	5323
f 5303 	5319 	5308
f 5308 	5319 	5324
f 5281 	5323 	5325
f 1274 	1321 	5327
f 1321 	5384 	5327
f 5325 	5284 	5281
f 5314 	5316 	5286
f 2615 	1274 	5327
f 5379 	8 	2
f 5316 	1713 	5289
f 5263 	5331 	5267
f 5329 	5166 	5328
f 5326 	5331 	5263
f 5186 	5086 	5329
f 5308 	5324 	5312
f 5270 	5267 	5332
f 5327 	5330 	2615
f 5312 	5221 	5196
f 2622 	5330 	5336
f 5321 	5334 	5323
f 5312 	5324 	5221
f 5323 	5307 	5325
f 5331 	5332 	5267
f 5339 	5335 	5338
f 5292 	5338 	5335
f 5323 	5334 	5307
f 5328 	5337 	5329
f 5333 	5338 	5292
f 5309 	5296 	5325
f 5325 	5307 	5309
f 5309 	5313 	5296
f 5329 	5337 	5342
f 5320 	5341 	5169
f 5343 	5335 	5339
f 5350 	3365 	5345
f 5344 	5345 	3365
f 5335 	5344 	3365
f 5343 	5344 	5335
f 5307 	5346 	5309
f 5302 	5305 	5318
f 5340 	5348 	5276
f 6327 	6218 	5188
f 5307 	5402 	5346
f 5217 	5309 	5346
f 5318 	5349 	5320
f 5350 	5367 	3365
f 5353 	5217 	5346
f 5317 	5362 	5319
f 5313 	5309 	5217
f 5347 	5349 	5318
f 5276 	5348 	5280
f 3365 	5369 	4424
f 5349 	5351 	5320
f 5369 	5370 	4424
f 5349 	5366 	5351
f 5320 	5351 	5341
f 5227 	5217 	5353
f 5356 	5761 	5822
f 5301 	5385 	5354
f 5359 	5317 	5315
f 5305 	5306 	5358
f 5326 	5378 	5331
f 5352 	5360 	5361
f 5359 	5315 	5356
f 5305 	5358 	5347
f 5289 	1713 	1691
f 5362 	5317 	5359
f 5358 	5363 	5347
f 5360 	5515 	5361
f 5352 	5361 	5353
f 5358 	5862 	5363
f 5353 	5361 	5364
f 5857 	5862 	5358
f 5227 	5353 	5364
f 5347 	5363 	5349
f 5365 	5324 	5319
f 5415 	5419 	5340
f 5363 	5366 	5349
f 5319 	5362 	5365
f 5368 	3365 	5367
f 5548 	5357 	5355
f 5340 	5419 	5348
f 5275 	5324 	5365
f 5316 	5314 	5445
f 5316 	1795 	1713
f 5306 	5857 	5358
f 5371 	4424 	5370
f 5414 	4424 	5374
f 5374 	4424 	5371
f 5127 	5375 	5124
f 5322 	5376 	5326
f 5330 	5388 	5336
f 5372 	5376 	5322
f 5330 	5386 	5388
f 5124 	5375 	5182
f 5324 	5275 	5221
f 2622 	5336 	2626
f 2 	5377 	5379
f 5381 	5321 	8
f 5363 	5868 	5366
f 5822 	5135 	5356
f 5375 	5406 	5380
f 8 	5379 	5381
f 5381 	5334 	5321
f 5376 	5378 	5326
f 5256 	2626 	5336
f 174 	5391 	5377
f 5356 	5141 	5359
f 5135 	5141 	5356
f 5377 	5393 	5379
f 5147 	5359 	5141
f 5379 	5393 	5397
f 5327 	5386 	5330
f 5379 	5397 	5381
f 2880 	2883 	5383
f 5327 	5384 	5386
f 5359 	5147 	5362
f 5400 	5334 	5381
f 5362 	5147 	5156
f 5385 	5301 	7464
f 5362 	5156 	5365
f 5354 	5385 	5389
f 5100 	5275 	5365
f 5387 	5390 	5266
f 5100 	5365 	5156
f 5391 	174 	5441
f 5283 	5336 	5388
f 5354 	5389 	5373
f 5373 	5394 	5328
f 5373 	5389 	5394
f 5393 	5377 	5391
f 5394 	5337 	5328
f 5383 	5396 	5387
f 5112 	5392 	5398
f 1333 	1349 	5399
f 5380 	5382 	5183
f 5395 	5396 	5383
f 5396 	5401 	5387
f 5400 	5381 	5397
f 5392 	5431 	5398
f 5372 	6074 	5376
f 5402 	5334 	5400
f 5399 	5384 	1333
f 5413 	5418 	5396
f 5384 	5399 	5403
f 5396 	5418 	5401
f 5375 	5127 	5405
f 5387 	5401 	5390
f 5404 	5118 	5398
f 5405 	5127 	4124
f 5401 	5305 	5390
f 5384 	5403 	5386
f 5408 	5400 	5397
f 5378 	5410 	5331
f 5409 	5388 	5386
f 5405 	5406 	5375
f 5406 	5411 	5380
f 5400 	5408 	5412
f 5331 	5410 	5332
f 5386 	5403 	5409
f 5357 	5412 	5408
f 5395 	5413 	5396
f 5421 	5425 	5406
f 4424 	5414 	4427
f 5388 	5409 	5300
f 5415 	5340 	5332
f 5406 	5425 	5411
f 5400 	5412 	5402
f 5332 	5410 	5415
f 5380 	5411 	5382
f 5402 	5412 	5352
f 5395 	5407 	5413
f 5402 	5352 	5346
f 5352 	5353 	5346
f 6104 	5419 	5415
f 5388 	5300 	5283
f 4124 	4181 	5405
f 4181 	5421 	5405
f 5525 	5399 	1349
f 5401 	5306 	5305
f 4181 	4769 	5421
f 5412 	5360 	5352
f 5306 	5401 	5418
f 5419 	5422 	5348
f 5412 	5357 	5360
f 5399 	5529 	5403
f 5421 	5406 	5405
f 5393 	5424 	5397
f 5525 	5529 	5399
f 5946 	5407 	2887
f 5393 	5423 	5424
f 5424 	5408 	5397
f 5407 	5950 	5413
f 5423 	5427 	5428
f 5421 	4772 	5425
f 5431 	5392 	5420
f 5304 	5300 	5432
f 5423 	5428 	5424
f 5424 	5428 	5355
f 5300 	5429 	5432
f 5428 	5546 	5355
f 5304 	5433 	5310
f 5424 	5355 	5408
f 5355 	5357 	5408
f 5398 	5431 	3669
f 5432 	5433 	5304
f 5185 	5435 	5311
f 5418 	5952 	5843
f 5382 	5435 	5185
f 3695 	3669 	5431
f 5435 	5438 	5311
f 5398 	3669 	5404
f 174 	170 	5441
f 5027 	5442 	5033
f 5314 	5311 	5438
f 5443 	287 	283
f 3770 	5444 	3855
f 5443 	283 	300
f 5438 	5445 	5314
f 5151 	5442 	5027
f 3687 	5444 	3770
f 5442 	5447 	5033
f 5448 	5430 	3582
f 5471 	3855 	5444
f 5420 	3691 	5431
f 3582 	3605 	5448
f 3697 	3424 	5449
f 5189 	5310 	5433
f 5449 	5452 	3697
f 5441 	5450 	5391
f 5430 	5451 	5434
f 3695 	5431 	3691
f 5524 	3739 	5523
f 5045 	5039 	5453
f 5310 	5189 	5069
f 5596 	5597 	3777
f 5447 	5453 	5039
f 1795 	5316 	5445
f 5430 	5448 	5451
f 5045 	5453 	5458
f 5457 	5462 	5439
f 5451 	5461 	5434
f 5435 	5382 	5459
f 5450 	5441 	5446
f 5455 	5465 	5470
f 5391 	5450 	5423
f 5455 	5470 	5460
f 5411 	5459 	5382
f 5450 	5427 	5423
f 5459 	5463 	5435
f 5391 	5423 	5393
f 5434 	5461 	5437
f 5459 	5474 	5463
f 5461 	5464 	5437
f 6003 	5443 	300
f 5473 	5474 	5459
f 5452 	5466 	3697
f 5438 	5435 	5463
f 5439 	5462 	5454
f 5506 	3743 	5469
f 5438 	5467 	5445
f 5462 	5483 	5454
f 5466 	5468 	3697
f 5606 	5609 	5442
f 5437 	5464 	5440
f 5463 	5467 	5438
f 3739 	3743 	5520
f 6003 	6007 	5443
f 5442 	5609 	5447
f 5467 	1802 	5445
f 3855 	5471 	3859
f 5446 	5426 	5450
f 5467 	1816 	1802
f 5447 	5646 	5453
f 5426 	5427 	5450
f 5460 	5420 	5392
f 5470 	5420 	5460
f 5473 	5459 	5411
f 5472 	3872 	3859
f 5545 	3673 	5465
f 5425 	5473 	5411
f 5471 	5472 	3859
f 5448 	5485 	5451
f 5472 	5534 	3872
f 5465 	3677 	5470
f 5238 	5364 	5528
f 5474 	5476 	5463
f 3673 	3677 	5465
f 5488 	5461 	5451
f 5470 	3677 	3683
f 5475 	5099 	5098
f 5477 	4862 	5454
f 5477 	5478 	4938
f 5098 	5110 	5475
f 5477 	5484 	5478
f 5488 	5490 	5461
f 5475 	5479 	5099
f 5470 	3683 	5420
f 5476 	5467 	5463
f 5429 	5456 	5482
f 4942 	5481 	4947
f 5478 	5481 	4942
f 5476 	1816 	5467
f 3899 	5536 	5553
f 5487 	5481 	5478
f 3605 	3850 	5531
f 5491 	5110 	5107
f 3605 	5531 	5448
f 5553 	3904 	3899
f 5483 	5477 	5454
f 5429 	5482 	5432
f 5448 	5531 	5485
f 5473 	5509 	5474
f 5432 	5482 	5486
f 5483 	5484 	5477
f 5110 	5496 	5475
f 5484 	5487 	5478
f 5501 	5479 	5475
f 5784 	5481 	5487
f 5476 	2011 	1816
f 5471 	5637 	5472
f 5486 	5433 	5432
f 5485 	5488 	5451
f 5489 	5107 	4991
f 5483 	5510 	5484
f 4991 	5436 	5489
f 5211 	5433 	5486
f 5484 	5510 	5487
f 5512 	5487 	5510
f 4769 	4772 	5421
f 5464 	5461 	5490
f 5550 	5555 	5457
f 5493 	5494 	5457
f 5493 	5499 	5494
f 5498 	5499 	5493
f 5480 	5455 	5100
f 5457 	5494 	5462
f 5489 	5491 	5107
f 5491 	5496 	5110
f 5480 	5465 	5455
f 5425 	4772 	5497
f 5482 	5456 	5495
f 5540 	5491 	5489
f 5425 	5497 	5473
f 5492 	5495 	5456
f 5556 	5488 	5485
f 5482 	5495 	5500
f 5104 	5455 	5460
f 5475 	5496 	5501
f 5104 	5460 	5108
f 5112 	5108 	5392
f 5129 	4890 	5490
f 5496 	5571 	5501
f 5482 	5500 	5486
f 5108 	5460 	5392
f 5499 	5498 	5504
f 5502 	5504 	5498
f 5233 	5486 	5500
f 3777 	5598 	5601
f 5504 	5522 	5499
f 5480 	5574 	5545
f 5465 	5480 	5545
f 13 	5503 	4798
f 4798 	5503 	4821
f 5502 	6153 	5504
f 4816 	5440 	5464
f 5462 	5507 	5483
f 4894 	5239 	5238
f 5507 	5462 	5494
f 5507 	5510 	5483
f 4816 	5503 	5440
f 5492 	5796 	5495
f 5497 	5509 	5473
f 4816 	4821 	5503
f 5509 	5513 	5474
f 5499 	5514 	5494
f 5500 	5495 	5800
f 4834 	4837 	5509
f 5507 	5494 	5514
f 4816 	5464 	4890
f 5474 	5513 	5476
f 5507 	5516 	5510
f 5495 	5796 	5800
f 5514 	5516 	5507
f 5512 	5510 	5521
f 5516 	5521 	5510
f 5523 	3739 	5520
f 5500 	5800 	5623
f 5361 	5519 	5364
f 3838 	5517 	5511
f 5623 	5233 	5500
f 5499 	5522 	5514
f 5497 	4834 	5509
f 5361 	5515 	5519
f 4831 	4834 	5497
f 5364 	5519 	5528
f 5522 	5527 	5514
f 3739 	5524 	5526
f 1349 	1427 	5525
f 5513 	5509 	4837
f 5519 	5059 	5528
f 5464 	5490 	4890
f 5514 	5527 	5516
f 4837 	2019 	5513
f 5530 	5521 	5516
f 5513 	2019 	2011
f 5527 	5530 	5516
f 5630 	5631 	3687
f 5635 	5444 	5632
f 5532 	5403 	5529
f 5565 	5057 	5515
f 5533 	3850 	3848
f 5535 	4575 	4571
f 5057 	5519 	5515
f 5522 	6174 	5527
f 5535 	4571 	5618
f 3850 	5533 	5537
f 5532 	5409 	5403
f 5535 	4592 	4575
f 5059 	5519 	5057
f 6177 	5530 	5527
f 5409 	5532 	5429
f 5528 	5059 	5064
f 5538 	5489 	5436
f 5528 	5064 	4894
f 5436 	5458 	5538
f 5429 	5532 	5456
f 5538 	5540 	5489
f 5542 	4506 	4504
f 5409 	5429 	5300
f 4690 	5128 	5543
f 5496 	5491 	5551
f 1427 	1431 	5544
f 5574 	5539 	5545
f 5551 	5491 	5540
f 5551 	5571 	5496
f 5543 	5102 	4690
f 5542 	5578 	4506
f 5544 	5525 	1427
f 5439 	5102 	5543
f 5525 	5544 	5547
f 5543 	5457 	5439
f 5355 	5546 	5548
f 4858 	5102 	5439
f 5546 	5558 	5548
f 5546 	6030 	5558
f 5505 	3829 	5508
f 5501 	5549 	5479
f 4506 	5578 	4508
f 5525 	5547 	5529
f 5173 	5555 	5550
f 5505 	3826 	3829
f 4508 	5578 	5576
f 5508 	3829 	3835
f 5543 	5128 	5550
f 5357 	5552 	5360
f 5536 	3895 	5534
f 3835 	5511 	5508
f 5357 	5548 	5552
f 5550 	5457 	5543
f 5552 	5515 	5360
f 5531 	5554 	5485
f 5537 	5554 	5531
f 5554 	5556 	5485
f 3835 	3838 	5511
f 5493 	5457 	5555
f 5517 	3838 	3841
f 5541 	6030 	5546
f 5341 	5557 	5555
f 5559 	5490 	5488
f 5539 	5517 	3841
f 5351 	5557 	5341
f 5553 	5982 	3904
f 5556 	5559 	5488
f 5557 	5498 	5555
f 5493 	5555 	5498
f 5539 	3846 	5545
f 5553 	5536 	5652
f 5559 	5129 	5490
f 5539 	3841 	3846
f 5351 	5560 	5557
f 5548 	5558 	5561
f 5545 	3846 	3673
f 5366 	5560 	5351
f 5560 	5502 	5557
f 5444 	5674 	5471
f 5529 	5547 	5563
f 5548 	5561 	5552
f 5569 	5547 	5544
f 5547 	5572 	5563
f 5564 	5135 	5132
f 5552 	5565 	5515
f 5676 	5678 	5471
f 5547 	5569 	5572
f 5537 	5625 	5554
f 5557 	5502 	5498
f 5552 	5561 	5565
f 5532 	5529 	5563
f 5640 	5534 	5472
f 6260 	5560 	5366
f 5564 	5132 	5562
f 5575 	5559 	5556
f 5868 	6260 	5366
f 5135 	5564 	5566
f 5456 	5532 	5563
f 1431 	1448 	5567
f 5534 	5650 	5536
f 5544 	1431 	5567
f 5559 	5174 	5129
f 5599 	5537 	5533
f 5568 	5147 	5141
f 5544 	5567 	5569
f 5599 	5625 	5537
f 5554 	5573 	5556
f 5141 	5566 	5568
f 5685 	5687 	5551
f 5573 	5554 	5625
f 5574 	5147 	5568
f 5551 	5687 	5571
f 5570 	1389 	2902
f 1391 	5570 	5577
f 5542 	5583 	5578
f 5549 	5501 	5579
f 5563 	5572 	5492
f 5570 	5585 	5577
f 5570 	5584 	5585
f 5501 	5571 	5579
f 5676 	5471 	5674
f 5576 	5581 	5621
f 5577 	1392 	1391
f 5579 	5580 	5549
f 5480 	5156 	5574
f 4535 	1392 	5577
f 5492 	5456 	5563
f 5576 	5621 	5618
f 5562 	5508 	5564
f 5577 	5585 	4545
f 5582 	5542 	787
f 5562 	5505 	5508
f 5657 	5682 	5538
f 4535 	5577 	4545
f 787 	380 	5582
f 1476 	5834 	5567
f 5582 	5583 	5542
f 5564 	5511 	5566
f 4535 	1394 	1392
f 5567 	5834 	5569
f 5564 	5508 	5511
f 4538 	1394 	4535
f 5566 	5511 	5517
f 5584 	5570 	2902
f 5578 	5581 	5576
f 5583 	5581 	5578
f 2902 	2911 	5584
f 5566 	5517 	5568
f 5517 	5539 	5568
f 5587 	5582 	380
f 5687 	5696 	5571
f 5572 	5789 	5492
f 5574 	5568 	5539
f 388 	5587 	380
f 5571 	5696 	5579
f 5587 	5589 	5582
f 5588 	5168 	5241
f 5573 	5575 	5556
f 5168 	5588 	5591
f 5634 	5658 	5588
f 2911 	2923 	5584
f 5584 	2923 	5594
f 3860 	5593 	5595
f 5561 	5558 	5605
f 5582 	5589 	5583
f 5526 	5596 	3739
f 5585 	5584 	5594
f 5565 	5561 	5109
f 3860 	5595 	5533
f 5589 	5586 	5583
f 5588 	5610 	5591
f 5595 	5599 	5533
f 5588 	5608 	5610
f 5561 	5605 	5109
f 5594 	4556 	5585
f 5168 	5591 	5170
f 5598 	3777 	5597
f 5565 	5109 	5134
f 5603 	3687 	5601
f 5630 	3687 	5603
f 5581 	5583 	5586
f 2923 	3002 	4711
f 3687 	5631 	5444
f 5565 	5134 	5057
f 5591 	5602 	5170
f 4711 	3002 	4736
f 5635 	5673 	5444
f 5176 	4751 	4454
f 5590 	5604 	5592
f 4711 	5594 	2923
f 4715 	4556 	5594
f 5600 	5604 	5590
f 5606 	5442 	5151
f 5176 	5602 	4751
f 5151 	5187 	5606
f 5604 	5607 	5592
f 5594 	4711 	4715
f 5619 	5606 	5187
f 5593 	5612 	5595
f 5613 	5602 	5591
f 5609 	5646 	5447
f 5611 	1656 	7719
f 5606 	5622 	5609
f 5622 	5627 	5609
f 5591 	5610 	5613
f 5595 	5615 	5599
f 5674 	5444 	5673
f 5611 	5616 	1656
f 5602 	5613 	4765
f 5612 	5615 	5595
f 5697 	5613 	5610
f 5620 	5626 	5611
f 5697 	4891 	5613
f 4765 	5613 	4891
f 5752 	5589 	5587
f 5637 	5471 	5678
f 5611 	5626 	5616
f 5602 	4765 	4751
f 5637 	5640 	5472
f 1661 	5617 	1666
f 5534 	5640 	5650
f 5616 	5617 	1661
f 5665 	5610 	5608
f 4786 	4793 	5620
f 5639 	5620 	4793
f 5694 	5615 	5612
f 5650 	5652 	5536
f 5620 	5611 	4786
f 5624 	5535 	5618
f 5619 	5622 	5606
f 5656 	5982 	5553
f 5916 	5921 	5600
f 5621 	5624 	5618
f 5605 	5144 	5109
f 5623 	5628 	5233
f 5600 	5921 	5604
f 5623 	5653 	5655
f 5541 	5428 	5427
f 5623 	5655 	5628
f 5616 	5629 	5617
f 5233 	5628 	5237
f 6121 	5541 	5427
f 5632 	5444 	5631
f 5615 	5633 	5599
f 5541 	5546 	5428
f 5626 	5629 	5616
f 5599 	5633 	5625
f 5625 	5636 	5573
f 5644 	5693 	5624
f 5619 	5731 	5622
f 1459 	5672 	109
f 5562 	5132 	5614
f 5633 	5636 	5625
f 4592 	5535 	5680
f 4793 	4812 	5639
f 5627 	5622 	5734
f 5581 	5642 	5621
f 5586 	5642 	5581
f 5678 	5679 	5637
f 5621 	5644 	5624
f 5620 	5645 	5626
f 5659 	5575 	5573
f 5643 	4817 	5736
f 5642 	5644 	5621
f 5639 	5645 	5620
f 5645 	5649 	5626
f 5634 	5237 	5628
f 5615 	5699 	5633
f 5588 	5241 	5634
f 5629 	5626 	5649
f 5615 	5694 	5699
f 5453 	5648 	5458
f 5740 	5642 	5586
f 5553 	5652 	5656
f 5646 	5648 	5453
f 5762 	5655 	5653
f 5702 	5636 	5633
f 5458 	5648 	5657
f 5628 	5658 	5634
f 5628 	5655 	5658
f 5639 	5671 	5645
f 5608 	5588 	5658
f 5174 	5559 	5575
f 5458 	5657 	5538
f 5645 	5675 	5649
f 5655 	5762 	5764
f 5671 	5675 	5645
f 5659 	5573 	5636
f 5627 	5646 	5609
f 5764 	5765 	5655
f 5646 	5661 	5648
f 2312 	1666 	5617
f 5575 	5659 	5212
f 5658 	5663 	5608
f 5646 	5627 	5661
f 5661 	5664 	5648
f 5765 	5663 	5658
f 5617 	5629 	2326
f 5659 	5263 	5212
f 5575 	5212 	5174
f 5648 	5664 	5657
f 5629 	2337 	2326
f 5657 	5664 	5716
f 5643 	5736 	5666
f 5629 	5649 	2337
f 5643 	5667 	5647
f 5666 	5667 	5643
f 4812 	4888 	5669
f 5647 	5668 	5651
f 5669 	5639 	4812
f 5647 	5667 	5668
f 5651 	5668 	5672
f 4716 	5722 	4721
f 5669 	5671 	5639
f 5737 	5661 	5627
f 5664 	5661 	5751
f 5670 	5677 	5660
f 5651 	5672 	5654
f 5705 	5637 	5679
f 5654 	5672 	1459
f 5624 	5680 	5535
f 5675 	2362 	5649
f 5708 	5640 	5637
f 5538 	5682 	5540
f 5659 	5820 	5263
f 5680 	5683 	4592
f 5654 	1459 	1438
f 5624 	5693 	5680
f 2362 	2337 	5649
f 5551 	5540 	5685
f 5748 	5650 	5747
f 4005 	5684 	5593
f 5682 	5685 	5540
f 5683 	4700 	4592
f 5684 	5612 	5593
f 5650 	5640 	5747
f 5666 	5710 	5667
f 5689 	4700 	5683
f 5686 	5669 	4888
f 5684 	4126 	5690
f 4861 	4864 	5662
f 4126 	5688 	5690
f 4888 	4935 	5686
f 4864 	5670 	5662
f 5686 	5691 	5669
f 5670 	5962 	5677
f 5684 	5692 	5612
f 5672 	4460 	109
f 5690 	5692 	5684
f 5685 	5936 	5687
f 5677 	5966 	5681
f 5692 	5694 	5612
f 5693 	5695 	5680
f 5663 	5665 	5608
f 5683 	5680 	5695
f 5610 	5665 	5697
f 5683 	5698 	5689
f 5695 	5698 	5683
f 5698 	5724 	5689
f 5765 	5700 	5663
f 5699 	5702 	5633
f 5663 	5700 	5665
f 5701 	5665 	5700
f 5657 	5716 	5682
f 5665 	5701 	5703
f 5660 	5704 	6319
f 5660 	5677 	5704
f 5707 	5640 	5706
f 5706 	5640 	5708
f 5665 	5703 	5697
f 5709 	5641 	5638
f 5637 	5705 	5708
f 5704 	5709 	5638
f 5747 	5640 	5711
f 5707 	5711 	5640
f 5820 	5636 	5702
f 5703 	4907 	4891
f 5703 	4891 	5697
f 5700 	5770 	5713
f 5709 	5712 	5641
f 5700 	5713 	5714
f 5636 	5820 	5659
f 5650 	5790 	5652
f 5686 	5728 	5691
f 5758 	5656 	5652
f 5725 	5728 	5686
f 5717 	4714 	4704
f 5727 	5729 	5712
f 5689 	5717 	4704
f 5669 	5691 	5671
f 5700 	5714 	5701
f 5717 	5718 	4714
f 5691 	5719 	5671
f 5701 	5714 	5720
f 4714 	5718 	4716
f 5715 	5712 	5729
f 5722 	4716 	5718
f 5667 	5710 	5723
f 5671 	5719 	5675
f 5729 	5600 	5715
f 5692 	5732 	5694
f 806 	4721 	5722
f 5715 	5600 	5590
f 5710 	4467 	5723
f 5667 	5723 	5668
f 5732 	5735 	5694
f 4935 	4947 	5725
f 5689 	5724 	5717
f 5672 	5668 	4460
f 5704 	5681 	5709
f 5717 	5726 	5718
f 5677 	5681 	5704
f 5694 	5735 	5699
f 4460 	5668 	5723
f 5724 	5726 	5717
f 5725 	5686 	4935
f 5758 	5797 	5721
f 5727 	5709 	5681
f 5702 	5699 	5738
f 5828 	4465 	5710
f 5709 	5727 	5712
f 5828 	5837 	4465
f 5755 	5688 	4136
f 5730 	5619 	5228
f 4467 	5710 	4465
f 5688 	5757 	5690
f 5228 	5280 	5730
f 5757 	5688 	5755
f 4467 	4470 	5723
f 5698 	5777 	5724
f 5730 	5731 	5619
f 5600 	5729 	5916
f 5733 	5091 	5089
f 5732 	5692 	5798
f 5724 	5780 	5726
f 5777 	5780 	5724
f 5089 	5920 	5733
f 5736 	5091 	5733
f 5734 	5622 	5731
f 5627 	5734 	5737
f 5735 	5738 	5699
f 5586 	5739 	5740
f 5799 	5734 	5731
f 5729 	5914 	5916
f 5742 	5644 	5642
f 5728 	5743 	5691
f 5740 	5742 	5642
f 5768 	5644 	5742
f 5701 	5720 	5703
f 5805 	5735 	5732
f 5703 	4921 	4907
f 5691 	5743 	5719
f 4921 	5703 	5720
f 5805 	5838 	5735
f 5779 	7668 	5713
f 5746 	5587 	388
f 388 	548 	5746
f 5750 	5650 	5748
f 5745 	5841 	5744
f 5746 	5752 	5587
f 5790 	5650 	5754
f 5750 	5754 	5650
f 5751 	5661 	5737
f 5791 	5652 	5790
f 5664 	5751 	5756
f 5589 	5739 	5586
f 5752 	5739 	5589
f 5664 	5756 	5716
f 5791 	5793 	5652
f 5757 	5798 	5690
f 5721 	5656 	5758
f 5757 	5801 	5798
f 5815 	5742 	5740
f 5766 	5801 	5757
f 5690 	5798 	5692
f 5720 	5714 	7672
f 5294 	5721 	5293
f 5858 	4208 	5848
f 5816 	5760 	5753
f 5749 	4208 	5858
f 5749 	5763 	5755
f 5658 	5655 	5765
f 5730 	5794 	5731
f 5763 	5766 	5755
f 5762 	5861 	5767
f 5675 	2373 	2362
f 5675 	5719 	2373
f 5764 	5762 	5769
f 5767 	5769 	5762
f 5759 	5733 	5920
f 5769 	5770 	5765
f 5743 	2387 	5719
f 5755 	5766 	5757
f 5733 	5759 	5771
f 5765 	5764 	5769
f 5693 	5644 	5768
f 5891 	5759 	5741
f 5693 	5772 	5695
f 5765 	5770 	5700
f 5759 	5825 	5771
f 5719 	2387 	2373
f 5779 	5770 	5769
f 5768 	5772 	5693
f 5733 	5771 	5736
f 4947 	5481 	5774
f 5695 	5773 	5698
f 5736 	5771 	5666
f 5481 	5784 	5774
f 5763 	5925 	5766
f 5767 	5776 	5769
f 5772 	5773 	5695
f 5773 	5777 	5698
f 4947 	5774 	5725
f 5767 	5775 	5776
f 5769 	5776 	5779
f 5774 	5778 	5725
f 5760 	5822 	5761
f 5297 	5721 	5294
f 5816 	5822 	5760
f 5725 	5778 	5728
f 5721 	5297 	5292
f 5794 	5799 	5731
f 5781 	5743 	5728
f 5779 	5713 	5770
f 5761 	5356 	5315
f 5778 	5781 	5728
f 5792 	2670 	5781
f 5782 	395 	463
f 5783 	395 	5782
f 5768 	5948 	5772
f 5784 	5786 	5774
f 5772 	5949 	5773
f 409 	406 	5787
f 5773 	5967 	5777
f 5788 	5730 	5280
f 5774 	5786 	5778
f 5949 	5967 	5773
f 5786 	5792 	5778
f 5788 	5280 	5348
f 5787 	406 	5785
f 5758 	5652 	5793
f 5967 	6161 	5777
f 5788 	5794 	5730
f 5793 	5795 	5758
f 5796 	5492 	5789
f 5299 	409 	5787
f 5778 	5792 	5781
f 5295 	5721 	5797
f 5795 	5797 	5758
f 5512 	5784 	5487
f 5808 	5809 	5784
f 5809 	5786 	5784
f 5734 	5802 	5737
f 5745 	5753 	5782
f 5803 	5732 	5798
f 5799 	5802 	5734
f 5786 	5809 	5792
f 5812 	5792 	5809
f 5823 	5653 	5800
f 5801 	5803 	5798
f 5782 	5753 	5783
f 5753 	5760 	5783
f 5743 	5781 	2654
f 5803 	5805 	5732
f 5783 	5760 	5785
f 2654 	2387 	5743
f 5760 	5761 	5785
f 2654 	5781 	2670
f 5789 	5804 	5806
f 5785 	5761 	5787
f 5812 	2692 	5792
f 5787 	5315 	5299
f 5792 	2692 	2670
f 5738 	5735 	5838
f 5761 	5315 	5787
f 5808 	5784 	5512
f 5780 	5777 	6161
f 5924 	4735 	5807
f 5590 	5592 	5744
f 5744 	5592 	5745
f 5751 	5737 	5895
f 5811 	5740 	5739
f 5810 	5753 	5745
f 5927 	5934 	5801
f 5739 	5814 	5811
f 5803 	5801 	5934
f 5810 	5745 	5592
f 5811 	5815 	5740
f 5810 	5816 	5753
f 5521 	5817 	5512
f 5808 	5512 	5817
f 5898 	5902 	5756
f 5808 	5818 	5809
f 5742 	5815 	5945
f 5810 	5614 	5816
f 5817 	5818 	5808
f 5702 	5322 	5820
f 5804 	5854 	5806
f 5812 	5809 	5821
f 5818 	5821 	5809
f 5789 	5806 	5796
f 5796 	5806 	5823
f 5348 	5422 	5788
f 5821 	2701 	5812
f 5771 	5828 	5666
f 5521 	5530 	5824
f 5592 	5607 	5810
f 5796 	5823 	5800
f 548 	5819 	5746
f 5824 	5817 	5521
f 5623 	5800 	5653
f 5817 	5826 	5818
f 5824 	5826 	5817
f 5614 	5810 	5607
f 5818 	5827 	5821
f 5816 	5614 	5132
f 5825 	5759 	5891
f 5826 	5827 	5818
f 5819 	548 	644
f 5816 	5132 	5822
f 5854 	5804 	5849
f 5828 	5771 	5825
f 5819 	5829 	5746
f 5820 	5322 	5326
f 5820 	5326 	5263
f 5530 	7381 	5824
f 5822 	5132 	5135
f 5825 	5837 	5828
f 7381 	5530 	6177
f 5828 	5710 	5666
f 5823 	5762 	5653
f 5746 	5829 	5752
f 5702 	5738 	5322
f 5829 	5814 	5752
f 5891 	5833 	5825
f 5826 	7399 	5827
f 5837 	5825 	5833
f 5738 	5372 	5322
f 5569 	5836 	5572
f 5752 	5814 	5739
f 5832 	5835 	448
f 5569 	5834 	5836
f 5835 	5839 	451
f 6065 	6068 	6529
f 5789 	5572 	5836
f 5835 	5859 	5839
f 6072 	6069 	5830
f 5812 	2701 	2692
f 5855 	5859 	5835
f 5836 	5804 	5789
f 5830 	6068 	6072
f 5836 	5842 	5804
f 5838 	5372 	5738
f 5839 	457 	451
f 5821 	5827 	2701
f 2709 	2701 	5827
f 1476 	5840 	5834
f 5839 	5841 	457
f 5827 	2857 	2709
f 5840 	1476 	1491
f 7399 	2857 	5827
f 5834 	5840 	5842
f 5794 	5853 	5799
f 5841 	463 	457
f 5836 	5834 	5842
f 5860 	5802 	5799
f 4487 	4465 	5837
f 5782 	463 	5841
f 1491 	5903 	5840
f 5846 	5794 	5788
f 5903 	5842 	5840
f 5846 	5788 	5422
f 6460 	5851 	5852
f 5852 	5984 	6460
f 5831 	5641 	5832
f 5846 	5853 	5794
f 4203 	5848 	4208
f 5638 	5641 	5831
f 5866 	5819 	644
f 5641 	5855 	5832
f 4203 	5847 	5848
f 5832 	5855 	5835
f 5306 	5843 	5857
f 5884 	5848 	5847
f 5806 	5854 	5823
f 5861 	5823 	5854
f 5848 	5901 	5858
f 5762 	5823 	5861
f 5884 	5901 	5848
f 5839 	5744 	5841
f 5829 	5864 	5814
f 5799 	5853 	5860
f 5859 	5744 	5839
f 5849 	5865 	5854
f 5763 	5749 	5858
f 5841 	5745 	5782
f 644 	689 	5866
f 5849 	5863 	5865
f 4875 	4876 	5860
f 5862 	5868 	5363
f 5861 	5854 	5870
f 5865 	5870 	5854
f 5641 	5712 	5855
f 4784 	4887 	5953
f 5862 	5899 	5868
f 5712 	5715 	5855
f 5767 	5861 	5870
f 5819 	5874 	5829
f 4787 	5873 	5847
f 5846 	5422 	4815
f 5855 	5715 	5859
f 5866 	5874 	5819
f 5715 	5590 	5859
f 5864 	5829 	5874
f 5863 	5881 	5865
f 5873 	4787 	5953
f 5863 	5875 	5881
f 5859 	5590 	5744
f 5873 	5884 	5847
f 5843 	5880 	5883
f 5894 	5889 	5874
f 5845 	5897 	5850
f 5874 	5889 	5864
f 4822 	5860 	5853
f 6577 	5888 	5882
f 5865 	5885 	5870
f 5865 	5881 	5885
f 6577 	341 	5888
f 5891 	5741 	5850
f 5843 	5883 	5857
f 5870 	5885 	5767
f 5775 	5767 	5885
f 689 	711 	5866
f 5883 	5892 	5857
f 711 	5894 	5866
f 5737 	5802 	5895
f 5886 	5893 	5896
f 5894 	5874 	5866
f 5857 	5892 	5862
f 5898 	5756 	5751
f 5885 	7709 	5775
f 5873 	6032 	5884
f 5850 	5900 	5891
f 5895 	5898 	5751
f 5892 	5899 	5862
f 5850 	5897 	5900
f 1491 	1515 	5903
f 5891 	5900 	5833
f 5842 	5903 	5904
f 5896 	4604 	3826
f 5842 	5904 	5804
f 5849 	5804 	5904
f 5901 	5919 	5858
f 5505 	5896 	3826
f 5802 	5860 	5906
f 5903 	1515 	5905
f 5880 	5972 	5915
f 1515 	1527 	5905
f 5904 	5903 	5907
f 5905 	5907 	5903
f 5802 	5906 	5895
f 5907 	5863 	5904
f 5849 	5904 	5863
f 5906 	5908 	5895
f 5919 	5763 	5858
f 5890 	4594 	4598
f 1527 	1541 	5909
f 5909 	5905 	1527
f 5763 	5919 	5925
f 4598 	5893 	5890
f 5900 	5970 	5833
f 5898 	5895 	5908
f 5893 	4598 	4604
f 5905 	5910 	5907
f 5898 	5911 	5902
f 5905 	5909 	5910
f 5896 	5893 	4604
f 5907 	5910 	5875
f 5908 	5911 	5898
f 5913 	5155 	5148
f 6053 	5901 	5884
f 5907 	5875 	5863
f 5894 	6450 	5889
f 6175 	6027 	5902
f 5883 	5880 	5917
f 5918 	5811 	5814
f 5148 	5912 	5913
f 5155 	5913 	5920
f 5864 	5918 	5814
f 5880 	5915 	5917
f 5918 	5922 	5811
f 5917 	5923 	5883
f 5917 	6026 	5923
f 5811 	5922 	5815
f 4901 	5911 	5908
f 3527 	3434 	3795
f 6002 	3527 	3795
f 5883 	5923 	5892
f 5801 	5766 	5927
f 5918 	5864 	5928
f 6002 	3531 	3527
f 5923 	5929 	5892
f 5889 	5928 	5864
f 6002 	6018 	3531
f 5931 	5922 	5918
f 5685 	5682 	5932
f 5925 	5927 	5766
f 5892 	5929 	5899
f 5933 	5916 	5914
f 5918 	5928 	5931
f 5716 	5932 	5682
f 5930 	5933 	5914
f 5685 	5932 	5936
f 5929 	6275 	5899
f 5933 	5890 	5916
f 5932 	5944 	5936
f 3759 	3745 	5935
f 5890 	5933 	4594
f 6106 	6022 	5915
f 5805 	5803 	5938
f 6450 	6451 	5889
f 5687 	5939 	5696
f 5917 	5915 	6022
f 5934 	5938 	5803
f 5916 	5890 	5921
f 5687 	5936 	5939
f 5921 	5893 	5886
f 6451 	5928 	5889
f 5921 	5890 	5893
f 5716 	5756 	5942
f 6022 	6026 	5917
f 4570 	4584 	5930
f 5901 	6060 	5919
f 5716 	5942 	5932
f 4584 	4589 	5930
f 5935 	5941 	5943
f 5923 	6028 	5929
f 5920 	5089 	5155
f 6053 	6060 	5901
f 5930 	4589 	5933
f 5943 	3759 	5935
f 5942 	5944 	5932
f 4594 	5933 	4589
f 5977 	5936 	5944
f 5925 	5993 	5927
f 5945 	5768 	5742
f 5947 	5912 	6297
f 5937 	6073 	5941
f 5913 	5912 	5947
f 5937 	6067 	6073
f 5604 	5886 	5607
f 5945 	5948 	5768
f 5913 	5947 	5741
f 5950 	5407 	5946
f 5604 	5921 	5886
f 5948 	5949 	5772
f 5614 	5607 	5951
f 5902 	5942 	5756
f 6034 	5926 	5924
f 5902 	6027 	5942
f 5850 	5741 	5947
f 5886 	5951 	5607
f 5920 	5913 	5741
f 5418 	5413 	5952
f 5942 	6027 	5944
f 5562 	5614 	5951
f 5950 	5952 	5413
f 5920 	5741 	5759
f 6043 	3772 	5943
f 5580 	5579 	5954
f 5505 	5562 	5951
f 6043 	3780 	3772
f 3655 	3668 	5955
f 5696 	5954 	5579
f 5850 	5947 	5845
f 5951 	5886 	5896
f 5957 	3638 	5955
f 6016 	4879 	4871
f 5958 	5580 	5954
f 5951 	5896 	5505
f 5696 	5968 	5954
f 6043 	5956 	3780
f 5955 	5985 	5957
f 3780 	5956 	5961
f 5961 	3784 	3780
f 5897 	5959 	5963
f 3638 	5957 	5946
f 5957 	5965 	5946
f 5670 	4864 	5962
f 5939 	5968 	5696
f 5897 	5963 	5900
f 5966 	5677 	5962
f 5946 	5965 	5950
f 5954 	5969 	5958
f 5970 	5900 	5963
f 5950 	5972 	5952
f 5966 	5971 	5681
f 5968 	5969 	5954
f 5965 	5972 	5950
f 6025 	5873 	5953
f 5880 	5843 	5952
f 5880 	5952 	5972
f 5833 	4554 	5837
f 5971 	5727 	5681
f 5833 	5970 	4554
f 5971 	5914 	5727
f 5964 	5960 	6129
f 5961 	3795 	3784
f 6032 	6053 	5884
f 5914 	5971 	5930
f 6129 	6133 	5964
f 5729 	5727 	5914
f 5962 	4864 	4825
f 5975 	5976 	5844
f 6063 	6255 	5976
f 5959 	5973 	5963
f 5969 	5974 	5958
f 4735 	5805 	5938
f 5966 	5962 	4829
f 5970 	5963 	4560
f 5956 	5999 	5961
f 4825 	4829 	5962
f 5956 	5989 	5999
f 4829 	4570 	5966
f 5960 	5830 	6070
f 5963 	5973 	4560
f 4570 	5971 	5966
f 5936 	5977 	5939
f 5970 	4560 	4564
f 5978 	5968 	5939
f 5971 	4570 	5930
f 5938 	5934 	6144
f 5975 	5844 	5980
f 4569 	5973 	6466
f 5979 	5955 	3668
f 5984 	5983 	6460
f 5807 	4735 	5938
f 5973 	4569 	4576
f 5982 	6087 	3904
f 5978 	5939 	5977
f 5925 	5919 	6066
f 5978 	5990 	5968
f 5844 	6550 	5992
f 5991 	5992 	6550
f 5985 	5955 	5979
f 5957 	5985 	5995
f 5656 	5997 	5982
f 6066 	5993 	5925
f 5992 	5996 	5844
f 5927 	5993 	5998
f 5968 	5990 	5969
f 5957 	5995 	5965
f 5996 	5980 	5844
f 5990 	6000 	5969
f 5927 	5998 	5934
f 5656 	5721 	5997
f 5965 	6001 	5972
f 6261 	5144 	5988
f 6144 	5934 	5998
f 5961 	5999 	6002
f 5912 	5144 	6261
f 5995 	6001 	5965
f 5974 	5969 	6000
f 5721 	5292 	5997
f 5999 	6018 	6002
f 5999 	6013 	6018
f 6000 	6004 	5974
f 6007 	5446 	5443
f 5815 	6006 	5945
f 6005 	5981 	6103
f 4264 	6008 	4266
f 6007 	5426 	5446
f 6006 	5815 	5922
f 5979 	6052 	5985
f 4297 	6008 	4264
f 6006 	6009 	5945
f 5981 	6005 	6010
f 5978 	5977 	6038
f 6008 	6011 	4266
f 6005 	1931 	6010
f 6024 	6031 	6006
f 1165 	6112 	6003
f 5978 	6042 	5990
f 6006 	6031 	6009
f 5978 	6038 	6042
f 5945 	6009 	5948
f 5981 	6010 	5989
f 6057 	6001 	5995
f 5989 	6010 	6013
f 5949 	5948 	6012
f 4869 	5236 	6015
f 6015 	4871 	4869
f 6001 	5915 	5972
f 6009 	6012 	5948
f 6012 	6017 	5949
f 5989 	6013 	5999
f 6015 	6016 	4871
f 6012 	6050 	6017
f 6037 	6050 	6012
f 5949 	6017 	5967
f 4887 	6021 	5953
f 6107 	6014 	5926
f 6021 	4887 	6019
f 5922 	5931 	6024
f 6021 	6025 	5953
f 6121 	6023 	5541
f 6028 	5923 	6026
f 6024 	6006 	5922
f 6030 	5541 	6023
f 5807 	6029 	5924
f 1927 	1931 	6005
f 5940 	6029 	5807
f 6025 	6032 	5873
f 6024 	5931 	6530
f 6010 	1931 	1933
f 6010 	1933 	6013
f 6033 	6035 	6022
f 6029 	6034 	5924
f 5977 	5944 	6036
f 6008 	4297 	6190
f 5926 	6034 	6107
f 6022 	6035 	6026
f 6203 	6034 	6029
f 6027 	6036 	5944
f 6191 	6011 	6008
f 6026 	6305 	6028
f 6036 	6038 	5977
f 6015 	6194 	6016
f 6191 	6195 	6011
f 6016 	6206 	6019
f 6011 	6195 	6049
f 6305 	6306 	6028
f 6194 	6206 	6016
f 6039 	5943 	5941
f 6040 	4233 	4228
f 5941 	6073 	6039
f 6206 	6210 	6019
f 6033 	6041 	6035
f 6043 	5943 	6039
f 4228 	4277 	6040
f 6051 	5558 	6030
f 6039 	6047 	6043
f 6044 	4233 	6040
f 6128 	6041 	6033
f 6049 	6055 	6040
f 6040 	6055 	6044
f 6031 	6037 	6009
f 6039 	6073 	6046
f 6045 	6023 	6020
f 6023 	6045 	6048
f 6045 	6056 	6048
f 4277 	6049 	6040
f 6012 	6009 	6037
f 6047 	6039 	6046
f 6043 	6047 	5956
f 6075 	5960 	6070
f 6023 	6048 	6030
f 6051 	6030 	6048
f 6017 	6050 	6399
f 6051 	5605 	5558
f 6011 	6049 	4277
f 6054 	5995 	5985
f 5940 	5813 	6137
f 5985 	6052 	6054
f 4941 	4944 	6036
f 5964 	6137 	5813
f 6054 	6057 	5995
f 6048 	6056 	6058
f 5981 	6047 	6046
f 5964 	6145 	6137
f 6047 	5981 	5989
f 6048 	6058 	6051
f 6055 	6059 	6044
f 4735 	5838 	5805
f 6062 	6255 	6063
f 6047 	5989 	5956
f 6106 	5915 	6001
f 5919 	6060 	6066
f 6051 	5988 	5605
f 6057 	6106 	6001
f 4735 	4739 	5838
f 6070 	5830 	6069
f 6051 	6058 	5988
f 5838 	4739 	5372
f 5988 	5144 	5605
f 6074 	5372 	4739
f 6891 	6071 	6052
f 5960 	6075 	6077
f 6093 	6032 	6025
f 6074 	6079 	5376
f 6052 	6076 	6054
f 6258 	5988 	6058
f 6076 	6052 	6071
f 5376 	6079 	5378
f 7011 	6078 	6081
f 6053 	6032 	6097
f 6076 	6082 	6054
f 6097 	6102 	6053
f 6055 	6228 	6059
f 6074 	4739 	5926
f 6080 	6045 	6020
f 6089 	6076 	6071
f 4859 	6064 	6059
f 6060 	6053 	6102
f 5931 	6527 	6530
f 6067 	6081 	6084
f 6054 	6082 	6057
f 6533 	6031 	6024
f 4859 	4861 	6064
f 6105 	6109 	6066
f 6082 	6108 	6057
f 6067 	6084 	6073
f 6031 	6535 	6037
f 6014 	6268 	6086
f 5993 	6066 	6109
f 6046 	6073 	6084
f 6083 	6623 	6085
f 6087 	6090 	4324
f 6087 	6094 	6090
f 6085 	6080 	6187
f 6096 	6081 	6078
f 6080 	6085 	6091
f 6095 	6086 	6188
f 6071 	6088 	6089
f 6089 	6119 	6076
f 6080 	6091 	6045
f 6079 	6074 	6014
f 5926 	6014 	6074
f 6091 	6056 	6045
f 6084 	6103 	6046
f 6014 	6086 	6079
f 6119 	6082 	6076
f 6095 	5410 	5378
f 6238 	6093 	6025
f 5982 	6094 	6087
f 6093 	6097 	6032
f 6124 	6096 	6078
f 6094 	6098 	6090
f 6079 	6095 	5378
f 6095 	6100 	5410
f 6099 	6084 	6081
f 6090 	6098 	6092
f 6099 	6081 	6096
f 6098 	6101 	6092
f 6437 	6089 	6088
f 6249 	6097 	6093
f 6084 	6099 	6103
f 6602 	6056 	6091
f 5410 	6100 	5415
f 5982 	5997 	6094
f 815 	810 	6123
f 6105 	6066 	6060
f 6104 	5415 	6100
f 867 	6243 	870
f 5981 	6046 	6103
f 6102 	6105 	6060
f 6107 	6034 	6263
f 6098 	6168 	6101
f 6096 	6110 	6099
f 6108 	6106 	6057
f 6096 	6135 	6110
f 1165 	6151 	6112
f 6099 	6113 	6103
f 6111 	5722 	5718
f 6114 	4163 	4162
f 6108 	6033 	6106
f 6115 	6007 	6003
f 6099 	6110 	6113
f 4783 	5419 	6104
f 6111 	5718 	5726
f 6003 	6112 	6115
f 6111 	6116 	5722
f 4330 	6114 	4162
f 6103 	6113 	6005
f 5426 	6007 	6117
f 6114 	6118 	4163
f 6135 	2117 	6110
f 6106 	6033 	6022
f 806 	5722 	6116
f 6007 	6115 	6117
f 4163 	6118 	4297
f 5426 	6117 	6121
f 6208 	6209 	6034
f 6034 	6209 	6263
f 806 	6120 	810
f 6034 	6203 	6208
f 1927 	6005 	6113
f 6116 	6120 	806
f 6119 	6122 	6082
f 6120 	6123 	810
f 6263 	6264 	6107
f 6121 	5427 	5426
f 6120 	6181 	6123
f 6092 	6101 	6125
f 6119 	6455 	6122
f 6178 	6181 	6120
f 6114 	4330 	6125
f 6082 	6122 	6108
f 6114 	6127 	6118
f 6108 	6128 	6033
f 6125 	6127 	6114
f 6129 	5960 	6131
f 6122 	6128 	6108
f 6145 	5964 	6134
f 6096 	6124 	6135
f 6127 	6132 	6118
f 6115 	6167 	6136
f 4783 	5422 	5419
f 6124 	6130 	6135
f 6089 	6447 	6119
f 6116 	6178 	6120
f 6447 	6455 	6119
f 5940 	6137 	6139
f 6138 	6139 	6137
f 6115 	6136 	6117
f 6101 	6140 	6125
f 6126 	2150 	2156
f 6136 	6020 	6117
f 6137 	6146 	6141
f 6137 	6141 	6138
f 6126 	2156 	6130
f 6125 	6140 	6127
f 5940 	6139 	6142
f 6029 	5940 	6216
f 6140 	6143 	6127
f 6216 	6204 	6029
f 6130 	2102 	6135
f 6117 	6020 	6121
f 6130 	2156 	2102
f 5964 	6133 	6134
f 6135 	2102 	2117
f 6137 	6145 	6146
f 6121 	6020 	6023
f 6127 	6143 	6132
f 6077 	6131 	5960
f 5938 	6144 	5807
f 5560 	6147 	5502
f 6150 	5726 	5780
f 6143 	6148 	6132
f 5780 	6163 	6150
f 6136 	6080 	6020
f 6136 	6187 	6080
f 5813 	6144 	5998
f 5560 	6260 	6147
f 5726 	6150 	6111
f 6151 	1162 	1312
f 4418 	4770 	6207
f 6150 	6152 	6111
f 6147 	6153 	5502
f 6144 	5940 	5807
f 3886 	3849 	6149
f 5998 	5993 	6154
f 1162 	6151 	1165
f 6147 	6160 	6153
f 6150 	6169 	6152
f 6155 	4539 	4625
f 6109 	6154 	5993
f 6111 	6152 	6116
f 6154 	5813 	5998
f 6260 	6158 	6147
f 5960 	5964 	6154
f 4539 	6155 	6159
f 6079 	6086 	6095
f 6152 	6178 	6116
f 5964 	5813 	6154
f 6157 	6151 	1312
f 6158 	6160 	6147
f 6155 	6171 	6173
f 6100 	6095 	6188
f 6155 	6173 	6159
f 5940 	6144 	5813
f 6148 	4547 	4418
f 6151 	6157 	6162
f 6094 	6165 	6098
f 4542 	6164 	4546
f 6104 	6309 	4783
f 6151 	6162 	6112
f 5960 	6154 	6109
f 6104 	6250 	6309
f 5997 	6165 	6094
f 4542 	6159 	6164
f 5780 	6161 	6163
f 6112 	6167 	6115
f 6158 	6166 	6160
f 6165 	6168 	6098
f 6163 	6169 	6150
f 6112 	6162 	6167
f 4546 	6164 	3874
f 4783 	4815 	5422
f 5846 	4818 	5853
f 6170 	6140 	6101
f 5846 	4815 	4818
f 4818 	4822 	5853
f 6156 	6205 	6157
f 6168 	6170 	6101
f 6153 	6172 	5504
f 6157 	6182 	6162
f 6140 	6170 	4463
f 5906 	5860 	4876
f 6170 	4475 	4463
f 5504 	6172 	5522
f 6161 	6365 	6163
f 4822 	4877 	5860
f 4875 	5860 	4877
f 6143 	6140 	4463
f 5226 	6220 	5231
f 4876 	4878 	5906
f 5902 	5911 	6175
f 5231 	6222 	6225
f 4543 	6143 	4463
f 6172 	6174 	5522
f 6187 	6136 	6167
f 6164 	6159 	6176
f 4915 	4916 	6027
f 6174 	6177 	5527
f 6159 	6173 	6176
f 6143 	4543 	6148
f 6148 	4543 	4547
f 6015 	5236 	6179
f 6180 	6164 	6176
f 4898 	5908 	5906
f 6165 	5997 	5292
f 4898 	4900 	5908
f 4900 	4901 	5908
f 6181 	6183 	6123
f 6157 	6205 	6182
f 5911 	4919 	6175
f 5292 	4468 	6165
f 6168 	6165 	4468
f 4905 	4906 	5911
f 4920 	6175 	4919
f 6153 	6184 	6172
f 6162 	6185 	6167
f 6193 	6246 	6181
f 5911 	4901 	4905
f 6181 	6246 	6183
f 4468 	4472 	6168
f 4920 	4924 	6175
f 6123 	6183 	867
f 6160 	6184 	6153
f 6175 	4924 	4915
f 6162 	6182 	6185
f 6168 	4472 	6170
f 6184 	6186 	6172
f 6167 	6185 	6187
f 4472 	4475 	6170
f 6183 	6243 	867
f 5017 	5018 	6004
f 4297 	6118 	6190
f 4953 	5990 	6042
f 6149 	6180 	6176
f 6152 	6189 	6178
f 4928 	6036 	6027
f 4928 	6027 	4927
f 4927 	6027 	4930
f 6174 	6172 	6186
f 6179 	5236 	6225
f 6169 	6189 	6152
f 4930 	6027 	4916
f 6175 	4915 	6027
f 6194 	6015 	6179
f 6186 	6192 	6174
f 6189 	6193 	6178
f 4933 	4941 	6036
f 4928 	4933 	6036
f 6200 	6186 	6184
f 6008 	6190 	6191
f 6185 	6083 	6187
f 6038 	6036 	4945
f 6174 	6192 	6177
f 6250 	6104 	6100
f 4944 	4945 	6036
f 6217 	6083 	6185
f 6201 	6207 	6191
f 4945 	4948 	6038
f 6187 	6083 	6085
f 6191 	6207 	6195
f 6181 	6178 	6193
f 4948 	4950 	6038
f 6042 	6038 	4973
f 6171 	6196 	6197
f 6160 	6198 	6184
f 6324 	6188 	6086
f 4953 	6042 	4976
f 4975 	4976 	6042
f 6196 	6312 	6197
f 6166 	6198 	6160
f 4973 	4975 	6042
f 6118 	6132 	6190
f 6188 	6324 	6331
f 6201 	6190 	6132
f 4976 	4984 	4953
f 6198 	6200 	6184
f 6199 	6156 	1328
f 6000 	5990 	4953
f 6190 	6201 	6191
f 6186 	6202 	6192
f 6199 	6205 	6156
f 4953 	5000 	6000
f 6199 	6213 	6205
f 6201 	4418 	6207
f 6200 	6202 	6186
f 6148 	4418 	6201
f 6021 	6019 	6210
f 6004 	6000 	5004
f 5001 	5004 	6000
f 6202 	7434 	6192
f 6264 	6266 	6107
f 6207 	6211 	6195
f 1408 	6212 	6199
f 1408 	1428 	6212
f 5103 	6219 	4755
f 6213 	6199 	6212
f 6268 	6014 	6107
f 5479 	6231 	5103
f 6201 	6132 	6148
f 6205 	6213 	6214
f 6377 	6169 	6163
f 6169 	6215 	6189
f 6205 	6214 	6182
f 6198 	6230 	6200
f 5940 	6142 	6216
f 6182 	6217 	6185
f 6203 	6029 	6204
f 6211 	6207 	4770
f 6200 	6232 	6202
f 6182 	6214 	6217
f 6230 	6232 	6200
f 4770 	4773 	6211
f 6171 	6197 	6173
f 6222 	5231 	6220
f 6223 	6055 	6049
f 6173 	6224 	6176
f 6049 	6195 	6223
f 6221 	6245 	6226
f 6223 	6228 	6055
f 6714 	6213 	6212
f 6195 	6211 	6223
f 6166 	6227 	6198
f 6197 	6224 	6173
f 6215 	6377 	6429
f 6149 	6176 	6224
f 6227 	6230 	6198
f 6222 	6361 	6225
f 4242 	6229 	2963
f 6228 	4859 	6059
f 5103 	6231 	6219
f 6223 	4764 	6228
f 6225 	6276 	6179
f 6233 	6221 	6219
f 6211 	4764 	6223
f 6194 	6179 	6281
f 6231 	6233 	6219
f 4764 	4868 	6228
f 6228 	4868 	4859
f 6196 	6310 	6312
f 6227 	6236 	6230
f 6021 	6210 	6238
f 6256 	1001 	965
f 6226 	6248 	6229
f 6234 	6236 	6227
f 6236 	6240 	6230
f 4421 	6237 	6241
f 6238 	6025 	6021
f 6237 	6338 	6241
f 1046 	1001 	6333
f 6236 	6252 	6240
f 6241 	6235 	4421
f 6230 	6240 	6232
f 6334 	6242 	5845
f 6241 	6244 	6235
f 6290 	6296 	6206
f 6210 	6206 	6296
f 6242 	5897 	5845
f 6210 	6298 	6238
f 6237 	4233 	6044
f 6245 	6221 	6233
f 6226 	6245 	6248
f 6243 	6183 	6247
f 6238 	6302 	6093
f 6436 	6242 	6239
f 6100 	6188 	6250
f 6331 	6328 	6188
f 6183 	6246 	6247
f 6242 	5959 	5897
f 6247 	6251 	6243
f 6344 	6348 	6244
f 6249 	6093 	6302
f 6229 	6253 	2963
f 6229 	6248 	6253
f 6097 	6255 	6102
f 6243 	6251 	961
f 6233 	6289 	6245
f 6235 	2696 	2693
f 6256 	965 	961
f 6249 	6255 	6097
f 6235 	6257 	2696
f 6235 	6244 	6257
f 6258 	6058 	6254
f 961 	6251 	6256
f 1675 	2696 	6257
f 6245 	6292 	6248
f 6254 	6282 	6258
f 6197 	6314 	6224
f 6289 	6292 	6245
f 6250 	6188 	6330
f 6259 	1755 	1675
f 6272 	6149 	6224
f 6529 	6105 	6102
f 6257 	6259 	1675
f 6315 	3011 	6253
f 6258 	6261 	5988
f 6293 	6246 	6193
f 5868 	5899 	6265
f 5899 	6275 	6265
f 5479 	5549 	6231
f 6265 	6260 	5868
f 6246 	6293 	6300
f 5549 	6269 	6231
f 5549 	5580 	6269
f 6265 	6158 	6260
f 6246 	6300 	6247
f 6231 	6269 	6233
f 6271 	6086 	6270
f 6086 	6268 	6270
f 6259 	6274 	1755
f 6272 	3886 	6149
f 6247 	6322 	6251
f 6267 	6316 	6273
f 6268 	6287 	6277
f 6268 	6277 	6270
f 6265 	6278 	6158
f 6361 	6446 	6276
f 6086 	6271 	6280
f 6280 	6324 	6086
f 6275 	6278 	6265
f 6314 	6279 	6272
f 6278 	6166 	6158
f 6251 	6326 	6256
f 6602 	6273 	6254
f 6268 	6107 	6284
f 6272 	6279 	6285
f 6244 	6286 	6257
f 6286 	6244 	6348
f 6283 	6284 	6107
f 6266 	6283 	6107
f 6333 	1001 	6256
f 6179 	6276 	6281
f 6284 	6287 	6268
f 6282 	6254 	6273
f 6215 	6288 	6189
f 6194 	6281 	6290
f 6258 	6282 	6291
f 6272 	6285 	3886
f 6269 	6289 	6233
f 6189 	6288 	6193
f 6281 	6454 	6290
f 6278 	6303 	6166
f 6285 	3894 	3886
f 6193 	6288 	6293
f 6194 	6290 	6206
f 6258 	6291 	6261
f 5929 	6028 	6295
f 6028 	6306 	6295
f 6345 	6294 	6279
f 6261 	6297 	5912
f 6292 	6313 	6248
f 6279 	6299 	6285
f 6261 	6291 	6297
f 6279 	6294 	6299
f 6295 	6275 	5929
f 6210 	6296 	6298
f 6285 	3900 	3894
f 6295 	6301 	6275
f 6292 	6325 	6313
f 6285 	6299 	3900
f 6298 	6302 	6238
f 6253 	6248 	6313
f 6275 	6301 	6278
f 6313 	6315 	6253
f 6247 	6300 	6322
f 6301 	6303 	6278
f 6273 	6316 	6321
f 5580 	6304 	6269
f 6166 	6303 	6227
f 6273 	6321 	6282
f 6276 	6452 	6281
f 6269 	6304 	6289
f 6026 	6035 	6305
f 6446 	6452 	6276
f 6215 	6442 	6288
f 6850 	3900 	6299
f 6320 	6289 	6304
f 6281 	6452 	6454
f 6308 	6301 	6295
f 6262 	6434 	6310
f 6454 	6459 	6290
f 6293 	6288 	6307
f 6459 	6460 	6296
f 6306 	6308 	6295
f 6310 	6196 	6262
f 6308 	6311 	6301
f 6296 	6460 	6298
f 5845 	5947 	6297
f 6353 	6357 	6309
f 6301 	6311 	6303
f 6314 	6197 	6312
f 6234 	6227 	6303
f 6311 	6234 	6303
f 6249 	6302 	6550
f 6286 	6259 	6257
f 6318 	6250 	6317
f 6330 	6317 	6250
f 6286 	6319 	6259
f 6267 	6364 	6316
f 5660 	6319 	6286
f 6320 	6292 	6289
f 6353 	6250 	6354
f 6323 	6354 	6250
f 6318 	6323 	6250
f 6259 	6319 	6274
f 6306 	6305 	6341
f 6306 	6347 	6308
f 6319 	5638 	6274
f 6292 	6320 	6325
f 6341 	6347 	6306
f 6329 	6291 	6282
f 6330 	6188 	6328
f 6326 	6251 	6322
f 6329 	6282 	6321
f 6256 	6326 	6333
f 6313 	6332 	6315
f 6291 	6329 	6334
f 6272 	6224 	6314
f 6325 	6332 	6313
f 6319 	5704 	5638
f 6035 	6041 	6335
f 6332 	6336 	6315
f 6434 	6337 	6310
f 6307 	6339 	6293
f 6291 	6334 	6297
f 6335 	6305 	6035
f 6315 	6336 	3057
f 6340 	6312 	6310
f 6297 	6334 	5845
f 6293 	6339 	6300
f 3057 	6342 	3061
f 6335 	6341 	6305
f 6338 	6237 	6044
f 6310 	6337 	6340
f 6338 	6344 	6241
f 6342 	3057 	6336
f 6322 	6300 	6343
f 6312 	6340 	6345
f 6338 	6064 	6344
f 6339 	6343 	6300
f 6241 	6344 	6244
f 6322 	6343 	6346
f 6316 	6364 	6392
f 6312 	6345 	6314
f 6316 	6349 	6321
f 6308 	6350 	6311
f 4804 	4783 	6351
f 6322 	6346 	6326
f 6314 	6345 	6279
f 6427 	5342 	6417
f 6351 	6309 	6352
f 6357 	6352 	6309
f 6316 	6392 	6349
f 6327 	5342 	6427
f 7114 	6333 	6326
f 6321 	6349 	6355
f 6347 	6350 	6308
f 6342 	3079 	3061
f 6309 	6250 	6353
f 6326 	6346 	7114
f 6327 	6356 	6218
f 6348 	5660 	6286
f 6304 	5580 	5958
f 6327 	6427 	6356
f 6321 	6355 	6329
f 6218 	6356 	6358
f 6338 	6044 	6059
f 6334 	6329 	6239
f 6700 	6339 	6307
f 6059 	6064 	6338
f 6337 	6359 	6340
f 6355 	6239 	6329
f 6218 	6358 	6220
f 6344 	5662 	6348
f 6242 	6334 	6239
f 6220 	6358 	6222
f 6360 	6222 	6358
f 6540 	6335 	6041
f 6337 	6445 	6359
f 6433 	6540 	6041
f 6064 	5662 	6344
f 6362 	6340 	6359
f 6361 	6222 	6360
f 5662 	5670 	6348
f 6348 	5670 	5660
f 6064 	4861 	5662
f 6347 	6341 	6546
f 6362 	6345 	6340
f 6274 	1757 	1755
f 1757 	5831 	1759
f 6345 	6362 	6294
f 5967 	6017 	6363
f 5831 	1757 	6274
f 5831 	5832 	1759
f 6161 	5967 	6363
f 1759 	5832 	448
f 5958 	6430 	6304
f 5638 	5831 	6274
f 6363 	6365 	6161
f 6304 	6430 	6320
f 6017 	6399 	6363
f 6311 	6350 	6367
f 6373 	6364 	6657
f 6311 	6367 	6234
f 6163 	6365 	6377
f 6367 	6388 	6234
f 5389 	6378 	5394
f 6215 	6169 	6377
f 6364 	6373 	6392
f 6439 	6332 	6325
f 5394 	6397 	5337
f 6367 	6587 	6388
f 6378 	6397 	5394
f 6234 	6388 	6236
f 6363 	6407 	6365
f 6252 	6236 	6388
f 6417 	5337 	6397
f 6336 	6444 	6342
f 6363 	6399 	6407
f 6365 	6407 	6426
f 6518 	6392 	6373
f 6584 	6367 	6350
f 6417 	5342 	5337
f 6584 	6350 	6580
f 6365 	6426 	6377
f 6367 	6584 	6587
f 6377 	6426 	6429
f 6215 	6429 	6442
f 6325 	6320 	6431
f 6355 	6428 	6432
f 6433 	6041 	6128
f 6430 	6431 	6320
f 6362 	6833 	6294
f 6431 	6439 	6325
f 6716 	6399 	6050
f 6432 	6239 	6355
f 6436 	6239 	6432
f 6542 	6435 	6434
f 6428 	6456 	6432
f 6432 	6463 	6436
f 6432 	6456 	6463
f 6434 	6435 	6337
f 6485 	6427 	6417
f 6427 	6485 	6488
f 6430 	6457 	6431
f 6488 	6356 	6427
f 5959 	6242 	6436
f 783 	6745 	600
f 6438 	6437 	6935
f 6431 	6462 	6439
f 6429 	6821 	6442
f 6276 	6225 	6361
f 6748 	600 	6745
f 6429 	6817 	6821
f 6438 	6471 	6437
f 6336 	6332 	6441
f 6428 	6448 	6456
f 6442 	6307 	6288
f 6492 	6360 	6490
f 6358 	6490 	6360
f 6439 	6441 	6332
f 6441 	6444 	6336
f 6443 	6435 	6551
f 6337 	6435 	6445
f 6466 	5959 	6436
f 6436 	6463 	6466
f 6442 	6823 	6307
f 6425 	6453 	1420
f 6447 	6089 	6437
f 5974 	6430 	5958
f 6445 	6435 	6443
f 5974 	6457 	6430
f 5974 	6004 	6457
f 6468 	6481 	6450
f 6296 	6290 	6459
f 6462 	6431 	6457
f 6451 	6527 	5928
f 6455 	6465 	6122
f 6467 	6441 	6439
f 6547 	6302 	6298
f 6468 	5894 	711
f 6462 	6467 	6439
f 6466 	5973 	5959
f 6122 	6465 	6128
f 6444 	6441 	5030
f 6926 	6359 	6445
f 711 	1485 	6468
f 6465 	6433 	6128
f 6450 	5894 	6468
f 6155 	4625 	6470
f 6448 	6469 	6472
f 6437 	6471 	6447
f 6447 	6473 	6455
f 4939 	6462 	6457
f 6500 	6196 	6171
f 6448 	6472 	6456
f 6425 	6449 	6453
f 783 	781 	6739
f 6470 	6171 	6155
f 6459 	6454 	5867
f 6471 	6473 	6447
f 6456 	6474 	6463
f 6453 	1432 	1420
f 6486 	6481 	6468
f 6455 	6473 	6476
f 6460 	6459 	5872
f 6196 	6500 	6262
f 6456 	6472 	6474
f 6463 	6474 	6479
f 6478 	6451 	6450
f 6455 	6476 	6465
f 6478 	6450 	6481
f 6465 	6483 	6433
f 6482 	4683 	4680
f 6463 	6479 	6466
f 6478 	6554 	6451
f 6476 	6483 	6465
f 6417 	6397 	6484
f 6004 	4939 	6457
f 4569 	6466 	6479
f 6482 	4680 	6480
f 6397 	7721 	6484
f 6485 	6417 	6484
f 6487 	4683 	6482
f 6486 	6468 	1485
f 6469 	3921 	6472
f 6496 	6471 	6438
f 6482 	6498 	6487
f 1485 	1510 	6486
f 6469 	3968 	3921
f 6441 	6467 	5030
f 6471 	6499 	6473
f 6496 	6499 	6471
f 3925 	6474 	6472
f 4687 	6487 	6470
f 3921 	3925 	6472
f 6500 	6470 	6487
f 6474 	3925 	3100
f 4939 	5034 	6462
f 6487 	6498 	6500
f 6358 	6356 	6490
f 6478 	6481 	6489
f 6356 	6488 	6490
f 5034 	6467 	6462
f 6474 	3100 	6479
f 6481 	6493 	6489
f 5034 	5043 	6467
f 6579 	6491 	6480
f 6797 	6458 	6461
f 6479 	3100 	2711
f 5030 	6467 	5043
f 6489 	6583 	6478
f 6342 	5060 	3079
f 6480 	6491 	6495
f 6342 	6444 	5060
f 6494 	6349 	6392
f 5060 	5063 	3079
f 6997 	6496 	6438
f 6428 	6355 	6349
f 6480 	6495 	6482
f 6428 	6349 	6494
f 6444 	5030 	5067
f 1510 	6497 	6486
f 6498 	6482 	6495
f 6448 	6428 	6494
f 1510 	1543 	6497
f 6449 	6477 	6501
f 6497 	6493 	6486
f 6477 	2940 	6501
f 6497 	1543 	6514
f 6500 	6171 	6470
f 6499 	6503 	6473
f 5060 	6444 	5067
f 6486 	6493 	6481
f 6491 	6516 	6495
f 6513 	6516 	6491
f 6503 	6476 	6473
f 6506 	6489 	6493
f 6502 	6469 	6448
f 6519 	6498 	6495
f 6449 	6501 	6453
f 6502 	6505 	6469
f 6493 	6507 	6506
f 6453 	6508 	1432
f 6453 	6501 	6508
f 6492 	6510 	6360
f 6505 	3965 	3968
f 6360 	6510 	6361
f 6505 	3968 	6469
f 6555 	6537 	6509
f 6510 	6446 	6361
f 6559 	6509 	6461
f 186 	6511 	6504
f 6515 	6373 	6366
f 6513 	6491 	6599
f 6496 	6522 	6499
f 6366 	6512 	6515
f 7744 	7748 	6488
f 1556 	6514 	1543
f 6373 	6515 	6518
f 6488 	7748 	6490
f 6514 	6507 	6497
f 6494 	6392 	6518
f 6519 	6495 	6516
f 6523 	6726 	6503
f 6458 	6464 	803
f 334 	6510 	6492
f 6497 	6507 	6493
f 6498 	6519 	6262
f 331 	334 	6492
f 1987 	182 	6504
f 6633 	6506 	6507
f 6498 	6262 	6500
f 182 	186 	6504
f 6521 	6522 	6496
f 6577 	6446 	6510
f 6503 	6499 	6523
f 6452 	6446 	5877
f 5876 	5877 	6446
f 6499 	6522 	6523
f 6511 	2261 	6517
f 6577 	5878 	6446
f 6508 	1389 	1432
f 2938 	6477 	6475
f 6494 	6502 	6448
f 6516 	6542 	6519
f 6475 	2935 	2938
f 6521 	6526 	6522
f 6102 	6255 	6529
f 5931 	5928 	6527
f 6578 	6524 	6525
f 6434 	6262 	6519
f 6522 	6738 	6523
f 6105 	5830 	6109
f 2940 	6477 	2938
f 6501 	2940 	2947
f 6533 	6024 	6530
f 6501 	2947 	6508
f 6105 	6529 	5830
f 6528 	6558 	6534
f 5960 	6109 	5830
f 2902 	1389 	6508
f 6582 	6531 	6537
f 6513 	6532 	6536
f 6529 	6255 	6061
f 2947 	2902 	6508
f 6533 	6535 	6031
f 6061 	6065 	6529
f 6538 	1481 	1570
f 5830 	6529 	6068
f 6512 	6534 	6539
f 6582 	6537 	6555
f 6709 	6538 	1570
f 6536 	6516 	6513
f 6542 	6516 	6536
f 6709 	6541 	6538
f 6512 	6539 	6515
f 6518 	6515 	6543
f 6335 	6540 	6544
f 6249 	5844 	6255
f 6538 	6541 	6545
f 6255 	6062 	6061
f 6543 	6515 	6539
f 6519 	6542 	6434
f 6335 	6544 	6341
f 6518 	6543 	6502
f 5844 	5976 	6255
f 6531 	6820 	6537
f 6545 	1519 	6538
f 6544 	6546 	6341
f 6298 	6460 	6547
f 6505 	6502 	6543
f 6569 	6535 	6533
f 6536 	6532 	6549
f 6537 	6792 	6509
f 6518 	6502 	6494
f 6536 	6551 	6542
f 6433 	6483 	6552
f 6569 	6743 	6535
f 6550 	6302 	6547
f 6536 	6549 	6551
f 5844 	6249 	6550
f 6542 	6551 	6435
f 6433 	6552 	6540
f 5994 	5991 	6550
f 6555 	4183 	4179
f 6540 	6557 	6544
f 6554 	6527 	6451
f 6554 	6560 	6527
f 4183 	6555 	6559
f 6552 	6557 	6540
f 186 	2261 	6511
f 6557 	6562 	6544
f 6558 	6528 	6553
f 2261 	2263 	6517
f 6561 	4088 	4187
f 6549 	6556 	6440
f 5983 	6547 	6460
f 6534 	6558 	6563
f 6520 	6517 	2263
f 6527 	6560 	6530
f 5851 	6460 	5856
f 6561 	4187 	6559
f 6560 	6564 	6530
f 6544 	6562 	6546
f 5983 	5986 	6547
f 6561 	803 	4088
f 2263 	2269 	6520
f 6550 	6547 	5987
f 5986 	5987 	6547
f 6551 	6549 	6440
f 6534 	6563 	6539
f 6562 	6600 	6546
f 6550 	5987 	5994
f 6551 	6440 	6443
f 6539 	6566 	6543
f 6530 	6564 	6533
f 6559 	6555 	6509
f 6452 	5877 	5879
f 6564 	6569 	6533
f 5879 	5887 	6452
f 6454 	6452 	5887
f 6563 	6566 	6539
f 6560 	6589 	6564
f 6564 	6595 	6569
f 6552 	6568 	6557
f 5887 	5869 	6454
f 5867 	6454 	5869
f 6543 	6566 	6505
f 6589 	6595 	6564
f 6557 	6571 	6562
f 5871 	5872 	6459
f 6561 	6559 	6461
f 6459 	5867 	5871
f 6568 	6571 	6557
f 6458 	803 	6561
f 3965 	6505 	6566
f 5856 	6460 	5872
f 6566 	4022 	3965
f 6458 	6561 	6461
f 6478 	6583 	6554
f 6573 	4845 	4934
f 4934 	6651 	6573
f 334 	6577 	6510
f 6576 	4850 	4845
f 6558 	6553 	4008
f 6560 	6585 	6589
f 4845 	6573 	6576
f 6565 	6520 	2269
f 2269 	2272 	6565
f 6558 	4008 	4014
f 6565 	2272 	6567
f 5876 	6446 	5878
f 6581 	4175 	6578
f 4171 	6578 	4175
f 6558 	4014 	6563
f 6580 	6350 	6347
f 6567 	2275 	6570
f 6563 	4014 	4022
f 6347 	6546 	6580
f 2275 	6567 	2272
f 6576 	6599 	6579
f 2275 	207 	6570
f 4179 	6582 	6555
f 6563 	4022 	6566
f 6560 	6554 	6585
f 6577 	5882 	5878
f 6524 	6574 	6620
f 6574 	6524 	6578
f 6548 	6786 	6425
f 6525 	6581 	6578
f 6603 	6584 	6580
f 6583 	6585 	6554
f 6651 	6586 	6573
f 6573 	6586 	6590
f 6873 	4132 	6553
f 6581 	6525 	6531
f 4132 	4008 	6553
f 6388 	6593 	6252
f 6581 	6531 	6582
f 6587 	6593 	6388
f 6576 	6573 	6590
f 4406 	3496 	6592
f 6594 	6091 	6085
f 6596 	1547 	6591
f 6593 	7531 	6252
f 6599 	6576 	6590
f 6546 	6600 	6580
f 6594 	6085 	6623
f 6613 	6590 	6586
f 6506 	6601 	6489
f 6572 	6570 	207
f 6091 	6594 	6602
f 6572 	219 	6575
f 6588 	6597 	6604
f 6594 	6267 	6602
f 6489 	6601 	6583
f 6600 	6603 	6580
f 207 	219 	6572
f 6583 	6606 	6585
f 6598 	6857 	6605
f 6584 	6607 	6587
f 6579 	6599 	6491
f 6056 	6254 	6058
f 6601 	6606 	6583
f 6056 	6602 	6254
f 6588 	6604 	6592
f 6592 	6604 	6611
f 6606 	6609 	6585
f 6603 	6607 	6584
f 219 	222 	6575
f 6607 	6612 	6587
f 6575 	222 	7610
f 6606 	6675 	6609
f 6671 	6675 	6606
f 4406 	6592 	6611
f 6610 	6654 	6605
f 6594 	6631 	6267
f 6611 	4432 	4406
f 6585 	6609 	6589
f 6602 	6267 	6273
f 6609 	6616 	6589
f 6586 	6608 	6613
f 6587 	6612 	6593
f 6590 	6613 	6617
f 6589 	6616 	6595
f 6618 	6083 	6217
f 6613 	6711 	6617
f 6597 	6669 	6604
f 6613 	6707 	6711
f 6621 	6618 	6217
f 6590 	6617 	6599
f 6083 	6618 	6623
f 6513 	6599 	6617
f 6506 	6666 	6601
f 6674 	4459 	6611
f 4459 	4432 	6611
f 6671 	6606 	6601
f 6605 	6994 	6610
f 7000 	6615 	6610
f 6644 	6607 	6603
f 3547 	6625 	6628
f 6610 	6995 	7000
f 6727 	6641 	6625
f 6621 	6629 	6618
f 6614 	1994 	1987
f 6621 	6627 	6629
f 6608 	6704 	6707
f 6614 	6504 	6619
f 6615 	7002 	6620
f 6618 	6630 	6623
f 6608 	6707 	6613
f 6618 	6629 	6630
f 6628 	3484 	3547
f 6623 	6631 	6594
f 1987 	6504 	6614
f 6588 	3484 	6628
f 6623 	6630 	6631
f 6504 	6511 	6619
f 6645 	6628 	6625
f 6507 	6632 	6633
f 6634 	7555 	6636
f 6600 	6562 	6635
f 6571 	6635 	6562
f 6588 	6628 	6597
f 6514 	6632 	6507
f 6619 	6511 	6622
f 6532 	6513 	6617
f 6588 	3489 	3484
f 6511 	6517 	6622
f 6600 	6638 	6603
f 6622 	6517 	6624
f 6635 	6638 	6600
f 6678 	6637 	6643
f 6624 	6520 	6626
f 6638 	6644 	6603
f 6876 	6684 	6874
f 6624 	6517 	6520
f 6642 	4921 	5720
f 6625 	6641 	6645
f 6666 	6506 	6633
f 1556 	1651 	6648
f 6684 	6876 	6646
f 6597 	6628 	6645
f 4921 	6647 	4932
f 6514 	1556 	6648
f 6630 	6657 	6631
f 6642 	6647 	4921
f 6641 	6652 	6660
f 6514 	6648 	6632
f 6651 	4932 	6647
f 6641 	6660 	6645
f 6631 	6364 	6267
f 6877 	6847 	6646
f 36 	6690 	6591
f 6646 	6851 	6598
f 6629 	6653 	6630
f 6633 	7040 	6679
f 4224 	4222 	6654
f 6686 	6692 	6635
f 7044 	1651 	1676
f 6654 	6655 	4224
f 6638 	6635 	6692
f 6657 	6630 	6653
f 6648 	1651 	7044
f 6642 	6662 	6647
f 6659 	4235 	4230
f 7044 	7041 	6648
f 6631 	6657 	6364
f 6642 	6656 	6662
f 6648 	7041 	6632
f 6659 	4230 	6655
f 6647 	6663 	6651
f 6659 	6574 	4235
f 6653 	6691 	6366
f 6665 	6597 	6645
f 6620 	6574 	6659
f 6663 	6647 	6662
f 6512 	6366 	6691
f 6476 	6503 	6667
f 6645 	6660 	6665
f 6651 	6663 	6586
f 6653 	6366 	6657
f 6667 	6483 	6476
f 6669 	6597 	6665
f 6598 	6605 	6694
f 6657 	6366 	6373
f 6670 	6552 	6483
f 6666 	6671 	6601
f 6605 	6654 	6694
f 6663 	6608 	6586
f 6667 	6670 	6483
f 6666 	6682 	6671
f 6670 	6568 	6552
f 6654 	6610 	6655
f 6604 	6674 	6611
f 6655 	6610 	6615
f 6604 	6669 	6674
f 6667 	6503 	6726
f 6655 	6615 	6659
f 6627 	6672 	6676
f 6609 	6913 	6616
f 6656 	6673 	6677
f 6620 	6659 	6615
f 6520 	6565 	6626
f 6670 	6733 	6568
f 6675 	6913 	6609
f 6626 	6565 	6649
f 6629 	6627 	6676
f 6676 	6653 	6629
f 6673 	6781 	6677
f 6679 	6666 	6633
f 6656 	6677 	6662
f 6662 	6677 	6683
f 6680 	6571 	6568
f 6640 	6639 	6678
f 6685 	6672 	6768
f 1567 	6702 	6709
f 6679 	6682 	6666
f 6680 	6686 	6571
f 6682 	6687 	6671
f 6672 	6688 	6676
f 36 	62 	6690
f 6663 	6662 	6683
f 6649 	6567 	6650
f 6689 	4218 	4213
f 6680 	6804 	6686
f 6674 	4483 	4459
f 6671 	6687 	6675
f 6565 	6567 	6649
f 6635 	6571 	6686
f 6685 	6688 	6672
f 6608 	6663 	6683
f 6567 	6570 	6650
f 6676 	6688 	6691
f 4213 	6684 	6689
f 62 	6724 	6690
f 4218 	6689 	6694
f 6652 	6696 	6660
f 6676 	6691 	6653
f 6679 	7087 	6682
f 6650 	6570 	6658
f 6652 	6693 	6696
f 6694 	6654 	4222
f 6697 	6644 	6638
f 6658 	6572 	6661
f 6660 	6698 	6665
f 6570 	6572 	6658
f 6638 	6692 	6697
f 6660 	6696 	6698
f 6637 	6678 	6639
f 6673 	6776 	6781
f 6661 	6575 	6664
f 6699 	6665 	6698
f 6661 	6572 	6575
f 6685 	6775 	6688
f 6685 	6838 	6775
f 6678 	6874 	6684
f 6591 	6695 	6596
f 6689 	6684 	6646
f 6699 	6669 	6665
f 6688 	6777 	6691
f 6877 	6646 	6876
f 6591 	6690 	6695
f 6669 	6699 	6701
f 6596 	6695 	6702
f 6598 	6694 	6689
f 6339 	6700 	6703
f 6689 	6646 	6598
f 6804 	6680 	6800
f 6669 	6701 	6674
f 6695 	6734 	6702
f 6339 	6703 	6343
f 7610 	6668 	6664
f 6683 	6787 	6704
f 6703 	6700 	7147
f 1567 	6596 	6702
f 1428 	6705 	6708
f 6686 	6706 	6692
f 6706 	6710 	6692
f 6037 	6535 	6712
f 6708 	6212 	1428
f 6697 	6692 	6710
f 6714 	6212 	6708
f 6711 	6532 	6617
f 6735 	6708 	6705
f 6712 	6050 	6037
f 6712 	6716 	6050
f 4583 	4483 	6701
f 6713 	1994 	6717
f 6704 	6719 	6707
f 6718 	6214 	6213
f 6018 	1818 	6721
f 6706 	6829 	6710
f 6715 	6719 	6704
f 6399 	6716 	6722
f 6213 	6714 	6718
f 6707 	6719 	6723
f 6214 	6718 	6621
f 7231 	428 	425
f 425 	7224 	7231
f 6722 	6407 	6399
f 6621 	6217 	6214
f 6707 	6723 	6711
f 6728 	6426 	6407
f 6727 	3534 	6725
f 6695 	6690 	6729
f 6667 	6730 	6670
f 6711 	6723 	6731
f 6726 	6730 	6667
f 6732 	6705 	1917
f 6724 	6729 	6690
f 6625 	3547 	3539
f 6722 	6728 	6407
f 1917 	1929 	6732
f 6734 	6695 	6729
f 6730 	6733 	6670
f 3539 	6727 	6625
f 6711 	6731 	6532
f 6729 	6887 	6734
f 6680 	6568 	6733
f 6731 	6549 	6532
f 6705 	6732 	6735
f 6817 	6429 	6426
f 6702 	6734 	6741
f 6708 	6735 	6742
f 1818 	6740 	6721
f 6712 	6535 	6743
f 6738 	6522 	6526
f 6736 	6739 	781
f 783 	6739 	6745
f 6744 	6523 	6738
f 1818 	6737 	6740
f 6702 	6741 	6709
f 6716 	6712 	6746
f 6721 	6740 	6747
f 6708 	6742 	6714
f 6709 	6741 	6541
f 6714 	6742 	6749
f 6723 	6719 	6760
f 6743 	6746 	6712
f 6762 	6731 	6723
f 6746 	6750 	6716
f 6523 	6744 	6726
f 6744 	6751 	6726
f 6721 	6747 	6725
f 6731 	6556 	6549
f 6725 	6747 	6753
f 6749 	6718 	6714
f 6731 	6762 	6556
f 6716 	6750 	6722
f 6718 	6627 	6621
f 6726 	6751 	6730
f 6750 	6756 	6722
f 6730 	6757 	6733
f 6718 	6749 	6627
f 6751 	6757 	6730
f 6725 	6753 	6727
f 6727 	6753 	6641
f 6715 	6755 	6758
f 6733 	6800 	6680
f 6756 	6728 	6722
f 6717 	6614 	6720
f 1994 	6614 	6717
f 6755 	7502 	6758
f 6614 	6619 	6720
f 6756 	6831 	6728
f 6619 	6759 	6720
f 6715 	6758 	6719
f 6764 	6742 	6735
f 6760 	6719 	6758
f 6769 	6744 	6738
f 6801 	6764 	6735
f 6743 	6783 	6746
f 6759 	6761 	6921
f 6739 	7261 	6745
f 6749 	6672 	6627
f 6744 	6770 	6751
f 6723 	6760 	6762
f 6748 	7246 	6752
f 6753 	6747 	6772
f 7248 	6754 	6752
f 6753 	6652 	6641
f 6753 	6772 	6652
f 6742 	6764 	6768
f 6746 	6767 	6750
f 6738 	6526 	6766
f 6729 	6884 	6887
f 7224 	425 	7221
f 1950 	6803 	6737
f 6737 	6803 	6806
f 6464 	6458 	6802
f 6783 	6767 	6746
f 6742 	6768 	6749
f 7507 	6760 	6758
f 6769 	6738 	6766
f 6740 	6737 	6806
f 6767 	6865 	6750
f 6672 	6749 	6768
f 6779 	6747 	6740
f 6736 	6464 	6802
f 6802 	7257 	6736
f 6756 	6750 	6865
f 6806 	6779 	6740
f 6769 	6770 	6744
f 781 	6464 	6736
f 6764 	6681 	6768
f 6770 	6773 	6751
f 6704 	6608 	6683
f 6768 	6681 	6685
f 6887 	6771 	6734
f 6741 	6771 	6774
f 6751 	6773 	6757
f 6772 	6788 	6693
f 6772 	6693 	6652
f 6774 	6541 	6741
f 6778 	6743 	6569
f 6777 	6688 	6775
f 6780 	6545 	6541
f 6766 	6782 	6769
f 6569 	6595 	6778
f 6779 	6772 	6747
f 6691 	6777 	6512
f 6778 	6783 	6743
f 6780 	6541 	6774
f 6770 	6769 	6785
f 6780 	6786 	6545
f 6769 	6782 	6785
f 6677 	6787 	6683
f 6778 	6794 	6783
f 6770 	6789 	6773
f 6779 	6788 	6772
f 6677 	6781 	6787
f 6838 	6856 	6775
f 6785 	6789 	6770
f 6788 	6779 	6784
f 6777 	6775 	6528
f 6545 	6786 	6548
f 6595 	6790 	6778
f 6537 	6820 	6792
f 6856 	6528 	6775
f 6776 	7752 	6791
f 6777 	6528 	6534
f 6616 	6790 	6595
f 6790 	6794 	6778
f 6777 	6534 	6512
f 6795 	6461 	6509
f 6776 	6793 	6781
f 6782 	3747 	6785
f 6509 	6792 	6795
f 6776 	6791 	6793
f 6784 	6904 	6788
f 6785 	3573 	6789
f 6795 	6797 	6461
f 6732 	1929 	6796
f 6781 	6793 	6798
f 6759 	6622 	6761
f 6794 	6799 	6783
f 6825 	6449 	6786
f 6796 	1929 	1990
f 1280 	6548 	6425
f 6732 	6796 	6801
f 6805 	6796 	1990
f 6781 	6798 	6787
f 6800 	6733 	6757
f 1950 	2021 	6803
f 6796 	6805 	6808
f 6787 	6798 	6715
f 6619 	6622 	6759
f 6796 	6808 	6801
f 6799 	6767 	6783
f 6458 	6797 	6802
f 6801 	6735 	6732
f 6763 	6622 	6624
f 6763 	6761 	6622
f 6815 	6800 	6757
f 6799 	6910 	6767
f 6815 	6819 	6800
f 6800 	6819 	6804
f 6624 	6626 	6763
f 6715 	6704 	6787
f 6706 	6686 	6804
f 1990 	2003 	6805
f 6792 	7110 	6795
f 7111 	6795 	7110
f 6771 	6816 	6774
f 6791 	6810 	6793
f 6791 	6807 	6810
f 6803 	2021 	6809
f 6790 	6922 	6794
f 6793 	6812 	6798
f 6774 	6822 	6780
f 6803 	6811 	6806
f 6801 	6808 	6813
f 7082 	6802 	6797
f 6793 	6810 	6812
f 6825 	6786 	6780
f 6804 	6824 	6706
f 6922 	6927 	6794
f 7257 	7256 	6736
f 6798 	6755 	6715
f 6803 	6809 	6811
f 6806 	6811 	6784
f 6798 	6812 	6755
f 6829 	6706 	6824
f 6425 	6786 	6449
f 6794 	6927 	6799
f 6813 	6764 	6801
f 6681 	6764 	6813
f 6806 	6784 	6779
f 6426 	6728 	6817
f 6931 	1840 	2034
f 6807 	7570 	6810
f 6773 	6815 	6757
f 6816 	6771 	6814
f 6822 	6774 	6816
f 6823 	6442 	6821
f 6780 	6822 	6825
f 6819 	6824 	6804
f 6696 	6826 	6698
f 7108 	6792 	6820
f 6827 	6362 	6359
f 6823 	6700 	6307
f 6699 	6698 	6830
f 6838 	6685 	6681
f 6728 	6831 	6817
f 6973 	6524 	6974
f 6359 	6926 	6827
f 6824 	6864 	6829
f 6620 	6974 	6524
f 6833 	6362 	6827
f 6859 	6864 	6824
f 6830 	6698 	6826
f 6828 	6814 	6901
f 6817 	6834 	6821
f 6699 	6830 	6835
f 6814 	6828 	6836
f 6831 	6834 	6817
f 6821 	6837 	6823
f 6973 	6978 	6524
f 6828 	3165 	6836
f 6681 	6832 	6838
f 6821 	6834 	6837
f 6525 	6524 	6979
f 6832 	6849 	6838
f 6699 	6835 	6701
f 6823 	6840 	6700
f 6818 	6531 	6525
f 6832 	6846 	6849
f 6816 	6814 	6836
f 6294 	6833 	6841
f 6823 	6837 	6840
f 6815 	6773 	6839
f 6816 	6842 	6822
f 6979 	6818 	6525
f 4583 	6701 	6835
f 6836 	6842 	6816
f 6820 	6531 	6818
f 6789 	6839 	6773
f 6822 	6475 	6825
f 6839 	6848 	6815
f 6841 	6299 	6294
f 6842 	6475 	6822
f 6646 	6845 	6851
f 6826 	6843 	6852
f 6825 	6477 	6449
f 6839 	3579 	6848
f 6299 	6841 	6850
f 6825 	6475 	6477
f 6853 	6598 	6851
f 6875 	6834 	6831
f 6857 	6854 	6605
f 6855 	6605 	6854
f 6838 	6849 	6856
f 6815 	6848 	6819
f 6834 	6878 	6837
f 6848 	6859 	6819
f 6875 	6878 	6834
f 6849 	6873 	6856
f 6852 	6830 	6826
f 6857 	6598 	6853
f 6830 	6852 	6860
f 6837 	6880 	6840
f 6605 	6855 	6861
f 3132 	3165 	6828
f 6862 	6833 	6827
f 6763 	6626 	6765
f 6995 	6610 	6994
f 6819 	6859 	6824
f 7000 	6998 	6615
f 6862 	6827 	6858
f 6830 	6860 	6835
f 6833 	6862 	6867
f 6860 	4601 	6835
f 6846 	6863 	6869
f 7002 	6615 	6996
f 6756 	6870 	6831
f 7002 	6991 	6620
f 6992 	6620 	6991
f 6833 	6867 	6841
f 6869 	6849 	6846
f 6789 	3573 	3577
f 6756 	6865 	6870
f 6841 	6872 	6850
f 6678 	6643 	6874
f 6870 	6875 	6831
f 6839 	6789 	3577
f 2348 	2045 	7161
f 6841 	6867 	6872
f 6870 	6885 	6875
f 6873 	6849 	6869
f 6883 	6885 	6870
f 6850 	6872 	5935
f 6844 	6845 	6646
f 6553 	6856 	6873
f 6836 	3165 	3169
f 6844 	6646 	6847
f 6836 	3169 	6842
f 5941 	5935 	6872
f 3577 	3579 	6839
f 6873 	4256 	4132
f 6842 	2935 	6475
f 6848 	3579 	3582
f 6850 	5935 	3745
f 6842 	3169 	2935
f 6856 	6553 	6528
f 6879 	6693 	6788
f 6724 	79 	6881
f 6878 	6880 	6837
f 6937 	4249 	6863
f 6882 	6696 	6693
f 6848 	3582 	6859
f 6859 	3582 	5430
f 6693 	6879 	6882
f 6881 	79 	158
f 6865 	6883 	6870
f 6826 	6696 	6882
f 6863 	4251 	6869
f 6724 	6881 	6884
f 6910 	6883 	6865
f 6859 	5430 	6864
f 6863 	4249 	4251
f 6881 	6897 	6884
f 6869 	4251 	4256
f 6881 	6893 	6897
f 6884 	6729 	6724
f 6869 	4256 	6873
f 5979 	3668 	3692
f 6885 	6888 	6875
f 6882 	6879 	6889
f 6879 	6886 	6889
f 2003 	2145 	6890
f 6882 	6843 	6826
f 6771 	6741 	6734
f 6882 	6889 	6843
f 5979 	3692 	6891
f 6890 	6805 	2003
f 3822 	6891 	3692
f 6875 	6888 	6878
f 158 	6893 	6881
f 6894 	6808 	6805
f 6052 	5979 	6891
f 158 	173 	6893
f 6896 	3822 	3815
f 6959 	6889 	6886
f 6895 	6862 	6858
f 6894 	6805 	6890
f 6899 	6808 	6894
f 6891 	3822 	6898
f 6858 	6892 	6895
f 6862 	6895 	6900
f 6884 	6897 	6901
f 6878 	7379 	6880
f 3822 	6896 	6898
f 6891 	6898 	6071
f 6899 	6813 	6808
f 6811 	6903 	6784
f 6884 	6901 	6887
f 6813 	6899 	6832
f 6900 	6867 	6862
f 6887 	6814 	6771
f 6900 	5937 	6867
f 6883 	6985 	6885
f 6681 	6813 	6832
f 6904 	6784 	6903
f 6879 	6788 	6904
f 2329 	6866 	7161
f 6868 	6866 	6713
f 6867 	5937 	6872
f 2145 	6914 	6890
f 6896 	6905 	6907
f 2329 	6713 	6866
f 6914 	2145 	6912
f 6902 	6908 	6903
f 6713 	6717 	6868
f 6890 	6914 	6919
f 5941 	6872 	5937
f 6868 	6717 	6871
f 6906 	6908 	6902
f 6907 	6898 	6896
f 6919 	6894 	6890
f 6903 	6908 	6909
f 6892 	7010 	6895
f 6898 	6088 	6071
f 6899 	6894 	6924
f 6717 	6720 	6871
f 6898 	6907 	6088
f 6865 	6767 	6910
f 6901 	6814 	6887
f 6924 	6846 	6899
f 432 	7201 	320
f 173 	185 	6911
f 6903 	6909 	6904
f 6904 	6909 	6886
f 6910 	7004 	6883
f 6900 	7011 	6067
f 6893 	173 	6911
f 6900 	6067 	5937
f 7348 	279 	7347
f 6893 	6915 	6897
f 6909 	6955 	6886
f 6893 	6911 	6915
f 279 	7351 	290
f 6904 	6886 	6879
f 6918 	6616 	6913
f 6935 	6088 	6907
f 6913 	6945 	6918
f 6943 	6945 	6913
f 6616 	6918 	6790
f 7023 	6892 	6916
f 6906 	7150 	6908
f 3913 	4185 	6923
f 6897 	6917 	6901
f 6924 	6894 	6919
f 6918 	6922 	6790
f 6832 	6899 	6846
f 6915 	6917 	6897
f 6923 	3840 	3913
f 2157 	2177 	6928
f 6929 	3840 	6923
f 6828 	6901 	6917
f 2034 	2232 	6931
f 4185 	6938 	6923
f 6928 	6912 	2157
f 6754 	7221 	425
f 6912 	6928 	6932
f 6933 	6809 	1840
f 6858 	6926 	6930
f 7231 	7227 	428
f 6934 	6907 	6905
f 6964 	6916 	6930
f 6912 	6932 	6914
f 6933 	1840 	6931
f 6905 	6929 	6934
f 6930 	6892 	6858
f 6933 	6902 	6809
f 3197 	6911 	185
f 6914 	6936 	6919
f 6858 	6827 	6926
f 6913 	6675 	6943
f 6911 	3197 	3203
f 6935 	6907 	6934
f 6914 	6932 	6936
f 6919 	6937 	6924
f 6911 	3203 	6915
f 6437 	6088 	6935
f 6919 	6936 	6937
f 6902 	6811 	6809
f 6892 	6930 	6916
f 6915 	3206 	6917
f 6924 	6863 	6846
f 6902 	6903 	6811
f 6863 	6924 	6937
f 6949 	6922 	6918
f 6915 	3203 	3206
f 6917 	3206 	3132
f 4185 	7005 	6938
f 6923 	6938 	6941
f 6940 	6933 	6931
f 6928 	4316 	6932
f 7261 	6739 	7259
f 6928 	4334 	4316
f 6938 	6970 	6941
f 6931 	7167 	6940
f 6939 	6952 	6957
f 6932 	4316 	4321
f 6939 	6957 	6942
f 6933 	6940 	6906
f 6687 	6943 	6675
f 6923 	6941 	6929
f 6932 	4321 	6936
f 6942 	6440 	6556
f 6947 	6443 	6440
f 4246 	6937 	6936
f 6929 	6946 	6934
f 6440 	6942 	6947
f 6933 	6906 	6902
f 6929 	6941 	6946
f 6445 	6443 	6948
f 6720 	6920 	6871
f 6934 	6946 	6950
f 6945 	6949 	6918
f 4249 	6937 	4246
f 7146 	6906 	6940
f 6443 	6947 	6948
f 6720 	6759 	6920
f 6445 	6948 	6926
f 6920 	6759 	6921
f 7070 	7072 	2321
f 6917 	3132 	6828
f 6922 	6953 	6927
f 6934 	6950 	6935
f 6949 	6953 	6922
f 6438 	6935 	6950
f 6761 	6925 	6921
f 7116 	6797 	6795
f 6944 	6925 	6763
f 6795 	7111 	7116
f 6952 	6988 	6957
f 6763 	6925 	6761
f 6687 	6956 	6943
f 6763 	6765 	6944
f 6956 	6960 	6943
f 484 	2292 	6958
f 6944 	6765 	7073
f 6942 	6961 	6947
f 6959 	6886 	6955
f 6889 	6959 	6963
f 6957 	6961 	6942
f 6945 	6943 	6960
f 6947 	6961 	6964
f 6945 	6965 	6949
f 6960 	6965 	6945
f 6962 	7073 	6765
f 6946 	6981 	6950
f 6963 	6843 	6889
f 6949 	7019 	6953
f 6736 	7259 	6739
f 6950 	6997 	6438
f 6965 	7019 	6949
f 6947 	6964 	6948
f 6852 	6843 	6966
f 6948 	6930 	6926
f 6964 	6930 	6948
f 6963 	6966 	6843
f 7112 	2492 	7105
f 6966 	6969 	6852
f 6970 	6938 	6968
f 6966 	7006 	6969
f 6941 	6975 	6946
f 6969 	6860 	6852
f 7121 	2350 	2347
f 4962 	4601 	6860
f 6941 	6970 	6975
f 7523 	6965 	6960
f 6979 	6524 	6978
f 6957 	6990 	6961
f 6981 	6946 	6975
f 4962 	6860 	6969
f 6978 	6980 	6979
f 6980 	6984 	6979
f 7004 	6985 	6883
f 6987 	6888 	6885
f 6955 	7043 	6959
f 6997 	6950 	6981
f 6985 	6987 	6885
f 7070 	2321 	6982
f 6986 	6989 	6954
f 7103 	6820 	7101
f 6818 	7101 	6820
f 7449 	7452 	6987
f 6954 	6989 	6967
f 7108 	6820 	7103
f 7029 	6975 	6970
f 6989 	1618 	6967
f 6990 	6957 	6988
f 7029 	7048 	6975
f 6966 	7003 	7006
f 6989 	7557 	1618
f 6961 	6990 	6993
f 6974 	6620 	6976
f 6992 	6976 	6620
f 7449 	6987 	6985
f 6605 	6861 	6994
f 6969 	7009 	4962
f 6990 	7162 	6993
f 6961 	6993 	6964
f 6996 	6615 	6998
f 6964 	6993 	6916
f 6799 	6927 	7001
f 6927 	6953 	7012
f 6927 	7012 	7001
f 2806 	7178 	2810
f 6981 	7050 	6997
f 6959 	7043 	6999
f 7048 	7050 	6981
f 7178 	2806 	7176
f 6963 	6999 	7003
f 7001 	6910 	6799
f 7050 	6521 	6997
f 7001 	7004 	6910
f 6999 	7015 	7003
f 6997 	6521 	6496
f 6999 	7014 	7015
f 4180 	4194 	7005
f 6988 	7152 	7157
f 6963 	7003 	6966
f 7180 	2814 	7179
f 7524 	7526 	6983
f 6983 	7526 	6986
f 7157 	6990 	6988
f 2816 	7182 	2767
f 6990 	7157 	7162
f 2816 	7180 	7182
f 7001 	7013 	7004
f 7012 	7013 	7001
f 7016 	6985 	7004
f 6661 	7039 	6977
f 7009 	6969 	7006
f 6900 	6895 	7011
f 7009 	5028 	4962
f 6895 	7010 	7011
f 4194 	7007 	7008
f 6765 	6626 	6649
f 7005 	7008 	6968
f 7242 	2898 	7233
f 7011 	7010 	6078
f 7043 	7014 	6999
f 6649 	6962 	6765
f 6989 	6986 	7554
f 7013 	7016 	7004
f 6986 	7526 	7554
f 6968 	6938 	7005
f 6078 	7010 	7034
f 4240 	4309 	7137
f 7011 	6081 	6067
f 7003 	7015 	7017
f 7554 	7557 	6989
f 2922 	7213 	2925
f 7020 	6916 	6993
f 7213 	7216 	2925
f 6953 	7021 	7012
f 7003 	7017 	7006
f 2925 	7216 	2927
f 7006 	7017 	7022
f 6993 	7162 	7020
f 6962 	6650 	6972
f 2931 	2927 	7222
f 7019 	7021 	6953
f 6916 	7020 	7023
f 6649 	6650 	6962
f 7216 	7222 	2927
f 7021 	7024 	7012
f 6658 	6977 	6972
f 7006 	7022 	7009
f 7018 	1210 	7030
f 4082 	4078 	7363
f 7009 	5040 	5028
f 7030 	7032 	7018
f 7012 	7024 	7013
f 7010 	6892 	7023
f 7009 	7022 	5040
f 7025 	6970 	6968
f 7325 	215 	211
f 7013 	7026 	7016
f 6968 	7153 	7025
f 7369 	4082 	7363
f 7024 	7026 	7013
f 7014 	7069 	7071
f 7029 	6970 	7025
f 4082 	7369 	4060
f 7014 	7071 	7015
f 4060 	7369 	7372
f 7030 	1210 	7028
f 7020 	7033 	7023
f 7029 	7056 	7048
f 290 	7350 	7357
f 7086 	7022 	7017
f 7019 	7530 	7021
f 7031 	7033 	7020
f 7023 	7033 	7034
f 7528 	7530 	7019
f 7091 	5040 	7022
f 7025 	7153 	7035
f 7033 	7065 	7067
f 7021 	7532 	7024
f 4105 	7375 	4111
f 7092 	7094 	7028
f 7023 	7034 	7010
f 7530 	7532 	7021
f 7028 	7094 	7030
f 7025 	7035 	7055
f 6951 	7036 	7037
f 7376 	7213 	2922
f 6650 	6658 	6972
f 295 	7365 	202
f 7036 	7049 	7037
f 6658 	6661 	6977
f 4076 	4170 	7038
f 7036 	7046 	7049
f 7029 	7025 	7055
f 6632 	7040 	6633
f 202 	7313 	205
f 7037 	6955 	6951
f 6632 	7041 	7040
f 4076 	7038 	4078
f 7056 	7029 	7055
f 7043 	6955 	7037
f 6999 	6963 	6959
f 7320 	7322 	205
f 7031 	7065 	7033
f 7034 	7033 	7067
f 7060 	7054 	7044
f 7044 	7054 	7041
f 6981 	6975 	7048
f 7037 	7052 	7043
f 7041 	7051 	7040
f 7228 	428 	7227
f 7049 	7052 	7037
f 7054 	7051 	7041
f 7014 	7043 	7052
f 7102 	7032 	7030
f 7053 	7074 	7057
f 428 	7228 	7239
f 7044 	1676 	7060
f 428 	7239 	432
f 6661 	6664 	7039
f 7048 	7056 	7061
f 7039 	6664 	7042
f 7062 	7031 	7027
f 7060 	1676 	1722
f 7058 	4287 	668
f 1722 	7629 	7060
f 7048 	7061 	7050
f 7629 	7625 	7060
f 320 	7345 	322
f 7062 	7027 	7057
f 7050 	7063 	6521
f 7060 	7625 	7054
f 322 	7347 	279
f 7065 	7031 	7062
f 7061 	7063 	7050
f 7063 	6526 	6521
f 7624 	7051 	7054
f 4488 	4963 	7059
f 7035 	7081 	7055
f 6668 	7045 	7042
f 6745 	7263 	6748
f 6664 	6668 	7042
f 7069 	7014 	7052
f 6668 	7665 	7045
f 6124 	6078 	7034
f 7061 	7095 	7063
f 6124 	7034 	7067
f 7221 	6754 	7220
f 6526 	7063 	7098
f 7075 	2327 	2322
f 1386 	1394 	7076
f 6752 	7246 	7248
f 2322 	7072 	7075
f 7077 	7017 	7015
f 6958 	2327 	7075
f 7076 	7068 	1386
f 7074 	7053 	7226
f 6802 	7082 	7083
f 7051 	7084 	7040
f 7057 	7074 	7085
f 7077 	7015 	7071
f 7255 	6736 	7256
f 7040 	7084 	6679
f 7086 	7017 	7077
f 4538 	7076 	1394
f 7055 	7081 	7088
f 7084 	7087 	6679
f 7057 	7085 	7062
f 6682 	7089 	6687
f 4538 	4591 	7076
f 7087 	7089 	6682
f 6736 	7255 	7259
f 7062 	7090 	7065
f 7149 	7076 	4591
f 7055 	7088 	7056
f 7091 	7022 	7086
f 7062 	7085 	7090
f 5281 	7072 	7070
f 7028 	1225 	7092
f 5157 	5040 	7091
f 7093 	7061 	7056
f 7678 	7087 	7084
f 1225 	1411 	7092
f 7267 	6748 	7263
f 7056 	7088 	7093
f 7095 	7061 	7093
f 7065 	7090 	6126
f 2150 	6126 	7090
f 7089 	6956 	6687
f 7071 	7389 	7397
f 7096 	6977 	7097
f 7397 	7077 	7071
f 7102 	7030 	7094
f 7098 	7063 	7095
f 7135 	7094 	7092
f 7094 	7141 	7102
f 6766 	6526 	7098
f 7107 	6792 	7106
f 7135 	7141 	7094
f 7106 	6792 	7108
f 1046 	7119 	1066
f 7081 	7109 	7088
f 7110 	6792 	7107
f 2782 	7099 	7105
f 7412 	7091 	7086
f 1411 	1352 	7068
f 7081 	7237 	7109
f 7080 	6797 	7113
f 7078 	6797 	7080
f 7116 	7113 	6797
f 7088 	7109 	7115
f 7065 	6126 	7067
f 7067 	6130 	6124
f 7082 	6797 	7078
f 6962 	7079 	7073
f 7067 	6126 	6130
f 7114 	7119 	6333
f 7115 	7093 	7088
f 6962 	6972 	7079
f 7226 	2920 	7074
f 7093 	7120 	7095
f 6802 	7253 	7257
f 2347 	7118 	7121
f 6972 	7096 	7079
f 6984 	7123 	6979
f 1046 	6333 	7119
f 7074 	2908 	7085
f 7124 	7125 	6818
f 7115 	7120 	7093
f 7124 	6818 	7126
f 6979 	7126 	6818
f 7095 	7120 	7262
f 6972 	6977 	7096
f 6977 	7039 	7097
f 2908 	7074 	2920
f 7132 	7092 	1411
f 7127 	7049 	7046
f 7097 	7039 	7104
f 7068 	7132 	1411
f 7132 	7135 	7092
f 7046 	7122 	7127
f 2148 	7090 	7085
f 7095 	7262 	7098
f 7114 	6346 	7138
f 7049 	7127 	7128
f 7105 	7148 	7112
f 6979 	7123 	7126
f 7114 	7164 	7119
f 7098 	7262 	7266
f 7112 	7148 	7154
f 6818 	7125 	7100
f 6818 	7100 	7101
f 7114 	7138 	7164
f 7128 	7052 	7049
f 7237 	3640 	7109
f 7112 	7154 	7118
f 7069 	7052 	7128
f 7141 	7144 	7102
f 7166 	1066 	7119
f 7064 	7121 	7118
f 7109 	3615 	7115
f 1117 	1066 	7166
f 7109 	3640 	3615
f 7115 	3615 	3774
f 7066 	6982 	7121
f 1139 	1117 	7166
f 7064 	7066 	7121
f 3774 	7120 	7115
f 7134 	6346 	6343
f 6982 	7066 	7070
f 7122 	7494 	7127
f 7134 	6343 	6703
f 7138 	6346 	7134
f 7007 	4240 	7140
f 7104 	7042 	7129
f 7128 	7383 	7069
f 7039 	7042 	7104
f 7099 	7139 	7143
f 7140 	4240 	7137
f 7129 	7045 	7130
f 7145 	7007 	7140
f 7042 	7045 	7129
f 7045 	7047 	7130
f 7099 	7143 	7105
f 7130 	7047 	7131
f 7140 	7163 	7145
f 7147 	6700 	6840
f 7007 	7145 	7008
f 7068 	7149 	7132
f 6703 	7147 	7151
f 7150 	6906 	7146
f 2150 	7090 	2148
f 7148 	7105 	7143
f 7068 	7076 	7149
f 7008 	7145 	7153
f 7146 	7199 	7150
f 7149 	7155 	7132
f 7148 	3 	7154
f 6703 	7151 	7134
f 7148 	53 	3
f 7134 	7156 	7138
f 7008 	7153 	6968
f 6951 	6908 	7150
f 7132 	7155 	7135
f 7152 	7298 	7169
f 7158 	7141 	7135
f 7134 	7151 	7156
f 7150 	7036 	6951
f 7152 	7169 	7157
f 7118 	7154 	7064
f 7137 	4398 	7159
f 6951 	6909 	6908
f 7155 	7158 	7135
f 6951 	6955 	6909
f 7141 	7158 	7059
f 2345 	2348 	7197
f 7137 	7159 	7160
f 2348 	7161 	7198
f 7147 	6840 	7377
f 7198 	7161 	7264
f 32 	7418 	7417
f 7142 	7191 	7146
f 7141 	7059 	7144
f 7146 	7191 	7199
f 7140 	7137 	7160
f 7163 	7140 	7160
f 7161 	6866 	7264
f 7143 	53 	7148
f 7036 	7150 	7199
f 7149 	4596 	7155
f 7166 	7119 	7164
f 4591 	4596 	7149
f 7167 	6931 	2232
f 7145 	7168 	7153
f 7145 	7163 	7168
f 2232 	7165 	7167
f 7155 	4600 	7158
f 7156 	7171 	7138
f 4596 	4600 	7155
f 7035 	7153 	7168
f 7165 	2359 	7172
f 4600 	4488 	7158
f 7158 	4488 	7059
f 7165 	7173 	7167
f 7286 	35 	7170
f 7164 	7138 	7171
f 7170 	35 	42
f 7165 	7172 	7173
f 7139 	7170 	42
f 7164 	7174 	7166
f 7142 	7167 	7173
f 7162 	7157 	7027
f 7164 	7171 	7174
f 7139 	42 	47
f 7272 	6871 	6920
f 7160 	7183 	7163
f 7169 	7027 	7157
f 7142 	6940 	7167
f 7162 	7027 	7031
f 7162 	7031 	7020
f 7169 	7298 	7053
f 6940 	7142 	7146
f 7169 	7053 	7057
f 7238 	1868 	2376
f 7163 	7188 	7168
f 7178 	7179 	2810
f 7169 	7057 	7027
f 6920 	6921 	7285
f 6762 	7511 	6939
f 215 	7325 	7329
f 1868 	7240 	7172
f 7288 	6925 	7291
f 187 	215 	7330
f 7240 	1868 	7238
f 7288 	6921 	6925
f 7329 	7330 	215
f 7172 	7240 	7247
f 7331 	187 	7330
f 7172 	7247 	7173
f 6925 	6944 	7291
f 7159 	7181 	7160
f 7184 	7151 	7147
f 6939 	6556 	6762
f 2767 	7182 	7187
f 6939 	6942 	6556
f 7183 	7160 	7181
f 7173 	7185 	7142
f 6939 	7511 	6952
f 7188 	7163 	7183
f 7189 	7151 	7184
f 7173 	7247 	7185
f 6952 	7511 	7533
f 7142 	7185 	7191
f 7156 	7151 	7189
f 7187 	2775 	2767
f 7185 	7207 	7208
f 7171 	7156 	7194
f 7185 	7208 	7191
f 7187 	7099 	2775
f 7168 	7188 	7215
f 7175 	7195 	7177
f 7156 	7189 	7194
f 7195 	7175 	7193
f 7191 	7210 	7199
f 2782 	2775 	7099
f 7195 	1730 	7177
f 7196 	6952 	7533
f 7196 	6988 	6952
f 1730 	7195 	1805
f 7171 	7218 	7174
f 7684 	1805 	7195
f 7202 	320 	7201
f 7342 	320 	7202
f 7177 	1730 	1715
f 432 	7203 	7201
f 7184 	7204 	7189
f 7176 	7273 	7278
f 7181 	7200 	7206
f 7186 	7677 	7190
f 7176 	7278 	7178
f 7184 	7386 	7204
f 7189 	7204 	7260
f 7280 	7179 	7178
f 7207 	7185 	7247
f 7196 	7152 	6988
f 7183 	7181 	7206
f 7189 	7260 	7194
f 7354 	279 	7348
f 7684 	7195 	7193
f 7265 	7194 	7260
f 7234 	2209 	7232
f 7166 	7174 	1139
f 7219 	7230 	7188
f 7210 	7191 	7208
f 2211 	2212 	7232
f 7199 	7210 	7046
f 7182 	7170 	7187
f 7187 	7139 	7099
f 7200 	7309 	4245
f 7139 	7187 	7170
f 7200 	4245 	3660
f 2212 	2345 	7241
f 7122 	7046 	7210
f 7314 	205 	7313
f 7206 	7200 	3660
f 7254 	1183 	1139
f 7199 	7046 	7036
f 7241 	2345 	7197
f 7206 	3660 	3675
f 2348 	7198 	7197
f 7311 	7316 	202
f 7313 	202 	7316
f 1203 	1183 	7254
f 7254 	7270 	1203
f 7168 	7215 	7035
f 7215 	7081 	7035
f 7194 	7218 	7171
f 7194 	7265 	7218
f 7206 	7219 	7183
f 7206 	3675 	7219
f 1440 	7217 	7223
f 7188 	7183 	7219
f 2369 	7225 	880
f 7217 	7364 	7223
f 7229 	2895 	7222
f 2895 	7229 	7233
f 7211 	1440 	7223
f 7117 	7210 	7208
f 884 	7234 	7232
f 7223 	7235 	7211
f 7117 	7122 	7210
f 7188 	7230 	7215
f 7203 	432 	7236
f 7215 	7230 	7237
f 885 	7241 	889
f 2895 	7233 	2898
f 2979 	2984 	7367
f 7230 	3633 	7237
f 2376 	1881 	7238
f 7236 	432 	7239
f 7367 	2984 	7209
f 7215 	7237 	7081
f 7197 	889 	7241
f 7212 	7211 	7235
f 7235 	7243 	7212
f 7209 	2919 	7226
f 7347 	322 	7345
f 7232 	7241 	885
f 7209 	2984 	2919
f 7197 	7198 	889
f 6748 	7245 	7246
f 7212 	7243 	7214
f 3675 	3631 	7219
f 7251 	6754 	7250
f 2904 	7176 	2806
f 7250 	6754 	7248
f 3631 	7230 	7219
f 7225 	2209 	7234
f 7251 	7220 	6754
f 7242 	7176 	2904
f 7174 	7218 	7254
f 7253 	6802 	7083
f 3633 	7230 	3631
f 2211 	7232 	2209
f 7216 	7213 	7303
f 7237 	3633 	3640
f 7174 	7254 	1139
f 7308 	1881 	2452
f 7232 	2212 	7241
f 6745 	7261 	7263
f 7318 	7238 	1881
f 7306 	7222 	7216
f 7252 	7287 	7258
f 1881 	7308 	7318
f 7245 	6748 	7244
f 7267 	7244 	6748
f 7266 	6766 	7098
f 7315 	7229 	7222
f 7266 	6782 	6766
f 7238 	7268 	7240
f 7321 	7233 	7229
f 7218 	7265 	7270
f 7120 	3733 	7262
f 7205 	7247 	7240
f 7315 	7321 	7229
f 3774 	3733 	7120
f 7262 	3733 	3737
f 7296 	7364 	7217
f 7205 	7240 	7268
f 7218 	7270 	7254
f 7262 	3737 	7266
f 7247 	7205 	7207
f 7266 	3742 	6782
f 3737 	3742 	7266
f 3742 	3747 	6782
f 7273 	7176 	7242
f 7235 	7223 	7382
f 6866 	7269 	7264
f 7260 	7295 	7265
f 7192 	7258 	7277
f 4395 	7279 	4398
f 7258 	7289 	7277
f 6866 	6868 	7269
f 4395 	7275 	7279
f 7301 	1203 	7270
f 7192 	7277 	7196
f 7269 	6868 	7271
f 7276 	7268 	7274
f 7205 	7276 	7281
f 7196 	7277 	7152
f 7272 	7271 	6871
f 7159 	4398 	7279
f 7178 	7278 	7280
f 6868 	6871 	7271
f 7205 	7281 	7207
f 7249 	7391 	7283
f 7179 	7282 	7180
f 7207 	7284 	7208
f 7280 	7282 	7179
f 1229 	1203 	7301
f 7283 	7252 	7249
f 7180 	7282 	7286
f 7207 	7281 	7284
f 7287 	7252 	7283
f 924 	7285 	7288
f 7338 	1255 	7301
f 7284 	7117 	7208
f 7300 	7159 	7279
f 7180 	7286 	7182
f 7284 	7489 	7117
f 7170 	7182 	7286
f 4449 	7290 	4402
f 7292 	7260 	7204
f 7292 	7204 	7425
f 7273 	87 	7278
f 4402 	7294 	7275
f 7291 	7293 	1092
f 7260 	7292 	7295
f 7273 	85 	87
f 7296 	1184 	7018
f 7278 	87 	90
f 4402 	7290 	7294
f 6920 	7285 	7272
f 7289 	7258 	7287
f 7275 	7294 	7297
f 7288 	7285 	6921
f 7292 	7327 	7295
f 7278 	90 	7280
f 7277 	7298 	7152
f 7294 	7307 	7297
f 7277 	7289 	7298
f 7274 	7546 	7276
f 95 	7282 	7280
f 7265 	7295 	7299
f 7275 	7297 	7279
f 90 	95 	7280
f 32 	190 	7415
f 31 	7282 	95
f 7274 	7611 	7546
f 7279 	7297 	7300
f 7299 	7270 	7265
f 7291 	6944 	7293
f 7415 	7419 	32
f 7282 	31 	7286
f 7181 	7159 	7300
f 7418 	32 	7419
f 7301 	7270 	7299
f 7541 	7284 	7281
f 7425 	7319 	7292
f 7287 	7323 	7289
f 7290 	7302 	7304
f 7284 	7541 	7489
f 889 	7198 	918
f 7327 	7292 	7319
f 7303 	7306 	7216
f 7431 	46 	7430
f 2490 	7305 	2451
f 7264 	919 	918
f 918 	7198 	7264
f 7304 	7294 	7290
f 7295 	7333 	7299
f 7303 	123 	7306
f 7308 	2452 	7305
f 7295 	7327 	7333
f 7307 	7294 	7304
f 7269 	919 	7264
f 7297 	7309 	7300
f 7222 	7306 	7315
f 7269 	920 	919
f 7271 	921 	920
f 7287 	7283 	7317
f 7271 	920 	7269
f 7307 	7309 	7297
f 7283 	7312 	7317
f 7272 	921 	7271
f 7320 	205 	7314
f 7309 	7200 	7300
f 7318 	7268 	7238
f 921 	7272 	922
f 211 	205 	7322
f 7323 	7287 	7317
f 211 	7324 	7325
f 922 	7285 	924
f 211 	7326 	7324
f 7326 	211 	7322
f 7300 	7200 	7181
f 7233 	7321 	7328
f 7319 	7513 	7346
f 7319 	7346 	7327
f 7321 	140 	7328
f 7285 	922 	7272
f 7371 	7332 	2490
f 7233 	7328 	7242
f 7334 	7289 	7323
f 7302 	4238 	7304
f 188 	187 	7335
f 7288 	926 	924
f 7328 	7273 	7242
f 190 	188 	7337
f 7336 	7337 	188
f 4232 	4238 	7302
f 7299 	7338 	7301
f 1092 	926 	7291
f 7305 	2490 	7332
f 7339 	7336 	188
f 7299 	7333 	7338
f 7209 	7334 	7323
f 7291 	926 	7288
f 7303 	7491 	566
f 7339 	188 	7335
f 7305 	7340 	7308
f 7304 	4241 	7307
f 7334 	7298 	7289
f 7303 	566 	123
f 7337 	7341 	190
f 7341 	7411 	190
f 7413 	190 	7411
f 4238 	4241 	7304
f 7332 	7340 	7305
f 7307 	4241 	4243
f 7298 	7334 	7053
f 7343 	320 	7342
f 7308 	7340 	7344
f 7345 	320 	7343
f 7307 	4243 	7309
f 7293 	7073 	7398
f 7306 	135 	7315
f 7306 	123 	135
f 7293 	6944 	7073
f 7349 	7333 	7327
f 7308 	7344 	7318
f 7315 	135 	138
f 7309 	4243 	4245
f 7079 	7398 	7073
f 7350 	290 	7351
f 4440 	7353 	4447
f 279 	7354 	7351
f 138 	7321 	7315
f 7318 	7274 	7268
f 7401 	7398 	7079
f 7353 	4440 	4471
f 7349 	7327 	7346
f 7312 	7352 	7355
f 7318 	7344 	7274
f 7333 	7349 	7356
f 7276 	7205 	7268
f 7358 	4447 	7353
f 138 	140 	7321
f 7349 	184 	209
f 140 	85 	7328
f 7401 	7079 	7096
f 7349 	209 	7356
f 7333 	7356 	7338
f 7096 	7097 	7405
f 7273 	7328 	85
f 7296 	7217 	1184
f 295 	7360 	7365
f 7317 	7312 	7355
f 7311 	202 	7365
f 7311 	7365 	7310
f 183 	7346 	7513
f 3400 	3496 	7366
f 7317 	7355 	7367
f 7344 	7611 	7274
f 7353 	4471 	7370
f 7346 	184 	7349
f 7104 	7129 	7438
f 2487 	7371 	2490
f 7346 	183 	184
f 7323 	7317 	7367
f 7373 	7358 	7353
f 2487 	1900 	7371
f 7323 	7367 	7209
f 2527 	7626 	2558
f 7373 	7353 	7370
f 7358 	7373 	7302
f 7374 	4105 	4099
f 1264 	1255 	7338
f 2558 	7626 	7628
f 1264 	7338 	7356
f 7334 	7209 	7226
f 4099 	7372 	7374
f 7334 	7226 	7053
f 7358 	7302 	7290
f 223 	1264 	7356
f 4105 	7374 	7375
f 7130 	7131 	7445
f 7352 	2974 	7355
f 3496 	4406 	7366
f 7366 	4406 	4410
f 2979 	7367 	7355
f 209 	223 	7356
f 7366 	4410 	7368
f 7375 	7376 	4111
f 7355 	2974 	2979
f 7368 	4410 	4414
f 7371 	7638 	7645
f 7368 	4414 	7370
f 7363 	7038 	7459
f 6840 	6880 	7377
f 7332 	7371 	7645
f 7370 	4414 	4420
f 7499 	7136 	7866
f 7475 	7473 	7772
f 7147 	7377 	7184
f 6878 	6888 	7379
f 7370 	4420 	7373
f 4232 	7302 	7373
f 7373 	4420 	4232
f 6880 	7380 	7377
f 7364 	7382 	7223
f 6880 	7379 	7380
f 21 	7810 	7385
f 7441 	7364 	7296
f 7380 	7386 	7377
f 7384 	7810 	7387
f 7374 	7372 	7414
f 7387 	7810 	7388
f 5824 	7390 	5826
f 7377 	7386 	7184
f 7385 	7392 	21
f 7389 	7071 	7069
f 7389 	7069 	7383
f 7381 	7390 	5824
f 7379 	7416 	7380
f 7390 	7399 	5826
f 7390 	7429 	7399
f 7421 	7429 	7390
f 7404 	7372 	7369
f 7456 	7378 	7659
f 7403 	7086 	7077
f 7772 	7406 	7407
f 7772 	7407 	7475
f 7401 	7096 	7405
f 6888 	6987 	7408
f 7403 	7077 	7397
f 7772 	7402 	7406
f 7404 	7369 	7467
f 7412 	7086 	7403
f 7381 	6177 	7409
f 7404 	7414 	7372
f 7235 	7410 	7243
f 7408 	7379 	6888
f 7408 	7416 	7379
f 6192 	7409 	6177
f 7409 	7421 	7381
f 7380 	7420 	7386
f 7375 	7374 	7422
f 40 	7417 	7423
f 7391 	7460 	7312
f 5301 	7091 	7412
f 7416 	7420 	7380
f 44 	40 	7424
f 7423 	7424 	40
f 7391 	7312 	7283
f 7420 	7425 	7386
f 7381 	7421 	7390
f 46 	44 	7427
f 7374 	7414 	7422
f 7383 	7444 	7448
f 7424 	7426 	44
f 7488 	7375 	7422
f 7432 	7430 	46
f 7383 	7448 	7389
f 7386 	7425 	7204
f 7382 	7410 	7235
f 7432 	46 	7427
f 2873 	7399 	7429
f 7488 	7376 	7375
f 7213 	7376 	7491
f 7810 	7807 	7437
f 7446 	7410 	7382
f 7488 	7491 	7376
f 7437 	7388 	7810
f 6192 	7434 	7409
f 7097 	7436 	7405
f 7409 	7439 	7421
f 7397 	7453 	7403
f 7104 	7438 	7436
f 7467 	621 	7404
f 7097 	7104 	7436
f 7434 	7439 	7409
f 7403 	7453 	7458
f 7404 	626 	7414
f 7296 	7018 	7032
f 7440 	7429 	7421
f 6987 	7452 	7408
f 7403 	7458 	7412
f 7404 	621 	626
f 7412 	7458 	7464
f 7032 	7441 	7296
f 7439 	7440 	7421
f 7414 	626 	536
f 7364 	7443 	7382
f 536 	7422 	7414
f 7441 	7443 	7364
f 7443 	7446 	7382
f 7425 	7420 	7506
f 4146 	7447 	4166
f 7425 	7506 	7319
f 7444 	7679 	7448
f 7131 	7495 	7445
f 7447 	7450 	4166
f 7397 	7389 	7451
f 7449 	6985 	7016
f 7447 	679 	7450
f 7389 	7448 	7451
f 7397 	7451 	7453
f 4168 	7450 	4170
f 7454 	4170 	7450
f 7486 	7440 	7439
f 4170 	7455 	7038
f 7452 	7457 	7408
f 7486 	2942 	7440
f 7478 	7452 	7449
f 7455 	4170 	7454
f 7478 	7485 	7452
f 7451 	7685 	7453
f 7455 	7459 	7038
f 7452 	7485 	7457
f 7378 	7460 	7391
f 7438 	7129 	7442
f 7408 	7457 	7416
f 7129 	7130 	7442
f 7378 	7456 	7460
f 2873 	2857 	7399
f 7442 	7130 	7445
f 7416 	7461 	7420
f 68 	80 	7465
f 7440 	2912 	7429
f 7412 	7464 	5301
f 331 	7748 	7466
f 7363 	7467 	7369
f 7457 	7461 	7416
f 7440 	2942 	2912
f 334 	331 	7469
f 7363 	7459 	7467
f 7461 	7506 	7420
f 7293 	1094 	1092
f 7429 	2912 	2873
f 7466 	7468 	331
f 7468 	7469 	331
f 7465 	7428 	68
f 7293 	7398 	1094
f 334 	7469 	7470
f 7428 	7465 	7471
f 7447 	7058 	671
f 6577 	334 	341
f 1096 	1095 	7401
f 7474 	7434 	6202
f 7777 	7772 	7472
f 671 	679 	7447
f 7401 	1095 	7398
f 7428 	7471 	7433
f 7449 	7016 	7500
f 7433 	7477 	7456
f 7401 	7405 	1096
f 7433 	7471 	7477
f 1096 	7405 	1097
f 6202 	6232 	7474
f 7450 	679 	686
f 1099 	1097 	7436
f 7448 	7685 	7451
f 7474 	7482 	7434
f 7450 	686 	7454
f 7456 	7481 	7460
f 7748 	7744 	7484
f 7500 	7478 	7449
f 7455 	7454 	591
f 7436 	1097 	7405
f 7456 	7477 	7481
f 7463 	7748 	7462
f 7484 	7462 	7748
f 591 	7454 	686
f 7460 	7481 	7352
f 7474 	7493 	7482
f 7436 	7438 	1099
f 7459 	7455 	593
f 7482 	7439 	7434
f 1099 	7438 	1100
f 593 	7455 	591
f 7482 	7486 	7439
f 7459 	593 	596
f 7438 	7442 	1100
f 7460 	7352 	7312
f 7458 	7662 	7464
f 7461 	7457 	7487
f 1100 	7442 	1119
f 7465 	80 	5214
f 7459 	596 	7467
f 7464 	7663 	5385
f 7485 	7487 	7457
f 7467 	596 	621
f 7465 	3211 	7471
f 7464 	7662 	7663
f 7446 	7186 	7410
f 7442 	7445 	1119
f 421 	426 	7487
f 7446 	7637 	7186
f 7445 	7495 	1120
f 6232 	7490 	7474
f 7492 	7122 	7117
f 7303 	7213 	7491
f 1121 	1120 	7495
f 7490 	6232 	6240
f 7492 	7117 	7489
f 7500 	340 	7478
f 7422 	542 	7488
f 7186 	7190 	7615
f 7490 	7493 	7474
f 7494 	7122 	7492
f 340 	343 	7478
f 7465 	5214 	3211
f 536 	542 	7422
f 7488 	542 	558
f 7478 	343 	7485
f 7491 	7488 	558
f 343 	421 	7485
f 7471 	3215 	7477
f 7496 	7128 	7127
f 3211 	3215 	7471
f 7482 	7497 	7486
f 7485 	421 	7487
f 7491 	558 	566
f 7477 	3215 	3221
f 7058 	7447 	4146
f 1121 	7495 	7498
f 7127 	7494 	7496
f 7493 	7497 	7482
f 7498 	7499 	1122
f 7477 	3221 	7481
f 7383 	7128 	7496
f 7016 	7026 	7500
f 7498 	7136 	7499
f 7058 	668 	671
f 7352 	7481 	3227
f 7444 	7383 	7496
f 3227 	7481 	3221
f 2974 	7352 	3227
f 385 	7500 	7026
f 7503 	7490 	6240
f 7518 	7492 	7489
f 6240 	6252 	7503
f 7601 	4959 	4957
f 7490 	7505 	7493
f 4957 	7600 	7601
f 4286 	663 	4287
f 6758 	7502 	7507
f 4961 	4959 	7605
f 7503 	7505 	7490
f 663 	4286 	659
f 7502 	7529 	7507
f 7494 	7520 	7525
f 7505 	7508 	7493
f 7487 	7510 	7461
f 7494 	7525 	7496
f 7487 	426 	7510
f 4287 	663 	668
f 7511 	6762 	6760
f 7510 	7506 	7461
f 4276 	4419 	7512
f 6760 	7507 	7511
f 7496 	7525 	7444
f 7506 	7513 	7319
f 7497 	7493 	7508
f 7506 	7510 	7513
f 4276 	7512 	4280
f 7555 	4972 	4967
f 7508 	2970 	7497
f 7131 	7133 	7495
f 7512 	659 	4280
f 7495 	7133 	7498
f 4415 	4443 	712
f 7510 	426 	433
f 7531 	7503 	6252
f 4443 	750 	712
f 7510 	433 	7513
f 4972 	6678 	4977
f 712 	4419 	4415
f 6678 	6684 	4977
f 7498 	7133 	7136
f 183 	7513 	433
f 7503 	7534 	7505
f 4419 	715 	7512
f 7519 	5035 	7517
f 7489 	7515 	7518
f 7499 	7866 	7501
f 715 	4419 	712
f 7504 	7501 	7868
f 7778 	7523 	6960
f 7492 	7520 	7494
f 7519 	7521 	5035
f 6983 	6971 	7524
f 7492 	7518 	7520
f 7569 	7574 	5042
f 7573 	5042 	7574
f 7214 	7524 	6971
f 7497 	2952 	7486
f 7497 	2970 	2952
f 47 	7143 	7139
f 7486 	2952 	2942
f 53 	7143 	47
f 7528 	7019 	6965
f 2970 	7508 	3274
f 6965 	7523 	7528
f 1122 	1121 	7498
f 7536 	3274 	7508
f 7529 	7502 	7527
f 7507 	7529 	7533
f 1122 	7499 	1123
f 7501 	1125 	1123
f 7515 	7514 	127
f 7507 	7533 	7511
f 127 	7514 	121
f 7532 	7535 	7024
f 7515 	127 	77
f 7531 	7534 	7503
f 7534 	7536 	7505
f 7515 	77 	7518
f 7499 	7501 	1123
f 7552 	390 	7532
f 7505 	7536 	7508
f 7532 	390 	7535
f 7501 	7504 	1125
f 77 	81 	7518
f 7520 	7518 	81
f 7594 	7627 	7527
f 7024 	7535 	7026
f 7520 	82 	7525
f 7531 	7542 	7534
f 7527 	7537 	7538
f 7539 	7542 	7531
f 385 	7026 	7535
f 7520 	81 	82
f 7534 	7543 	7536
f 7534 	7542 	7543
f 7675 	7444 	7525
f 7529 	7527 	7538
f 7525 	82 	7675
f 7528 	7550 	7530
f 7533 	7529 	7192
f 6593 	6612 	7539
f 7066 	11 	7540
f 11 	5321 	7540
f 7551 	7281 	7276
f 6593 	7539 	7531
f 7540 	7070 	7066
f 7552 	7532 	7530
f 7538 	7192 	7529
f 7541 	7281 	7551
f 7533 	7192 	7196
f 3441 	7596 	7599
f 7544 	6612 	6607
f 5281 	7070 	7540
f 6607 	6644 	7544
f 7538 	7537 	7252
f 7545 	7539 	6612
f 7072 	5284 	7075
f 7541 	7515 	7489
f 6612 	7544 	7545
f 5281 	5284 	7072
f 7545 	7547 	7539
f 7783 	7548 	7523
f 7075 	5285 	6958
f 7539 	7547 	7542
f 7523 	7548 	7528
f 7542 	7549 	7543
f 7547 	7549 	7542
f 7546 	7551 	7276
f 7548 	7550 	7528
f 5285 	7075 	5284
f 7544 	7566 	7545
f 5285 	5287 	6958
f 7550 	7552 	7530
f 7547 	7576 	7549
f 7565 	7552 	7550
f 7540 	5321 	5323
f 7555 	4967 	7553
f 3292 	7536 	7543
f 4972 	7555 	6678
f 3305 	3292 	7543
f 7214 	7243 	7559
f 7543 	7549 	3305
f 3305 	7549 	3330
f 7555 	6640 	6678
f 1125 	7504 	1127
f 7538 	7252 	7258
f 7611 	7558 	7561
f 7538 	7258 	7192
f 6644 	6697 	7563
f 7560 	7064 	7154
f 7509 	1128 	1127
f 7548 	7562 	7550
f 7563 	7544 	6644
f 7546 	7611 	7561
f 7560 	7154 	3
f 7509 	1127 	7504
f 7562 	7565 	7550
f 7064 	7560 	11
f 7546 	7567 	7551
f 7552 	404 	390
f 7563 	7566 	7544
f 7509 	7568 	1128
f 1179 	1128 	7568
f 7570 	6807 	7564
f 7569 	5038 	7522
f 3 	2 	7560
f 7565 	404 	7552
f 7568 	7572 	1179
f 7560 	2 	8
f 7545 	7571 	7547
f 7560 	8 	11
f 7546 	7561 	7567
f 7567 	7514 	7551
f 7064 	11 	7066
f 7566 	7571 	7545
f 7573 	7578 	3441
f 7571 	7576 	7547
f 162 	53 	47
f 7574 	7577 	7573
f 7575 	6812 	6810
f 7902 	7903 	1181
f 121 	7514 	7567
f 1181 	7903 	1182
f 7551 	7514 	7541
f 6810 	7570 	7575
f 7596 	3441 	7597
f 7579 	7598 	3441
f 7579 	3441 	7578
f 7214 	7559 	7524
f 7577 	7578 	7573
f 6812 	7575 	7581
f 7524 	7582 	7526
f 53 	162 	7
f 7515 	7541 	7514
f 7559 	7582 	7524
f 7580 	7585 	7562
f 53 	7 	3
f 7526 	7584 	7554
f 7583 	7563 	6697
f 6812 	7581 	6755
f 7580 	7592 	7585
f 7819 	7592 	7580
f 6697 	6710 	7583
f 7583 	7586 	7563
f 7581 	7502 	6755
f 7556 	458 	462
f 7562 	7585 	7565
f 1180 	7902 	1181
f 7587 	7564 	142
f 7585 	489 	7565
f 142 	157 	7587
f 7563 	7586 	7566
f 7586 	7589 	7566
f 7572 	7902 	1180
f 7564 	7588 	7570
f 7564 	7587 	7588
f 7565 	489 	404
f 7571 	7566 	7589
f 7570 	7588 	7590
f 7571 	7591 	7576
f 7589 	7591 	7571
f 7582 	7584 	7526
f 7584 	7593 	7554
f 7585 	514 	489
f 7570 	7590 	7575
f 7556 	462 	7558
f 6710 	7603 	7583
f 7558 	107 	7561
f 7575 	7590 	7594
f 7585 	7592 	514
f 6710 	6829 	7603
f 7558 	462 	107
f 7554 	7593 	7557
f 7583 	7606 	7586
f 7567 	7561 	113
f 7593 	1690 	7557
f 7590 	7627 	7594
f 7595 	525 	7592
f 7575 	7594 	7581
f 7567 	113 	121
f 7527 	7581 	7594
f 4959 	7601 	7602
f 7640 	4959 	7602
f 7592 	525 	514
f 7823 	7609 	7595
f 7581 	7527 	7502
f 764 	525 	7595
f 7340 	7607 	7344
f 7603 	7606 	7583
f 7606 	7608 	7586
f 4959 	7640 	7605
f 157 	176 	7587
f 7587 	176 	7616
f 7586 	7608 	7589
f 7589 	7614 	7591
f 7615 	7617 	7559
f 7608 	7614 	7589
f 7587 	7616 	7588
f 7607 	7611 	7344
f 7609 	764 	7595
f 41 	7609 	27
f 7619 	7621 	7603
f 7609 	772 	764
f 7644 	7631 	7605
f 7609 	41 	772
f 7603 	7621 	7606
f 41 	823 	772
f 7593 	7584 	7177
f 41 	106 	823
f 7549 	7576 	3330
f 106 	118 	832
f 7576 	7591 	3344
f 7177 	1715 	7593
f 3344 	3330 	7576
f 7591 	7614 	3383
f 106 	832 	823
f 3383 	3344 	7591
f 7593 	1715 	1690
f 7410 	7615 	7243
f 7555 	6634 	6640
f 7613 	114 	134
f 7615 	7559 	7243
f 7597 	3441 	7598
f 13 	7614 	7608
f 7582 	7559 	7617
f 846 	118 	7613
f 7604 	7612 	7556
f 7610 	6664 	6575
f 13 	3410 	7614
f 7614 	3410 	3383
f 1009 	2252 	7613
f 7613 	2252 	846
f 7603 	6829 	7619
f 7604 	7556 	7607
f 7620 	6668 	7610
f 7611 	7607 	7558
f 7582 	7617 	7175
f 7619 	6829 	6864
f 1941 	1009 	134
f 134 	1009 	7613
f 7556 	7558 	7607
f 7582 	7175 	7584
f 7621 	7623 	7606
f 7621 	5440 	7623
f 5437 	5440 	7621
f 7175 	7177 	7584
f 7606 	7623 	7608
f 7612 	458 	7556
f 7623 	13 	7608
f 7186 	7615 	7410
f 7618 	7590 	7588
f 7612 	454 	458
f 7054 	7625 	7624
f 7615 	7190 	7617
f 7588 	7616 	7618
f 7627 	7590 	7618
f 7617 	7193 	7175
f 6864 	5430 	5434
f 2527 	3286 	7626
f 7190 	7193 	7617
f 5434 	7619 	6864
f 7621 	7619 	5437
f 2949 	7655 	7629
f 5434 	5437 	7619
f 7633 	1900 	2569
f 7634 	7635 	7553
f 7537 	7527 	7627
f 2569 	7628 	7633
f 7553 	7636 	7634
f 5503 	7623 	5440
f 7605 	7632 	7636
f 7623 	5503 	13
f 7633 	7638 	1900
f 176 	7647 	7616
f 7635 	7639 	7553
f 7639 	7682 	7553
f 7629 	7641 	7625
f 7616 	7647 	7649
f 7655 	7641 	7629
f 7553 	7682 	7555
f 7637 	7677 	7186
f 7616 	7649 	7618
f 7625 	7641 	7642
f 7618 	7651 	7627
f 7638 	7371 	1900
f 7610 	224 	7620
f 224 	230 	7620
f 7644 	7605 	7640
f 7625 	7642 	7624
f 7620 	230 	7622
f 7632 	7605 	7631
f 257 	7652 	7622
f 230 	257 	7622
f 7636 	7553 	7605
f 7332 	7604 	7340
f 7646 	7648 	7630
f 7332 	7645 	7604
f 7604 	7607 	7340
f 7647 	176 	285
f 3286 	632 	7626
f 7630 	7648 	7637
f 7628 	7626 	638
f 6668 	7620 	7665
f 7648 	7677 	7637
f 7647 	7659 	7649
f 7626 	632 	638
f 7647 	7656 	7659
f 7633 	7628 	639
f 638 	639 	7628
f 7620 	7622 	7665
f 7651 	7618 	7649
f 7633 	639 	490
f 7144 	7059 	7650
f 7622 	7652 	7667
f 7249 	7537 	7627
f 7650 	7653 	7643
f 7638 	7633 	490
f 7645 	7638 	494
f 7627 	7651 	7249
f 7249 	7252 	7537
f 285 	299 	7656
f 494 	7638 	490
f 7643 	7653 	7646
f 7645 	494 	7612
f 7645 	7612 	7604
f 7646 	7657 	7648
f 7647 	285 	7656
f 7658 	7458 	7453
f 7653 	7657 	7646
f 7641 	7660 	7642
f 7649 	7378 	7651
f 7649 	7659 	7378
f 7658 	7662 	7458
f 7661 	7660 	7641
f 7651 	7391 	7249
f 7651 	7378 	7391
f 259 	7654 	7652
f 299 	7428 	7656
f 7656 	7433 	7659
f 7666 	5389 	5385
f 7664 	7655 	2967
f 7656 	7428 	7433
f 7659 	7433 	7456
f 5385 	7663 	7666
f 7665 	7047 	7045
f 7666 	6378 	5389
f 2967 	2985 	7664
f 7664 	7661 	7655
f 7669 	5714 	5713
f 7658 	7711 	7662
f 7655 	7661 	7641
f 7059 	4963 	7650
f 7669 	5713 	7668
f 7672 	5714 	7669
f 7663 	7716 	7666
f 7650 	4969 	7653
f 4963 	4969 	7650
f 4969 	4974 	7653
f 6642 	5720 	7672
f 7726 	7725 	7664
f 7653 	4974 	7657
f 4974 	4979 	7657
f 7051 	7674 	7084
f 4979 	7708 	7657
f 7668 	7673 	7676
f 7624 	7674 	7051
f 7674 	7678 	7084
f 7679 	7444 	7675
f 7190 	7680 	7193
f 7668 	7676 	7669
f 7675 	7690 	7679
f 7675 	7689 	7690
f 7669 	7681 	7672
f 7677 	7680 	7190
f 6636 	7555 	7682
f 7680 	7684 	7193
f 7087 	7683 	7089
f 7669 	7676 	7681
f 7685 	7448 	7679
f 7672 	7681 	6656
f 7678 	7683 	7087
f 7672 	6656 	6642
f 7686 	7453 	7685
f 7658 	7453 	7686
f 7688 	7674 	7624
f 7648 	7697 	7677
f 7675 	82 	7689
f 7642 	7688 	7624
f 7673 	7687 	7691
f 7677 	7701 	7680
f 7688 	7692 	7674
f 7687 	7751 	7691
f 7688 	7702 	7692
f 7687 	7747 	7751
f 7674 	7692 	7678
f 7704 	7707 	7684
f 7679 	7690 	7693
f 7673 	7691 	7676
f 7694 	7683 	7678
f 7676 	7691 	7695
f 7692 	7694 	7678
f 7707 	1805 	7684
f 3447 	4427 	7696
f 7679 	7693 	7685
f 7696 	7699 	3447
f 7695 	7681 	7676
f 7660 	7700 	7642
f 7685 	7698 	7686
f 7681 	6673 	6656
f 7697 	7701 	7677
f 7698 	7685 	7693
f 7642 	7700 	7688
f 7681 	7695 	6673
f 7700 	7702 	7688
f 7680 	7704 	7684
f 7702 	7705 	7692
f 7686 	7788 	7658
f 7689 	94 	32
f 7701 	7704 	7680
f 7702 	7749 	7705
f 7692 	7705 	7694
f 7704 	7719 	7707
f 7715 	7719 	7704
f 7700 	7660 	7745
f 7707 	1824 	1805
f 7695 	7752 	6776
f 7657 	7708 	7648
f 7695 	6776 	6673
f 7702 	7746 	7749
f 7708 	7697 	7648
f 7708 	7712 	7697
f 7710 	5776 	5775
f 7662 	7713 	7663
f 5775 	7709 	7710
f 5776 	7710 	7714
f 7665 	7622 	7667
f 7662 	7711 	7713
f 7697 	7712 	7701
f 7709 	7720 	7710
f 7713 	7716 	7663
f 7712 	7715 	7701
f 7667 	7652 	7670
f 5779 	5776 	7714
f 5779 	7714 	7668
f 7670 	7654 	7671
f 7704 	7701 	7715
f 7652 	7654 	7670
f 7849 	7718 	7709
f 7717 	6378 	7666
f 7654 	7724 	7671
f 7707 	1656 	1824
f 7671 	7724 	7703
f 7716 	7717 	7666
f 7717 	7721 	6378
f 7724 	7727 	7703
f 7719 	1656 	7707
f 7703 	7727 	7706
f 7709 	7718 	7720
f 7710 	7720 	7722
f 7727 	7728 	7706
f 7721 	6397 	6378
f 7661 	7723 	7660
f 4979 	5061 	7708
f 7720 	7736 	7722
f 7723 	7661 	7725
f 5061 	7712 	7708
f 7710 	7722 	7714
f 2985 	3082 	7726
f 7714 	7722 	7673
f 7664 	2985 	7726
f 7712 	5065 	7715
f 7687 	7673 	7722
f 5061 	5065 	7712
f 7714 	7673 	7668
f 7762 	7716 	7713
f 7726 	7731 	7725
f 7664 	7725 	7661
f 7730 	7723 	7725
f 7716 	7762 	7769
f 7730 	7725 	7731
f 7716 	7769 	7717
f 4786 	5611 	7719
f 7732 	7720 	7718
f 7726 	3082 	7735
f 7718 	7729 	7732
f 7734 	7441 	7032
f 7728 	353 	7733
f 3082 	3099 	7735
f 7736 	7720 	7732
f 7735 	7731 	7726
f 7734 	7032 	7102
f 7735 	7741 	7731
f 7734 	7738 	7441
f 7740 	7730 	7731
f 7731 	7741 	7740
f 6484 	7743 	6485
f 7144 	7734 	7102
f 3099 	3120 	7742
f 7654 	263 	7724
f 7441 	7738 	7443
f 7687 	7722 	7736
f 7742 	7735 	3099
f 7742 	7741 	7735
f 7724 	264 	7727
f 7630 	7443 	7738
f 263 	264 	7724
f 264 	267 	7727
f 7646 	7630 	7738
f 7830 	7740 	7741
f 7443 	7630 	7446
f 7727 	267 	7728
f 7630 	7637 	7446
f 7804 	7736 	7732
f 6485 	7743 	7744
f 357 	7737 	7733
f 7742 	7831 	7741
f 7479 	7480 	7743
f 7736 	7804 	7747
f 7739 	7737 	358
f 7745 	7660 	7723
f 7736 	7747 	7687
f 7144 	7643 	7734
f 6485 	7744 	6488
f 7745 	7746 	7700
f 357 	358 	7737
f 7753 	7745 	7723
f 7745 	7755 	7746
f 7753 	7755 	7745
f 7738 	7734 	7643
f 7700 	7746 	7702
f 358 	359 	7739
f 7746 	7757 	7749
f 7643 	7646 	7738
f 6490 	7748 	6492
f 331 	6492 	7748
f 7144 	7650 	7643
f 7691 	7752 	7695
f 7730 	7753 	7723
f 359 	7750 	7739
f 7691 	7751 	7752
f 7480 	7483 	7744
f 7750 	363 	43
f 7755 	7757 	7746
f 7757 	7799 	7749
f 7463 	7466 	7748
f 7747 	7756 	7760
f 7759 	7131 	7047
f 7730 	7763 	7753
f 7740 	7763 	7730
f 7765 	7755 	7753
f 7763 	7765 	7753
f 7747 	7760 	7751
f 7765 	7766 	7755
f 7751 	7767 	7752
f 7761 	7770 	2027
f 7766 	7757 	7755
f 7751 	7760 	7767
f 7396 	7394 	7762
f 7752 	7767 	6791
f 7768 	7703 	7771
f 7770 	2024 	2027
f 7721 	7717 	7772
f 7763 	7840 	7765
f 7765 	7841 	7766
f 2028 	2024 	7773
f 7770 	7773 	2024
f 7717 	7769 	7772
f 7774 	2029 	2028
f 7089 	7683 	7775
f 7773 	7774 	2028
f 7721 	7772 	7777
f 7774 	1877 	2029
f 7775 	6956 	7089
f 7665 	7667 	7047
f 6956 	7778 	6960
f 7814 	7776 	7756
f 7754 	7800 	1031
f 7775 	7778 	6956
f 7759 	7047 	7667
f 7721 	7777 	6484
f 7780 	7775 	7683
f 7764 	7759 	7670
f 7756 	7779 	7760
f 7777 	7743 	6484
f 1035 	7758 	7754
f 7683 	7694 	7780
f 7780 	7781 	7775
f 1031 	1035 	7754
f 7394 	7395 	7762
f 7756 	7776 	7779
f 7759 	7667 	7670
f 7784 	7785 	7780
f 7780 	7785 	7781
f 7670 	7671 	7764
f 7760 	7779 	7782
f 7775 	7781 	7778
f 7781 	7783 	7778
f 7761 	7758 	1069
f 7762 	7393 	7396
f 7764 	7671 	7768
f 7769 	7395 	7400
f 7778 	7783 	7523
f 7779 	142 	7782
f 7768 	7671 	7703
f 1069 	1073 	7761
f 7772 	7769 	7402
f 7400 	7402 	7769
f 7694 	7784 	7780
f 7761 	1073 	7770
f 7767 	7760 	7782
f 7694 	7705 	7784
f 7473 	7472 	7772
f 7784 	7791 	7785
f 7767 	7782 	6807
f 7777 	7472 	7476
f 7703 	7706 	7771
f 7781 	7786 	7783
f 7773 	744 	7774
f 7785 	7786 	7781
f 7777 	7476 	7479
f 7777 	7479 	7743
f 7783 	7787 	7548
f 7744 	7743 	7480
f 7786 	7787 	7783
f 7767 	6807 	6791
f 7698 	7788 	7686
f 746 	1877 	7774
f 7787 	7562 	7548
f 7789 	316 	291
f 7788 	7711 	7658
f 7784 	7790 	7791
f 7776 	192 	7779
f 7759 	7133 	7131
f 7776 	191 	192
f 7759 	7764 	7133
f 7815 	7787 	7786
f 142 	7779 	192
f 7689 	32 	40
f 7136 	7133 	7764
f 7580 	7562 	7787
f 7689 	40 	7690
f 7705 	7790 	7784
f 7749 	7790 	7705
f 44 	7693 	7690
f 7782 	7564 	6807
f 7782 	142 	7564
f 7791 	7793 	7785
f 44 	7690 	40
f 7764 	7768 	7136
f 44 	46 	7693
f 7866 	7768 	7771
f 7793 	7786 	7785
f 7693 	46 	7698
f 7793 	7815 	7786
f 7788 	7698 	7807
f 7796 	7732 	7729
f 7799 	7790 	7749
f 7796 	7729 	7795
f 7791 	7790 	7802
f 7799 	7802 	7790
f 7732 	7796 	7804
f 7791 	7803 	7793
f 7802 	7803 	7791
f 7754 	7792 	7800
f 7757 	7805 	7799
f 7766 	7805 	7757
f 7805 	7808 	7799
f 7820 	7822 	7801
f 7754 	7794 	7792
f 46 	7807 	7698
f 7810 	7711 	7788
f 7799 	7808 	7802
f 7754 	7758 	7794
f 7808 	7812 	7802
f 7788 	7807 	7810
f 7802 	7812 	7803
f 2127 	7794 	7758
f 7810 	21 	7711
f 2127 	7761 	2027
f 7795 	7813 	7796
f 7798 	7771 	7706
f 7758 	7761 	2127
f 7795 	7809 	7813
f 7796 	7813 	7814
f 7711 	21 	7713
f 7820 	7801 	7798
f 21 	7762 	7713
f 7797 	1105 	1029
f 1 	24 	7812
f 7431 	7807 	46
f 7806 	7801 	7822
f 7797 	1029 	7800
f 7796 	7814 	7804
f 7807 	7431 	7435
f 7804 	7756 	7747
f 7815 	7580 	7787
f 7435 	7437 	7807
f 7822 	7826 	7806
f 7804 	7814 	7756
f 7793 	7816 	7815
f 7803 	7816 	7793
f 7816 	7819 	7815
f 7384 	7385 	7810
f 7816 	7823 	7819
f 7820 	7798 	7706
f 7706 	7728 	7820
f 7580 	7815 	7819
f 7803 	7821 	7816
f 7812 	7821 	7803
f 1483 	7818 	7824
f 7809 	7817 	7825
f 7821 	7823 	7816
f 7819 	7595 	7592
f 7823 	7595 	7819
f 7818 	7839 	7824
f 7812 	24 	7821
f 24 	27 	7821
f 7821 	27 	7823
f 7809 	7825 	7813
f 27 	7609 	7823
f 7741 	7831 	7830
f 7813 	7829 	7814
f 7813 	7825 	7829
f 7828 	1488 	7824
f 3120 	3253 	7833
f 3120 	7833 	7742
f 7814 	7829 	7776
f 7833 	7831 	7742
f 3271 	7836 	3253
f 7836 	7835 	7833
f 7833 	7835 	7831
f 7728 	7733 	7820
f 7831 	7834 	7830
f 7831 	7835 	7834
f 7820 	7733 	7822
f 7826 	7822 	7737
f 7733 	7737 	7822
f 7833 	3253 	7836
f 240 	7817 	7929
f 7852 	7835 	7836
f 7826 	7739 	7827
f 7789 	321 	316
f 7737 	7739 	7826
f 7817 	244 	7825
f 7739 	7750 	7827
f 7817 	240 	244
f 7852 	7836 	3271
f 7789 	7837 	321
f 7827 	7750 	7832
f 7825 	244 	250
f 43 	7853 	7832
f 7829 	7825 	250
f 7740 	7838 	7763
f 321 	7837 	7818
f 7830 	7838 	7740
f 7838 	7840 	7763
f 7750 	43 	7832
f 7838 	7846 	7840
f 7845 	7846 	7838
f 7829 	250 	191
f 43 	48 	7853
f 7839 	7818 	7837
f 7840 	7841 	7765
f 7829 	191 	7776
f 7824 	7839 	7797
f 7888 	7805 	7766
f 7841 	7888 	7766
f 7843 	5875 	5910
f 7834 	7845 	7838
f 7834 	7838 	7830
f 7839 	1105 	7797
f 7840 	7847 	7841
f 7846 	7847 	7840
f 7824 	7797 	7828
f 7847 	4 	7841
f 7848 	5881 	5875
f 7811 	7806 	7826
f 7828 	7800 	7792
f 4 	7847 	57
f 7841 	4 	7888
f 7800 	7828 	7797
f 5875 	7843 	7848
f 7826 	7827 	7811
f 7871 	7846 	7845
f 5881 	7848 	7849
f 7837 	7789 	1091
f 7827 	7842 	7811
f 7846 	7873 	7847
f 7871 	7873 	7846
f 7837 	1091 	1101
f 7848 	7864 	7849
f 7834 	7835 	7851
f 7850 	7851 	7835
f 7842 	7832 	7844
f 1101 	7839 	7837
f 7827 	7832 	7842
f 5881 	7849 	5885
f 3271 	3342 	7852
f 7832 	7853 	7844
f 7709 	5885 	7849
f 7835 	7852 	7850
f 1101 	1105 	7839
f 7854 	7851 	7856
f 7850 	7856 	7851
f 7854 	7876 	7851
f 7859 	7852 	3342
f 3342 	3349 	7859
f 7843 	7855 	7861
f 7850 	7852 	7856
f 7859 	7856 	7852
f 7856 	7862 	7863
f 7855 	7869 	7861
f 7843 	7861 	7848
f 1158 	7898 	1152
f 7854 	7856 	7863
f 7863 	7881 	7854
f 7898 	1158 	7857
f 7865 	7859 	3357
f 3349 	3357 	7859
f 7864 	7848 	7861
f 7859 	7862 	7856
f 7858 	7853 	48
f 7865 	7862 	7859
f 7858 	48 	7860
f 1664 	7862 	1663
f 7860 	54 	39
f 1158 	1163 	7857
f 52 	54 	7860
f 7862 	1664 	7863
f 7849 	7864 	7718
f 1664 	1728 	7863
f 7136 	7768 	7866
f 1674 	7865 	3357
f 198 	1242 	7910
f 7865 	1663 	7862
f 1674 	1663 	7865
f 7866 	7868 	7501
f 7834 	7870 	7845
f 7851 	7870 	7834
f 7869 	7855 	7867
f 7870 	7871 	7845
f 7872 	7504 	7868
f 7861 	7874 	7864
f 7868 	7798 	7872
f 7876 	7870 	7851
f 7861 	7869 	7874
f 7870 	7876 	7871
f 7877 	7871 	7876
f 7509 	7504 	7872
f 7877 	7879 	7871
f 7864 	7874 	7729
f 7878 	20 	232
f 7871 	7879 	7873
f 7879 	64 	57
f 7879 	57 	7873
f 7875 	7878 	232
f 7876 	7854 	7881
f 7881 	7883 	7876
f 7864 	7729 	7718
f 7876 	7883 	7877
f 7883 	7885 	7877
f 7867 	7912 	7913
f 7877 	7885 	7879
f 7989 	50 	7884
f 7879 	70 	64
f 70 	7879 	7885
f 7867 	7913 	7869
f 1728 	7881 	7863
f 1732 	7883 	7881
f 7869 	7914 	7874
f 1728 	1732 	7881
f 1732 	1741 	7883
f 7795 	7729 	7874
f 7883 	1741 	7885
f 1741 	1896 	7885
f 7888 	6 	7805
f 7868 	7866 	7771
f 7889 	5909 	1541
f 7888 	5 	6
f 4 	5 	7888
f 7805 	6 	7808
f 7798 	7868 	7771
f 1 	7812 	7808
f 7808 	6 	1
f 7880 	7872 	7801
f 7889 	1541 	7887
f 7889 	7891 	5909
f 7798 	7801 	7872
f 7878 	7890 	7884
f 7801 	7806 	7880
f 7890 	7892 	7884
f 7891 	5910 	5909
f 7886 	7894 	7902
f 7843 	5910 	7891
f 7886 	7842 	7894
f 7896 	7887 	1590
f 1590 	1599 	7896
f 7895 	7898 	7890
f 7887 	7896 	7899
f 7882 	7880 	7806
f 7895 	1152 	7898
f 7806 	7811 	7882
f 7886 	7882 	7811
f 7890 	7898 	7892
f 7857 	74 	7892
f 7886 	7811 	7842
f 7887 	7899 	7889
f 7897 	7894 	7844
f 7898 	7857 	7892
f 7889 	7899 	7900
f 7899 	7905 	7900
f 7842 	7844 	7894
f 7889 	7900 	7891
f 1314 	1317 	7893
f 7891 	7855 	7843
f 7893 	1317 	7895
f 7900 	7855 	7891
f 1599 	7901 	7896
f 1317 	1152 	7895
f 7896 	7904 	7899
f 7896 	7901 	7904
f 7907 	7875 	245
f 7905 	7899 	7904
f 7905 	7867 	7900
f 7906 	7907 	245
f 7907 	7909 	7875
f 7900 	7867 	7855
f 7509 	7880 	7568
f 7872 	7880 	7509
f 28 	7901 	1612
f 7909 	7878 	7875
f 7909 	7890 	7878
f 33 	7904 	7901
f 7572 	7568 	7882
f 7910 	7906 	332
f 7905 	7904 	38
f 7568 	7880 	7882
f 7904 	33 	38
f 7902 	7572 	7886
f 332 	198 	7910
f 7882 	7886 	7572
f 7910 	7911 	7906
f 7905 	7912 	7867
f 7905 	38 	7912
f 7894 	7903 	7902
f 7910 	1313 	7911
f 7906 	7911 	7907
f 7911 	7893 	7907
f 7908 	7916 	2953
f 7920 	7913 	7912
f 7907 	7893 	7909
f 7916 	7918 	2953
f 7909 	7895 	7890
f 7893 	7895 	7909
f 7914 	7869 	7913
f 7910 	1242 	1313
f 7897 	7908 	7903
f 7874 	7914 	7795
f 7911 	1314 	7893
f 7903 	7894 	7897
f 1313 	1314 	7911
f 7908 	7897 	7916
f 38 	7915 	7912
f 51 	7915 	38
f 7912 	7915 	7920
f 2957 	7918 	7921
f 2957 	2960 	7918
f 7921 	7922 	2957
f 7913 	7924 	7914
f 7913 	7920 	7924
f 7914 	7924 	7809
f 7922 	7925 	2965
f 7952 	7923 	2403
f 7914 	7809 	7795
f 2965 	7925 	2966
f 51 	7926 	7915
f 7915 	7927 	7920
f 7940 	2966 	7925
f 7980 	7919 	7917
f 7924 	7817 	7809
f 7933 	7918 	7916
f 7936 	7921 	7933
f 515 	521 	7928
f 7927 	7915 	7926
f 7920 	7927 	7929
f 7928 	518 	515
f 7928 	7930 	518
f 7920 	7929 	7924
f 7817 	7924 	7929
f 7844 	7931 	7897
f 7926 	63 	480
f 7931 	7916 	7897
f 7933 	7916 	7931
f 7926 	524 	7927
f 7853 	7931 	7844
f 7928 	521 	7934
f 7931 	7858 	7933
f 480 	524 	7926
f 7853 	7858 	7931
f 7932 	7934 	521
f 7927 	524 	526
f 7935 	7930 	7928
f 7927 	526 	7929
f 7934 	7935 	7928
f 7935 	7938 	7930
f 1647 	549 	14
f 7860 	7936 	7858
f 7933 	7858 	7936
f 1631 	14 	17
f 17 	14 	16
f 7860 	39 	7936
f 7936 	39 	7937
f 39 	93 	7937
f 7932 	499 	50
f 50 	499 	20
f 50 	56 	7932
f 7932 	56 	7934
f 7918 	7933 	7921
f 7921 	7937 	7922
f 7941 	650 	628
f 7936 	7937 	7921
f 666 	7941 	628
f 7941 	7942 	650
f 7937 	7943 	7922
f 7942 	2765 	650
f 7942 	7944 	2765
f 7943 	7925 	7922
f 7943 	23 	7925
f 7942 	7959 	7944
f 7943 	7937 	93
f 2765 	7944 	2769
f 7944 	2493 	2769
f 93 	97 	7943
f 603 	7953 	609
f 7943 	97 	23
f 23 	7940 	7925
f 7941 	666 	7957
f 7940 	12 	3155
f 7958 	7942 	7941
f 23 	12 	7940
f 7958 	7959 	7942
f 7949 	2493 	7944
f 2604 	2493 	7949
f 7945 	7948 	7946
f 7947 	7948 	7945
f 7948 	7917 	7946
f 7939 	7960 	7947
f 7960 	7978 	7947
f 7978 	7948 	7947
f 7946 	7950 	7958
f 7950 	7919 	7951
f 7917 	7919 	7950
f 7959 	7951 	7949
f 2604 	7949 	7952
f 7951 	7952 	7949
f 7917 	7950 	7946
f 7919 	7923 	7951
f 7951 	7923 	7952
f 2403 	2634 	7952
f 603 	785 	7953
f 785 	7955 	7953
f 7953 	7954 	609
f 609 	7954 	666
f 7954 	7957 	666
f 7930 	785 	518
f 7930 	7955 	785
f 7953 	7956 	7954
f 7955 	7956 	7953
f 7956 	7945 	7954
f 7956 	7947 	7945
f 7955 	7930 	7938
f 7938 	7939 	7955
f 7939 	7956 	7955
f 7939 	7947 	7956
f 7957 	7958 	7941
f 7949 	7944 	7959
f 7945 	7957 	7954
f 7945 	7946 	7957
f 7957 	7946 	7958
f 7958 	7950 	7959
f 7950 	7951 	7959
f 7962 	7963 	7960
f 7961 	7971 	7962
f 7963 	7962 	7964
f 7965 	1440 	7966
f 7964 	7971 	7967
f 7964 	7968 	7983
f 7967 	7968 	7964
f 1439 	1440 	7965
f 1440 	7211 	7966
f 7966 	7211 	7967
f 7968 	7967 	7212
f 7967 	7211 	7212
f 7212 	7214 	7968
f 7968 	7214 	6971
f 7969 	7990 	10
f 74 	7969 	10
f 7969 	7970 	7990
f 7970 	7971 	7961
f 7962 	7971 	7964
f 7972 	74 	7857
f 7857 	1163 	7972
f 7969 	74 	7972
f 7970 	7969 	7965
f 7972 	7965 	7969
f 7965 	7966 	7970
f 7970 	7966 	7971
f 7966 	7967 	7971
f 1163 	1439 	7972
f 7972 	1439 	7965
f 2403 	7973 	2675
f 7974 	7985 	7975
f 7975 	7976 	7981
f 7976 	7977 	7973
f 2675 	7973 	7977
f 2708 	2675 	7977
f 7983 	7982 	7963
f 7976 	6967 	7977
f 6967 	7976 	6954
f 6967 	1602 	7977
f 7979 	7917 	7948
f 7978 	7979 	7948
f 7979 	7980 	7917
f 7981 	7919 	7980
f 7981 	7923 	7919
f 7973 	2403 	7923
f 7981 	7973 	7923
f 7960 	7963 	7978
f 7978 	7982 	7979
f 7963 	7982 	7978
f 7979 	7974 	7980
f 7974 	7979 	7982
f 7974 	7975 	7980
f 7980 	7975 	7981
f 7981 	7976 	7973
f 7983 	7963 	7964
f 7982 	7984 	7974
f 7983 	7984 	7982
f 7974 	7984 	7985
f 7975 	7985 	6954
f 7975 	6954 	7976
f 7983 	7968 	6971
f 6971 	7984 	7983
f 6971 	6983 	7984
f 6983 	7985 	7984
f 7985 	6986 	6954
f 6983 	6986 	7985
f 7986 	7935 	7934
f 56 	7986 	7934
f 7986 	7987 	7935
f 7935 	7987 	7938
f 7988 	7939 	7938
f 7987 	7988 	7938
f 7988 	7960 	7939
f 7988 	7962 	7960
f 7989 	56 	50
f 7989 	10 	56
f 7989 	74 	10
f 7986 	56 	10
f 7986 	7990 	7987
f 10 	7990 	7986
f 7987 	7990 	7961
f 7970 	7961 	7990
f 7987 	7961 	7988
f 7988 	7961 	7962
f 7892 	7989 	7884
f 74 	7989 	7892
# 15474 faces

g group_0_6306067

usemtl color_6306067
s 0

f 4804 	6387 	4805
f 4854 	4853 	6386
f 4851 	4852 	6386
f 4852 	4835 	6386
f 6387 	6386 	4835
f 4853 	4849 	6386
f 4849 	4851 	6386
f 6386 	4857 	4856
f 4856 	4854 	6386
f 4875 	4877 	6385
f 4878 	4876 	6385
f 6386 	6385 	4857
f 4878 	6385 	4883
f 4885 	4883 	6385
f 4900 	4898 	6384
f 4906 	4905 	6384
f 4897 	4885 	6384
f 6385 	6384 	4885
f 4900 	6384 	4901
f 4898 	4897 	6384
f 4905 	4901 	6384
f 4915 	4924 	6383
f 4919 	4906 	6383
f 4924 	4920 	6383
f 6384 	6383 	4906
f 4916 	4915 	6383
f 4920 	4919 	6383
f 6383 	4933 	4928
f 6383 	4928 	4927
f 6383 	4927 	4930
f 4930 	4916 	6383
f 4945 	4944 	6382
f 4944 	4941 	6382
f 4941 	4933 	6382
f 6383 	6382 	4933
f 6382 	4950 	4948
f 4945 	6382 	4948
f 4973 	4950 	6381
f 6382 	6381 	4950
f 4984 	4976 	6381
f 4976 	4975 	6381
f 4987 	4983 	6381
f 4975 	4973 	6381
f 5001 	5000 	6380
f 5000 	5003 	6380
f 5003 	5010 	6380
f 5010 	4987 	6380
f 6381 	6380 	4987
f 5006 	6379 	5017
f 5020 	6379 	5021
f 5018 	6379 	5020
f 5114 	5024 	6398
f 6379 	6398 	5024
f 6398 	5122 	5121
f 5115 	5114 	6398
f 5137 	6396 	5136
f 5143 	5142 	6396
f 5136 	6396 	5142
f 5153 	5150 	6396
f 5149 	5122 	6396
f 6398 	6396 	5122
f 5150 	5149 	6396
f 5153 	6396 	5137
f 5175 	5172 	6395
f 5171 	5143 	6395
f 5172 	5171 	6395
f 6396 	6395 	5143
f 5193 	5192 	6394
f 5192 	5195 	6394
f 5195 	5197 	6394
f 5177 	6394 	5197
f 5193 	6394 	5200
f 5201 	5200 	6394
f 5205 	6394 	5207
f 5201 	6394 	5205
f 5229 	5207 	6393
f 6394 	6393 	5207
f 5235 	5230 	6393
f 5230 	5229 	6393
f 5243 	5242 	6393
f 5242 	5245 	6393
f 6393 	5245 	5235
f 5246 	5243 	6391
f 6393 	6391 	5243
f 5251 	5248 	6391
f 5260 	6391 	5257
f 5251 	6391 	5260
f 6390 	5262 	6391
f 5274 	6390 	5277
f 5273 	5272 	6390
f 5262 	6390 	5272
f 5274 	5273 	6390
f 5277 	6390 	5279
f 5279 	6390 	3366
f 5294 	6412 	5297
f 5295 	6412 	5293
f 5293 	6412 	5294
f 5338 	5333 	6411
f 5338 	6411 	5339
f 5298 	6411 	5333
f 5345 	6411 	5350
f 5343 	6411 	5344
f 5339 	6411 	5343
f 5344 	6411 	5345
f 5367 	6410 	5368
f 5350 	6410 	5367
f 6409 	5374 	6410
f 5370 	6410 	5371
f 5369 	6410 	5370
f 5368 	6410 	5369
f 5371 	6410 	5374
f 5414 	6409 	5416
f 5466 	6389 	5468
f 3366 	6389 	5449
f 6424 	5469 	6389
f 5449 	6389 	5452
f 5452 	6389 	5466
f 5468 	6389 	5469
f 5523 	6424 	5524
f 6424 	5518 	5506
f 5506 	5469 	6424
f 5523 	5520 	6424
f 5518 	6424 	5520
f 5598 	6423 	5601
f 6423 	5598 	5597
f 6423 	5597 	5596
f 6423 	5596 	5526
f 6422 	5603 	6423
f 5603 	6422 	5630
f 5631 	6422 	5632
f 5630 	6422 	5631
f 5674 	6421 	5676
f 5635 	6421 	5673
f 5673 	6421 	5674
f 5676 	6421 	5678
f 5678 	6421 	5679
f 5679 	6420 	5705
f 6419 	5711 	6420
f 5706 	6420 	5707
f 5708 	6420 	5706
f 5705 	6420 	5708
f 5707 	6420 	5711
f 5748 	6419 	5750
f 5711 	6419 	5747
f 6418 	5754 	6419
f 5747 	6419 	5748
f 5750 	6419 	5754
f 5791 	6418 	5793
f 5791 	5790 	6418
f 5754 	6418 	5790
f 5793 	6418 	5795
f 5797 	5795 	6418
f 5852 	5851 	6375
f 5851 	5856 	6375
f 5869 	6375 	5867
f 5871 	6375 	5872
f 5867 	6375 	5871
f 5856 	5872 	6375
f 5878 	5882 	6375
f 5876 	6375 	5877
f 5876 	5878 	6375
f 5877 	6375 	5879
f 5887 	5879 	6375
f 5869 	5887 	6375
f 5888 	341 	6375
f 6376 	6375 	341
f 6374 	5976 	5975
f 5986 	5983 	6374
f 5986 	6374 	5987
f 5994 	5987 	6374
f 5994 	6374 	5991
f 5996 	5992 	6374
f 5996 	6374 	5980
f 5975 	5980 	6374
f 5991 	6374 	5992
f 5983 	5984 	6374
f 5984 	5852 	6374
f 6375 	6374 	5852
f 6075 	6070 	6372
f 6062 	6063 	6372
f 6063 	5976 	6372
f 6374 	6372 	5976
f 6065 	6061 	6372
f 6061 	6062 	6372
f 6069 	6072 	6372
f 6072 	6068 	6372
f 6068 	6065 	6372
f 6070 	6069 	6372
f 6372 	6371 	6077
f 6142 	6139 	6371
f 6146 	6145 	6371
f 6133 	6129 	6371
f 6138 	6371 	6139
f 6138 	6141 	6371
f 6141 	6146 	6371
f 6134 	6133 	6371
f 6145 	6134 	6371
f 6131 	6077 	6371
f 6129 	6131 	6371
f 6208 	6203 	6370
f 6209 	6208 	6370
f 6203 	6204 	6370
f 6204 	6216 	6370
f 6216 	6142 	6370
f 6371 	6370 	6142
f 6264 	6263 	6369
f 6263 	6209 	6369
f 6370 	6369 	6209
f 6369 	6280 	6271
f 6369 	6271 	6270
f 6270 	6277 	6369
f 6287 	6284 	6369
f 6287 	6369 	6277
f 6283 	6266 	6369
f 6264 	6369 	6266
f 6284 	6283 	6369
f 6330 	6328 	6368
f 6317 	6330 	6368
f 6331 	6324 	6368
f 6318 	6317 	6368
f 6369 	6368 	6280
f 6328 	6331 	6368
f 6324 	6280 	6368
f 4835 	4809 	6387
f 4805 	6387 	4807
f 4804 	6351 	6387
f 6357 	6353 	6387
f 6323 	6387 	6354
f 6352 	6357 	6387
f 6351 	6352 	6387
f 6353 	6354 	6387
f 4807 	6387 	4809
f 6323 	6368 	6387
f 4876 	4875 	6385
f 4983 	4984 	6381
f 5004 	5001 	6380
f 6370 	6371 	6369
f 6371 	6372 	6369
f 6372 	6374 	6369
f 6374 	6375 	6369
f 6375 	6376 	6369
f 6376 	6400 	6369
f 5024 	5021 	6379
f 5121 	5115 	6398
f 6380 	6387 	6379
f 6381 	6387 	6380
f 6382 	6387 	6381
f 6383 	6387 	6382
f 6384 	6387 	6383
f 6385 	6386 	6384
f 6387 	6384 	6386
f 6368 	6379 	6387
f 6393 	6368 	6391
f 6394 	6368 	6393
f 6390 	6391 	6368
f 6395 	6368 	6394
f 6396 	6368 	6395
f 6398 	6368 	6396
f 6379 	6368 	6398
f 6389 	6390 	6368
f 6402 	6403 	6369
f 6403 	6404 	6369
f 6401 	6402 	6369
f 6404 	6405 	6369
f 6368 	6369 	6405
f 6406 	6368 	6405
f 6400 	6401 	6369
f 6411 	6368 	6410
f 6409 	6410 	6368
f 6412 	6368 	6411
f 6408 	6409 	6368
f 6406 	6413 	6368
f 6413 	6414 	6368
f 6414 	6415 	6368
f 6416 	6368 	6415
f 6408 	6368 	6416
f 6389 	3366 	6390
f 6419 	6368 	6418
f 6420 	6368 	6419
f 6421 	6368 	6420
f 6422 	6368 	6421
f 6423 	6368 	6422
f 6424 	6368 	6423
f 6389 	6368 	6424
f 6412 	6418 	6368
f 6640 	6413 	6639
f 6634 	6413 	6640
f 6636 	6413 	6634
f 6844 	6406 	6845
f 6851 	6406 	6853
f 6845 	6406 	6851
f 6855 	6406 	6861
f 6854 	6406 	6855
f 6857 	6406 	6854
f 6853 	6406 	6857
f 6847 	6406 	6844
f 6876 	6406 	6877
f 6874 	6406 	6876
f 6643 	6406 	6874
f 6877 	6406 	6847
f 6974 	6405 	6973
f 6976 	6405 	6974
f 6973 	6405 	6978
f 6978 	6405 	6980
f 6980 	6405 	6984
f 6404 	6984 	6405
f 6991 	6405 	6992
f 6992 	6405 	6976
f 6991 	7002 	6405
f 7000 	6995 	6405
f 6995 	6994 	6405
f 6861 	6405 	6994
f 6998 	6405 	6996
f 7000 	6405 	6998
f 6996 	6405 	7002
f 7082 	6404 	7083
f 7078 	6404 	7082
f 7080 	6404 	7078
f 7101 	6404 	7103
f 7100 	6404 	7101
f 7106 	6404 	7107
f 7108 	6404 	7106
f 7103 	6404 	7108
f 7107 	6404 	7110
f 7110 	6404 	7111
f 7113 	6404 	7080
f 7116 	6404 	7113
f 7111 	6404 	7116
f 6403 	7083 	6404
f 6404 	7123 	6984
f 7124 	6404 	7125
f 7126 	6404 	7124
f 7125 	6404 	7100
f 7123 	6404 	7126
f 7201 	6403 	7202
f 7224 	7221 	6403
f 7203 	6403 	7201
f 7220 	6403 	7221
f 7227 	6403 	7228
f 7231 	6403 	7227
f 7224 	6403 	7231
f 7228 	6403 	7239
f 7239 	6403 	7236
f 7236 	6403 	7203
f 7267 	6403 	7244
f 7245 	7244 	6403
f 7246 	7245 	6403
f 7250 	7248 	6403
f 7248 	7246 	6403
f 7251 	7250 	6403
f 7083 	6403 	7253
f 7256 	6403 	7255
f 7253 	6403 	7257
f 7257 	6403 	7256
f 7255 	6403 	7259
f 7259 	6403 	7261
f 7261 	6403 	7263
f 7263 	6403 	7267
f 6401 	7314 	7313
f 7313 	7316 	6401
f 7311 	6402 	7316
f 7320 	6401 	7322
f 7314 	6401 	7320
f 7324 	6401 	7325
f 7326 	6401 	7324
f 7322 	6401 	7326
f 7329 	6401 	7330
f 7325 	6401 	7329
f 7331 	6401 	7335
f 7330 	6401 	7331
f 6401 	7341 	7337
f 6401 	7337 	7336
f 7339 	6401 	7336
f 7335 	6401 	7339
f 7345 	6402 	7347
f 6401 	7316 	6402
f 7202 	6402 	7342
f 7342 	6402 	7343
f 7348 	6402 	7354
f 7347 	6402 	7348
f 7351 	6402 	7350
f 7354 	6402 	7351
f 7357 	6402 	7359
f 7350 	6402 	7357
f 7361 	6402 	7360
f 7362 	6402 	7361
f 7365 	6402 	7311
f 7359 	6402 	7362
f 7360 	6402 	7365
f 7310 	7365 	7311
f 7384 	7387 	6400
f 7384 	6400 	7385
f 7387 	7388 	6400
f 7437 	6400 	7388
f 7392 	6400 	7393
f 7385 	6400 	7392
f 6400 	7395 	7394
f 7396 	6400 	7394
f 7396 	7393 	6400
f 7407 	7406 	6400
f 7400 	6400 	7402
f 7395 	6400 	7400
f 7406 	7402 	6400
f 7419 	7415 	6400
f 7411 	7341 	6400
f 7413 	7411 	6400
f 7432 	7427 	6400
f 7418 	7419 	6400
f 7415 	7413 	6400
f 7417 	7418 	6400
f 7423 	7417 	6400
f 7426 	7424 	6400
f 7435 	6400 	7437
f 7424 	7423 	6400
f 7430 	6400 	7431
f 7432 	6400 	7430
f 7427 	7426 	6400
f 7431 	6400 	7435
f 6401 	6400 	7341
f 7462 	6376 	7463
f 7463 	6376 	7466
f 7468 	6376 	7469
f 7466 	6376 	7468
f 341 	7470 	6376
f 7469 	6376 	7470
f 7484 	7483 	6376
f 7473 	7475 	6376
f 7475 	7407 	6376
f 7476 	7472 	6376
f 7472 	7473 	6376
f 7479 	7476 	6376
f 7483 	7480 	6376
f 7480 	7479 	6376
f 7484 	6376 	7462
f 6400 	6376 	7407
f 7517 	6408 	7519
f 7516 	6408 	7517
f 6416 	7522 	6408
f 7519 	6408 	7521
f 6408 	7516 	3451
f 7574 	7569 	6416
f 7522 	6416 	7569
f 7574 	6416 	7577
f 7577 	6416 	7578
f 7599 	6415 	7600
f 7598 	6415 	7597
f 7601 	6415 	7602
f 7600 	6415 	7601
f 7597 	6415 	7596
f 7579 	6415 	7598
f 7596 	6415 	7599
f 7635 	6414 	7639
f 7634 	6414 	7635
f 7636 	6414 	7634
f 7632 	6414 	7636
f 6413 	7639 	6414
f 6414 	7640 	7602
f 7640 	6414 	7644
f 7644 	6414 	7631
f 7631 	6414 	7632
f 6643 	6637 	6413
f 7682 	6413 	6636
f 6637 	6639 	6413
f 7639 	6413 	7682
f 5297 	6412 	5298
f 6410 	5350 	6411
f 6408 	3451 	6409
f 5417 	5416 	6409
f 5414 	5374 	6409
f 7699 	6409 	3451
f 5417 	6409 	7696
f 7696 	6409 	7699
f 5524 	6424 	5526
f 6423 	5526 	6424
f 5601 	6423 	5603
f 5635 	5632 	6422
f 6077 	6075 	6372
f 6323 	6318 	6368
f 5177 	5175 	6395
f 6395 	6394 	5177
f 5248 	5246 	6391
f 5258 	6391 	5262
f 5257 	6391 	5258
f 7220 	7251 	6403
f 7343 	6402 	7345
f 7521 	6408 	7522
f 7579 	7578 	6416
f 6414 	7602 	6415
f 5295 	5797 	6418
f 4877 	4857 	6385
f 6405 	6861 	6406
f 5882 	5888 	6375
f 5018 	5017 	6379
f 6402 	7202 	6403
f 7579 	6416 	6415
f 6411 	5298 	6412
f 6420 	5679 	6421
f 6643 	6413 	6406
f 5295 	6418 	6412
f 5635 	6422 	6421
f 5006 	5004 	6380
f 6380 	6379 	5006
# 502 faces

 #end of obj_0

